customer_id,age,monthly_income,employment_type,credit_score,existing_emi,loan_amount,loan_tenure,previous_default,loan_to_income,emi_to_income,default
1,59,118064.0,salaried,,41834.0,306807,36,1,0.2165541570673533,0.3543332429868546,1
2,49,141417.0,self_employed,622.0,32981.0,337399,18,0,0.19882039170208202,0.23321807137755715,0
3,35,131585.0,salaried,546.0,29789.0,163458,24,0,0.10351863814264543,0.22638598624463274,1
4,28,45346.0,salaried,645.0,14905.0,434703,6,0,0.798863185286464,0.3286949234772637,1
5,41,138152.0,salaried,502.0,30938.0,282360,24,0,0.1703196479240257,0.22394174532399097,0
6,59,126769.0,contract,,12300.0,387001,24,1,0.25440039231463,0.09702687565572024,1
7,39,117391.0,salaried,813.0,18202.0,323294,36,0,0.22949942215899571,0.15505447606716016,0
8,43,88143.0,salaried,826.0,3494.0,49910,12,0,0.04718657938425816,0.039640130242900744,1
9,31,51787.0,salaried,580.0,485.0,267493,12,0,0.4304378190150681,0.009365284723965474,0
10,31,48583.0,salaried,652.0,40312.0,485946,36,0,0.8335323055389745,0.8297552641870614,1
11,44,136943.0,contract,807.0,19399.0,447189,24,0,0.27212599402671184,0.14165747792877328,0
12,56,126233.0,salaried,798.0,44683.0,186482,18,0,0.12310700582784745,0.3539724160877108,1
13,60,29925.0,self_employed,566.0,36247.0,260798,6,0,0.7262545252018936,1.2112614870509608,1
14,44,98184.0,salaried,588.0,6929.0,304901,24,0,0.25878367826393983,0.07057157989081723,1
15,23,91515.0,self_employed,634.0,45174.0,211722,24,0,0.19279353111511774,0.49362399606621865,1
16,42,61069.0,salaried,701.0,28603.0,309567,6,1,0.4224279094139416,0.46837184168727175,0
17,22,115854.0,self_employed,678.0,45967.0,408481,18,0,0.2938188006744121,0.3967666200562777,1
18,44,69471.0,salaried,838.0,4937.0,491569,6,0,0.5896573150427277,0.07106562450518922,1
19,50,47705.0,self_employed,578.0,33431.0,121659,36,0,0.2125196520280893,0.700786081123572,0
20,58,143501.0,self_employed,584.0,39084.0,48742,6,0,0.028305261519664206,0.2723604713556003,0
21,22,131361.0,salaried,520.0,13074.0,265239,6,0,0.16826341151483318,0.09952725694840935,0
22,41,102273.0,self_employed,664.0,236.0,393974,24,0,0.32101499581186305,0.002307549402090483,1
23,53,38241.0,salaried,,23070.0,183939,24,0,0.40083287570931725,0.6032792029497137,1
24,32,65818.0,self_employed,736.0,11476.0,299127,12,0,0.3787299826795102,0.17435959767844664,1
25,42,,salaried,787.0,19727.0,307579,6,0,0.23886217426014458,0.18383702833925095,0
26,45,81920.0,salaried,684.0,39318.0,304312,36,0,0.3095621744791667,0.4799560546875,1
27,47,133642.0,self_employed,809.0,46632.0,354118,12,0,0.2208125689029896,0.3489322219062869,1
28,48,80453.0,salaried,654.0,18339.0,395984,6,0,0.4101607978157019,0.2279467515195207,1
29,36,37689.0,salaried,622.0,22539.0,133795,24,1,0.29583123280886553,0.5980259492159516,1
30,35,45844.0,contract,586.0,228.0,326995,36,0,0.5943980310036937,0.00497338801151732,1
31,23,110687.0,salaried,701.0,21444.0,309401,18,0,0.23293988152779158,0.19373548835906657,0
32,57,38365.0,salaried,539.0,27988.0,101475,12,0,0.22041574351622573,0.7295190929232374,1
33,27,113303.0,salaried,668.0,23199.0,174636,24,0,0.12844320097437845,0.2047518600566622,1
34,41,43523.0,self_employed,569.0,16092.0,63200,18,0,0.1210088152624283,0.36973554212715115,1
35,29,127105.0,contract,779.0,35654.0,453726,6,0,0.2974745289327721,0.2805082412178907,1
36,59,63888.0,contract,829.0,12451.0,143873,36,0,0.18766304574672343,0.1948879288755322,0
37,38,128884.0,self_employed,827.0,13991.0,56678,24,1,0.03664664866598388,0.10855497967164272,1
38,24,121968.0,salaried,526.0,12669.0,293917,24,1,0.200815651099742,0.10387150728059819,1
39,45,65110.0,salaried,844.0,6874.0,164406,36,0,0.21042082629396405,0.10557518046383044,0
40,34,146565.0,salaried,,29253.0,48701,24,0,0.027690217082295684,0.19959062531982397,1
41,29,97001.0,salaried,776.0,23989.0,490384,24,1,0.42128775304721944,0.24730672879661034,1
42,46,54767.0,salaried,794.0,19203.0,369884,6,0,0.5628145902946422,0.3506308543465956,0
43,22,44550.0,self_employed,787.0,2989.0,99468,12,0,0.18606060606060607,0.06709315375982043,1
44,40,149042.0,self_employed,753.0,42046.0,68528,18,0,0.038315821491033845,0.2821083989747856,1
45,48,113315.0,salaried,584.0,7138.0,21376,36,0,0.015720190030740266,0.06299254291135331,0
46,27,110494.0,contract,508.0,34761.0,241755,18,0,0.1823289047369088,0.31459626767064275,1
47,28,142424.0,contract,549.0,28917.0,491105,36,0,0.287349159317718,0.203034600909959,1
48,55,128855.0,self_employed,500.0,35813.0,341701,36,0,0.22098547462910506,0.2779325598540996,0
49,34,97681.0,salaried,503.0,6193.0,144395,24,0,0.12318584644574346,0.06340025184017363,1
50,37,116489.0,salaried,503.0,16157.0,425132,6,0,0.3041288590911302,0.13869979139661257,1
51,56,145546.0,salaried,589.0,18376.0,237651,36,0,0.13606866557651875,0.126255616780949,0
52,60,43900.0,salaried,661.0,19983.0,388819,18,1,0.7380770690964313,0.45519362186788154,1
53,24,29126.0,salaried,654.0,47027.0,247871,12,0,0.7091916729611573,1.6146055071070522,1
54,22,126198.0,contract,514.0,34073.0,86261,18,0,0.056961415130720505,0.26999635493430957,0
55,26,94303.0,salaried,531.0,22747.0,213288,6,0,0.1884775669915061,0.24121183843568073,1
56,24,82061.0,salaried,562.0,31626.0,463408,12,0,0.4705930141398878,0.38539622963405273,1
57,49,31978.0,salaried,607.0,38235.0,353949,24,1,0.9223763212208393,1.1956657702170241,1
58,38,71344.0,salaried,513.0,4459.0,200305,18,0,0.23396618262689692,0.0625,1
59,46,61648.0,salaried,522.0,5087.0,211527,18,0,0.2859338502465611,0.08251686997145082,0
60,54,16055.0,salaried,610.0,14898.0,337031,36,0,1.749356379113464,0.9279352226720647,1
61,30,90582.0,contract,820.0,41001.0,248570,36,0,0.22867861900451156,0.45263959727098096,0
62,56,96214.0,salaried,659.0,14758.0,195050,12,0,0.168937645942032,0.15338724094206665,0
63,34,122954.0,self_employed,540.0,47238.0,365269,24,0,0.2475648074347588,0.3841924622216439,1
64,51,,salaried,781.0,15121.0,114079,36,0,0.17694896851248643,0.2814518380642159,1
65,35,68380.0,salaried,803.0,17666.0,460757,18,0,0.5615153066198694,0.258350394852296,0
66,28,68333.0,salaried,643.0,46270.0,314555,12,0,0.3836055297830721,0.6771252542695331,1
67,34,57459.0,self_employed,787.0,,246993,36,0,0.3582162933570024,0.5569014427678867,1
68,43,131518.0,self_employed,652.0,47851.0,157745,36,1,0.0999514641848771,0.36383612889490413,0
69,60,51163.0,salaried,581.0,48915.0,304300,6,0,0.4956381239046446,0.9560619979281902,1
70,41,99730.0,salaried,725.0,48993.0,49856,12,1,0.041659146361843646,0.49125639225909956,1
71,36,34476.0,salaried,651.0,38877.0,361902,12,0,0.8747679545190857,1.1276540201879568,1
72,38,,self_employed,758.0,34888.0,146677,24,0,0.14624411741245913,0.41742043551088776,1
73,44,120576.0,salaried,817.0,44105.0,321054,36,0,0.22188909899150744,0.36578589437367304,0
74,46,,salaried,578.0,27258.0,317893,12,0,0.26075697472594894,0.26830588721663895,1
75,45,124071.0,salaried,,,473341,24,1,0.31792347392487635,0.11197620717170008,1
76,49,129832.0,salaried,722.0,20880.0,48421,36,0,0.031079266539322612,0.16082321769671576,1
77,35,83682.0,self_employed,765.0,31712.0,458828,18,0,0.4569162623582929,0.37895843789584377,1
78,21,106713.0,salaried,,29943.0,383894,6,0,0.29978696753597656,0.28059374209327825,1
79,45,119060.0,salaried,649.0,5306.0,173312,24,0,0.12130578419844336,0.044565765160423314,0
80,27,98030.0,salaried,635.0,28300.0,202605,6,0,0.17223043966132817,0.28868713659083955,1
81,29,135360.0,salaried,622.0,24107.0,93775,18,1,0.05773185086682427,0.17809544917257683,1
82,44,100973.0,salaried,609.0,38646.0,395918,12,0,0.3267523661440847,0.3827359789250592,1
83,21,51731.0,self_employed,642.0,10709.0,417224,36,0,0.6721050562847551,0.20701320291507994,1
84,28,129360.0,salaried,569.0,32481.0,494706,12,0,0.3186881570810142,0.2510899814471243,1
85,44,16750.0,salaried,553.0,14914.0,307182,6,0,1.5282686567164179,0.8903880597014925,1
86,31,80018.0,salaried,831.0,31175.0,418409,12,1,0.43574466578353205,0.3895998400359919,1
87,37,101984.0,self_employed,539.0,28412.0,224342,12,0,0.18331470295994143,0.2785927204267336,0
88,28,122983.0,salaried,696.0,16151.0,464732,24,0,0.3149026017146001,0.13132709398860004,0
89,55,43451.0,self_employed,526.0,5009.0,394785,24,0,0.7571459805297922,0.1152792801086281,1
90,55,108743.0,salaried,829.0,20246.0,306449,18,0,0.23484193618593074,0.18618209907764177,1
91,53,86474.0,self_employed,798.0,49280.0,341907,24,0,0.3294892106297847,0.5698822767537063,1
92,25,27150.0,self_employed,679.0,1345.0,267553,24,0,0.82121853898097,0.049539594843462244,1
93,59,28406.0,salaried,545.0,10628.0,378219,24,1,1.109563120467507,0.37414630711821445,1
94,48,131047.0,salaried,641.0,43793.0,61993,24,0,0.03942160700613775,0.3341778140667089,1
95,27,138971.0,contract,819.0,39900.0,409542,18,1,0.2455800130962575,0.2871102604140432,1
96,29,118157.0,contract,597.0,21026.0,60193,24,0,0.04245269711767676,0.17794967712450382,1
97,28,33325.0,self_employed,625.0,45464.0,320664,24,0,0.8018604651162791,1.3642610652663165,1
98,32,109415.0,self_employed,557.0,29289.0,436576,6,0,0.33250773050617677,0.2676872458072476,1
99,54,32669.0,salaried,676.0,29432.0,276961,24,0,0.7064827002152907,0.9009152407481098,1
100,53,142385.0,salaried,706.0,,186614,18,0,0.10921913591085203,0.13770411209045896,0
101,43,87010.0,contract,784.0,19860.0,53243,18,0,0.0509931808604375,0.22824962647971497,0
102,44,147915.0,self_employed,653.0,5097.0,499476,12,1,0.2813981002602846,0.03445897981949093,1
103,57,65812.0,salaried,526.0,27114.0,142192,24,0,0.1800482181567698,0.411991734030268,1
104,55,31059.0,salaried,822.0,13473.0,162003,36,0,0.4346646704658875,0.43378730802665894,1
105,60,101269.0,salaried,662.0,42395.0,40967,12,0,0.03371136938911875,0.41863749024874347,1
106,42,40395.0,salaried,749.0,24831.0,214347,18,0,0.44218962742913726,0.6147047901968066,1
107,47,35202.0,salaried,687.0,22106.0,259393,12,0,0.6140583868340814,0.6279756831998182,1
108,55,118235.0,salaried,833.0,10609.0,213608,36,0,0.1505532766665257,0.08972808390070622,0
109,21,60510.0,salaried,589.0,4746.0,77040,6,0,0.10609816559246406,0.07843331680713932,1
110,55,102945.0,self_employed,630.0,30384.0,392396,36,0,0.31764210662651576,0.2951478945067755,1
111,57,85649.0,self_employed,797.0,16459.0,25023,12,0,0.024346460554122058,0.19216803465306076,0
112,34,121723.0,self_employed,512.0,31288.0,246308,24,1,0.16862603342561938,0.25704262957699037,1
113,23,17881.0,self_employed,528.0,36379.0,386029,6,0,1.7990651156721287,2.034505900117443,1
114,21,60913.0,salaried,764.0,8001.0,239352,36,0,0.327450626303088,0.13135127148556136,0
115,25,126860.0,self_employed,531.0,36160.0,131829,24,0,0.0865974302380577,0.28503862525618795,1
116,46,99785.0,salaried,649.0,10184.0,393694,36,0,0.32878522155968665,0.10205942776970486,1
117,34,77457.0,contract,585.0,12949.0,103268,18,0,0.11110250418511776,0.16717662703177247,0
118,59,20741.0,salaried,557.0,37879.0,382805,24,0,1.5380365781142022,1.8262860999951787,1
119,47,112091.0,contract,556.0,44338.0,226885,18,0,0.16867619463947447,0.39555361268968964,1
120,29,43690.0,salaried,524.0,6119.0,287144,6,1,0.5476920729381247,0.1400549324788281,1
121,35,47833.0,salaried,689.0,35162.0,49756,6,0,0.08668353089568569,0.7350991992975561,1
122,35,117566.0,salaried,,34184.0,57982,6,1,0.04109890047576113,0.29076433662793666,1
123,46,86240.0,salaried,838.0,7843.0,280328,6,0,0.2708797155225727,0.0909438775510204,0
124,33,121898.0,salaried,724.0,26805.0,468276,18,1,0.32012830399186204,0.21989696303466832,1
125,52,92711.0,salaried,682.0,8431.0,164931,18,0,0.1482483200483222,0.0909385078361791,0
126,59,54023.0,self_employed,653.0,18161.0,73760,12,0,0.11377869919602145,0.33617163060178074,1
127,52,55209.0,salaried,768.0,39082.0,31734,12,0,0.04789979894582405,0.7078918292307413,1
128,24,108590.0,salaried,777.0,38532.0,280310,18,0,0.21511342358105412,0.3548393038032968,0
129,50,101612.0,salaried,839.0,48720.0,235438,6,0,0.19308579039221088,0.4794709286304767,0
130,57,95522.0,salaried,522.0,28836.0,410701,12,0,0.3582952967204763,0.3018781013797869,1
131,43,126654.0,self_employed,513.0,36926.0,357472,24,0,0.23520246761518257,0.2915502076523442,1
132,59,134107.0,salaried,593.0,4146.0,104997,18,0,0.0652445435361316,0.030915612160439053,0
133,35,37462.0,contract,842.0,19015.0,107975,24,0,0.2401878347836919,0.507581015428968,1
134,49,,salaried,551.0,,486850,6,0,1.2361242294059698,0.9372657749611529,1
135,56,107889.0,self_employed,838.0,44866.0,215664,18,0,0.16657861320431183,0.4158533307380734,1
136,33,103952.0,self_employed,540.0,43970.0,30428,12,0,0.024392668411061514,0.42298368477758963,1
137,52,133066.0,self_employed,663.0,5440.0,193718,12,0,0.121316990566085,0.040881968346534805,0
138,27,94364.0,salaried,505.0,19773.0,41139,24,0,0.03633006231189861,0.2095396549531601,0
139,42,85077.0,salaried,637.0,48343.0,228923,18,0,0.22423118665052444,0.568226430175018,1
140,48,55644.0,salaried,598.0,12268.0,460996,6,0,0.6903948913329979,0.22047300697289915,1
141,22,77643.0,self_employed,840.0,25790.0,487078,36,0,0.5227751804197845,0.3321613023711088,1
142,26,28311.0,salaried,723.0,49821.0,447773,36,0,1.3180183203230782,1.7597753523365476,1
143,48,144466.0,contract,815.0,19945.0,48976,6,0,0.02825116867175206,0.13806016640593635,0
144,48,45531.0,salaried,529.0,21925.0,456718,12,0,0.8359103321546492,0.48154004963651137,1
145,40,29588.0,salaried,724.0,7658.0,295155,36,0,0.8312914019196972,0.25882114370690823,1
146,50,64416.0,salaried,825.0,25191.0,293687,6,0,0.3799353680245074,0.39106743666169896,1
147,31,36711.0,salaried,760.0,37426.0,142636,24,0,0.3237812463112782,1.0194764511999128,1
148,48,131348.0,contract,746.0,7421.0,330286,12,0,0.20954893362162602,0.0564987666351981,0
149,45,37076.0,salaried,578.0,9322.0,403574,6,0,0.9070872442190815,0.25142949617002913,1
150,59,99274.0,salaried,684.0,22014.0,485814,24,0,0.4078056691580877,0.22174990430525615,1
151,53,72609.0,salaried,798.0,5355.0,49563,18,0,0.05688344420113209,0.0737511878692724,0
152,21,73480.0,salaried,679.0,9713.0,136958,36,0,0.1553234440210488,0.13218562874251497,1
153,47,22044.0,salaried,576.0,,249188,36,0,0.9420099195548297,1.8499364906550535,1
154,33,70486.0,salaried,761.0,20835.0,162938,36,0,0.19263636277653245,0.2955906137388985,0
155,23,70162.0,self_employed,728.0,35432.0,226827,6,0,0.26940865425729027,0.5050027080185856,1
156,59,44882.0,salaried,501.0,37630.0,61787,18,0,0.1147211948368314,0.8384207477385143,1
157,26,69078.0,salaried,516.0,24879.0,280361,6,1,0.3382179082582974,0.360158082167984,1
158,28,73734.0,salaried,843.0,44939.0,421202,6,0,0.476037739260947,0.6094745978788618,1
159,47,123730.0,self_employed,511.0,10086.0,422751,18,0,0.284726824537299,0.0815162046391336,1
160,29,102985.0,self_employed,681.0,34283.0,321308,24,1,0.2599957922674823,0.3328931397776375,1
161,57,59028.0,contract,833.0,583.0,270054,12,0,0.38125127058345193,0.00987666869960019,1
162,53,113938.0,self_employed,506.0,31860.0,39511,36,0,0.028898026412025254,0.2796257613789956,1
163,44,133319.0,contract,745.0,46721.0,240063,18,0,0.15005550596689143,0.350445172856082,1
164,35,47543.0,salaried,656.0,26622.0,332757,24,1,0.5832562101676377,0.5599562501314599,1
165,52,139279.0,salaried,673.0,49271.0,267534,18,1,0.16007079315618292,0.3537575657493233,1
166,52,,salaried,828.0,40676.0,58344,12,0,0.10959830485550696,0.9169108696632253,0
167,44,57915.0,salaried,833.0,30173.0,164860,18,0,0.23721545943768166,0.5209876543209877,1
168,32,66370.0,self_employed,680.0,44525.0,62330,18,0,0.0782607603837075,0.6708603284616543,1
169,59,126375.0,self_employed,780.0,44262.0,323589,24,1,0.21337883283877349,0.3502433234421365,1
170,22,84812.0,salaried,808.0,16255.0,371060,36,0,0.3645907025735352,0.1916591991699288,1
171,23,49017.0,salaried,736.0,4459.0,446346,36,1,0.758828569679907,0.09096843952098252,1
172,57,71792.0,self_employed,656.0,21949.0,28133,24,0,0.032655681227249087,0.3057304435034544,0
173,37,144198.0,salaried,,1968.0,417017,24,0,0.24099791028077136,0.013647900803062456,1
174,22,32629.0,salaried,720.0,35299.0,85747,6,0,0.21899486142184355,1.0818290477795827,0
175,22,143614.0,self_employed,837.0,29621.0,352476,6,0,0.20452741376188951,0.20625426490453577,0
176,48,,salaried,722.0,39157.0,191854,12,0,0.1428122673812714,0.3497722197409558,1
177,43,,contract,710.0,8955.0,305548,6,0,0.3189609456880749,0.11217727893372083,0
178,57,25588.0,contract,836.0,27254.0,153733,6,0,0.5006676306602053,1.0651086446771925,0
179,52,146514.0,salaried,,28387.0,78259,18,0,0.04451167351470394,0.19374940278744693,0
180,53,120280.0,salaried,831.0,31084.0,177108,18,0,0.12270535417359495,0.2584303292317925,0
181,21,55721.0,self_employed,758.0,901.0,163502,24,0,0.2445248051303219,0.01616984619802229,0
182,39,25599.0,salaried,534.0,30905.0,424764,36,0,1.3827493261455526,1.207273721629751,1
183,22,87594.0,salaried,682.0,26094.0,168549,12,1,0.16035059478959746,0.2978971162408384,1
184,46,149011.0,contract,802.0,38733.0,460143,6,0,0.25733167350061403,0.2599338303883606,0
185,52,37149.0,salaried,660.0,36024.0,355424,18,0,0.7972937809003383,0.9697165468787854,1
186,26,142616.0,salaried,592.0,38274.0,455909,36,0,0.2663965941175371,0.2683710102653279,1
187,52,124034.0,salaried,696.0,30999.0,185391,6,0,0.1245565731976716,0.24992340809777963,0
188,24,35951.0,salaried,814.0,44946.0,291669,36,0,0.6760799421434731,1.2502016633751496,1
189,31,61766.0,salaried,705.0,1693.0,94592,18,0,0.1276214530108258,0.02740990188776997,0
190,37,72014.0,salaried,517.0,34897.0,308006,24,0,0.3564191222077189,0.4845863304357486,1
191,58,102122.0,salaried,733.0,36779.0,433755,6,0,0.3539516460703864,0.36014766651651947,1
192,44,24308.0,salaried,832.0,1365.0,221225,6,1,0.758409439964895,0.05615435247655093,1
193,25,74252.0,contract,565.0,8387.0,143188,12,0,0.16070049740523262,0.11295318644615633,1
194,54,98211.0,self_employed,743.0,6203.0,381991,6,0,0.3241244191926906,0.06315993116860637,0
195,26,141534.0,salaried,775.0,32918.0,201629,18,1,0.11871646859882902,0.23258015741800556,0
196,42,23720.0,salaried,698.0,5180.0,403316,36,0,1.4169336706014615,0.21838111298482293,1
197,31,141204.0,salaried,517.0,30342.0,25721,36,0,0.015179574705154717,0.21488059828333475,1
198,36,,salaried,,33098.0,431172,24,1,0.3782489236048972,0.34842567347067677,1
199,53,62113.0,self_employed,654.0,27686.0,300529,24,0,0.4032019598688412,0.4457359972952522,1
200,29,63926.0,salaried,669.0,44649.0,111011,18,0,0.14471289720405886,0.6984482057378845,0
201,26,40905.0,salaried,821.0,7400.0,299635,36,1,0.6104286354561382,0.18090697958684757,1
202,36,65385.0,salaried,781.0,43908.0,421391,24,0,0.5370638015854808,0.6715301674696031,1
203,49,45653.0,self_employed,650.0,27817.0,269065,24,0,0.4911415095028439,0.6093137362276302,1
204,23,106865.0,contract,760.0,10587.0,41241,12,0,0.0321597342441398,0.09906891872923783,0
205,40,140813.0,salaried,579.0,34812.0,392975,12,0,0.23256316296554058,0.24722149233380442,0
206,56,30052.0,salaried,605.0,38413.0,109191,18,0,0.30278350858511915,1.278217755889791,1
207,39,36381.0,salaried,510.0,22938.0,441586,18,0,1.0114849326113446,0.6304939391440587,1
208,46,98108.0,salaried,707.0,19983.0,57088,18,0,0.04849077886954513,0.20368369551922372,0
209,23,64892.0,salaried,629.0,23425.0,311094,18,0,0.39950224989212846,0.3609844048573014,1
210,39,106501.0,contract,670.0,5010.0,435112,36,0,0.34046002697940236,0.04704181181397358,1
211,40,98391.0,salaried,532.0,7848.0,443589,6,0,0.3757025540953949,0.07976339299326157,0
212,52,32920.0,self_employed,523.0,22029.0,179532,18,0,0.4544653705953827,0.6691676792223572,1
213,27,31702.0,contract,696.0,44974.0,194508,12,0,0.5112926629234749,1.418648665699325,1
214,53,,salaried,545.0,47346.0,323505,6,1,1.5957588492956079,2.8025334438262104,1
215,60,45985.0,self_employed,773.0,16190.0,407117,6,1,0.7377713747236417,0.3520713276068283,1
216,59,140702.0,self_employed,730.0,49113.0,329761,36,0,0.1953069845015233,0.3490568719705477,0
217,38,88527.0,salaried,632.0,32026.0,432847,24,0,0.40745290514005145,0.36176533712878556,0
218,60,143676.0,salaried,763.0,43630.0,424479,6,0,0.24620152287090397,0.3036693671872825,1
219,21,57235.0,salaried,584.0,17959.0,23856,36,0,0.03473399143880493,0.31377653533676947,1
220,31,39976.0,self_employed,812.0,39491.0,392341,36,0,0.8178678040157428,0.9878677206323794,1
221,48,97643.0,salaried,504.0,5754.0,193839,36,0,0.16543172577655335,0.05892895548067962,0
222,45,122631.0,salaried,768.0,2213.0,390029,18,0,0.26504241722457345,0.018046007942526768,1
223,43,71697.0,salaried,838.0,9855.0,189132,24,0,0.21982788680140034,0.13745344993514372,0
224,51,85382.0,salaried,720.0,8555.0,139087,18,0,0.1357497286703677,0.10019676278372491,1
225,50,31651.0,salaried,693.0,48279.0,411319,12,0,1.0829541983928892,1.5253546491422072,1
226,55,29633.0,salaried,,5544.0,300926,24,0,0.8462581131396304,0.18708871865825263,1
227,27,94164.0,salaried,568.0,21137.0,377056,18,0,0.33368732565877973,0.22447007348880677,1
228,36,15569.0,salaried,787.0,36400.0,405115,24,0,2.1683848245445008,2.337979317875265,1
229,46,,salaried,675.0,5588.0,298512,12,0,0.3014943824310075,0.06772594504841896,0
230,22,138425.0,self_employed,824.0,39426.0,50825,18,1,0.030597194630064415,0.2848184937691891,1
231,21,116126.0,self_employed,,25850.0,493828,24,0,0.3543765679807565,0.22260303463479325,0
232,32,142522.0,self_employed,678.0,9637.0,123526,12,0,0.07222627617724516,0.06761763096223741,1
233,25,48038.0,contract,755.0,4827.0,366243,36,0,0.6353355676755902,0.10048295099712727,0
234,57,53138.0,salaried,710.0,,47392,24,0,0.07432220507609118,0.5181414430351161,1
235,52,125740.0,salaried,726.0,,414528,12,0,0.2747256243041196,0.30941625576586607,0
236,29,126174.0,salaried,571.0,11648.0,311273,36,0,0.20558448386091166,0.09231695911994547,1
237,55,64272.0,contract,564.0,38747.0,245213,12,0,0.3179365301634719,0.6028597211849639,1
238,39,66455.0,self_employed,665.0,,143778,6,1,0.18029493642314348,0.2368219095628621,1
239,36,83447.0,salaried,713.0,13539.0,39556,12,0,0.03950211910953459,0.162246695507328,1
240,23,92108.0,salaried,516.0,,498228,18,0,0.45076432014591566,0.11244408737568941,1
241,40,53333.0,salaried,835.0,25585.0,323352,18,0,0.505240657754111,0.4797217482609266,1
242,44,136219.0,salaried,672.0,15594.0,374495,18,0,0.22910105540832532,0.11447742238601076,0
243,53,98029.0,salaried,628.0,38055.0,301160,18,0,0.2560126765208935,0.3882014505911516,1
244,44,54697.0,contract,502.0,43779.0,187224,6,0,0.28524416329963254,0.8003912463206392,1
245,31,32634.0,salaried,747.0,48033.0,171719,6,0,0.4384971706400278,1.4718698290126861,1
246,28,140520.0,contract,569.0,41655.0,361565,6,0,0.21442084163582883,0.2964346712211785,1
247,56,39561.0,salaried,551.0,4617.0,345802,36,0,0.728415190044067,0.11670584666717221,1
248,58,70063.0,salaried,758.0,42342.0,56472,24,0,0.06716812012046301,0.6043418066597205,1
249,60,40921.0,self_employed,738.0,10687.0,66295,18,1,0.1350060686037324,0.2611617506903546,1
250,40,34340.0,salaried,,6796.0,222236,24,1,0.539303047951854,0.1979033197437391,1
251,55,77781.0,salaried,,39801.0,365261,18,0,0.3913348589844135,0.5117059436109076,0
252,45,29901.0,self_employed,574.0,6747.0,456167,18,0,1.271325931128279,0.22564462726999096,1
253,55,25638.0,self_employed,590.0,46176.0,264247,18,0,0.8589041006838807,1.8010765270301896,1
254,45,59324.0,salaried,585.0,7936.0,237495,6,0,0.3336128716876812,0.1337738520666172,1
255,49,103356.0,salaried,505.0,32293.0,421908,36,0,0.3401737683346879,0.3124443670420682,1
256,38,47642.0,salaried,729.0,17142.0,258729,18,0,0.45255761722849586,0.35980857226816676,1
257,38,40378.0,contract,850.0,34047.0,142978,18,1,0.29508230554592435,0.8432066967160334,1
258,22,65867.0,contract,816.0,49593.0,362851,18,0,0.4590702982272357,0.7529263515872895,1
259,55,88686.0,salaried,542.0,12696.0,432728,12,0,0.40661058866863614,0.14315675529395847,1
260,36,57875.0,salaried,811.0,13097.0,218902,18,0,0.31519366450683944,0.22629805615550755,1
261,56,133171.0,contract,697.0,6228.0,297163,6,0,0.18595327311001145,0.0467669387479256,1
262,53,115061.0,salaried,802.0,48056.0,405736,6,1,0.2938557229064004,0.4176567212174412,1
263,24,79377.0,salaried,681.0,28149.0,23914,24,0,0.025105929089450765,0.35462413545485466,0
264,53,69691.0,salaried,668.0,14141.0,274058,6,0,0.32770611221917706,0.20290998837726534,1
265,34,64063.0,salaried,702.0,20354.0,108908,24,0,0.14166783738923663,0.3177184958556421,1
266,41,106782.0,self_employed,693.0,45597.0,363962,36,0,0.28403819620035836,0.4270101702534135,1
267,40,93343.0,salaried,530.0,1526.0,445245,12,0,0.3974990090312075,0.016348306782511812,1
268,28,98071.0,salaried,601.0,32958.0,44621,6,0,0.037915557776168965,0.33606264848935974,0
269,27,136399.0,contract,563.0,1873.0,232966,18,0,0.1423311998866072,0.013731772227069113,0
270,23,46357.0,salaried,845.0,7958.0,260011,36,0,0.4674069360254834,0.1716677092995664,0
271,37,47314.0,salaried,590.0,,248471,18,0,0.4376276930013668,0.23686435304561018,1
272,53,85283.0,self_employed,749.0,7368.0,55899,24,0,0.05462108509316042,0.08639470937936049,0
273,32,74567.0,self_employed,682.0,7489.0,344754,24,0,0.38528437512572583,0.10043316748695803,1
274,42,62006.0,salaried,801.0,40636.0,342151,12,0,0.459835876098012,0.6553559332967778,1
275,42,,salaried,850.0,24833.0,492643,36,0,0.5359055861594827,0.3241652089914628,1
276,50,33891.0,salaried,779.0,8346.0,45525,24,0,0.11193974801569738,0.24626006904487918,1
277,58,116732.0,salaried,704.0,38374.0,162832,18,1,0.11624347508252521,0.3287359078915807,1
278,58,44877.0,salaried,588.0,45053.0,309441,6,0,0.5746094881565167,1.003921830781915,1
279,28,29026.0,salaried,792.0,20286.0,187638,6,0,0.5387066767725488,0.6988906497622821,1
280,47,35422.0,salaried,784.0,43235.0,369301,36,0,0.8688126964410066,1.2205691378239512,1
281,47,48481.0,self_employed,,39428.0,427788,36,0,0.7353189909449063,0.8132670530723376,1
282,54,104180.0,salaried,629.0,45129.0,391929,24,1,0.3135030716068343,0.4331829525820695,1
283,41,124384.0,salaried,747.0,18796.0,117403,6,1,0.07865628483835005,0.15111268330331876,1
284,50,,salaried,639.0,49175.0,139412,12,0,0.15907856481037733,0.6733441963002013,1
285,53,147818.0,salaried,688.0,47566.0,113446,12,0,0.06395590072476513,0.32178760367478926,1
286,48,98127.0,self_employed,590.0,40726.0,331121,12,0,0.2812010625685761,0.415033578933423,1
287,53,107254.0,self_employed,555.0,3160.0,181961,12,0,0.14137856552358577,0.029462770619277604,0
288,25,83232.0,self_employed,,28181.0,197859,24,0,0.19809988946559015,0.33858371780084584,0
289,39,95224.0,self_employed,833.0,3371.0,280916,18,0,0.245837884006833,0.03540073930941779,0
290,24,44960.0,salaried,826.0,42020.0,141223,12,0,0.26175674673784105,0.9346085409252669,1
291,55,102695.0,self_employed,664.0,46553.0,457397,24,0,0.3711613678043397,0.45331320901699207,0
292,37,145066.0,salaried,535.0,36119.0,432917,12,0,0.24868967688270627,0.24898322143024554,0
293,48,17693.0,salaried,829.0,33228.0,458772,12,0,2.1607980557282542,1.8780308596620132,1
294,50,130313.0,self_employed,528.0,46248.0,259385,18,0,0.16587306459575535,0.3548993577003062,1
295,49,43810.0,self_employed,579.0,2117.0,302572,12,0,0.5755383093662025,0.048322300844556035,1
296,26,35092.0,self_employed,,6356.0,273118,24,0,0.6485761237129071,0.18112390288384816,1
297,55,73105.0,self_employed,532.0,34374.0,104141,24,0,0.11871167042837927,0.47020039668969293,1
298,57,43555.0,contract,592.0,32839.0,298388,6,0,0.5709026900853327,0.7539662495695099,1
299,44,86934.0,salaried,611.0,45883.0,311408,36,0,0.29850998075168134,0.5277911979202613,1
300,49,87788.0,contract,708.0,30899.0,57035,12,0,0.05414084688871676,0.3519729347974666,1
301,51,92257.0,salaried,693.0,6351.0,192989,12,0,0.17432191233908176,0.06884030480071973,1
302,55,32939.0,self_employed,763.0,12464.0,205128,24,0,0.5189592883815538,0.3783964297641094,1
303,53,143068.0,self_employed,746.0,706.0,303246,12,0,0.1766327900019571,0.0049347163586546255,1
304,41,15036.0,salaried,617.0,15660.0,106734,24,0,0.5915469539771215,1.0415003990422984,1
305,52,108948.0,self_employed,727.0,18312.0,178033,6,0,0.13617582088090954,0.16808018504240554,0
306,43,98707.0,salaried,508.0,2798.0,242618,12,0,0.20483012011981588,0.028346520510196847,1
307,53,54051.0,contract,698.0,25753.0,27237,6,0,0.04199274759023885,0.4764574198442212,1
308,23,95738.0,salaried,776.0,41113.0,285128,6,0,0.24818428071055032,0.42943240928367,1
309,38,88596.0,salaried,628.0,49181.0,205860,36,0,0.19363176667118154,0.5551153550950382,0
310,45,75071.0,salaried,801.0,29722.0,39640,24,0,0.044002788471358224,0.39591853045783326,0
311,51,145613.0,salaried,561.0,,281835,6,0,0.16129226099318056,0.14734261364026563,1
312,23,88601.0,salaried,501.0,3311.0,439228,24,0,0.4131142236919824,0.03736978137944267,1
313,60,44873.0,salaried,830.0,29362.0,450457,36,0,0.8365405329114018,0.6543355692732824,1
314,44,86468.0,salaried,671.0,47201.0,289323,24,0,0.27883436647083315,0.5458782439746496,1
315,52,41470.0,salaried,744.0,41196.0,332728,36,0,0.6686118479221927,0.9933928140824693,1
316,42,23328.0,salaried,587.0,48974.0,324878,12,1,1.1605438385916782,2.0993655692729765,1
317,43,136173.0,salaried,582.0,26761.0,380865,36,0,0.23307667452431832,0.19652207118885534,1
318,22,61638.0,contract,504.0,12917.0,370538,36,1,0.5009599056858864,0.20956228300723578,1
319,47,26268.0,salaried,848.0,41577.0,479734,36,0,1.5219214760672046,1.582800365463682,1
320,22,128920.0,salaried,538.0,17955.0,173879,18,1,0.11239463750129279,0.13927241700279244,1
321,46,125379.0,salaried,821.0,30311.0,365202,6,0,0.24273203646543678,0.24175499884350649,1
322,37,22887.0,salaried,800.0,18821.0,324337,24,1,1.180936048120476,0.8223445624153449,1
323,60,39918.0,self_employed,574.0,23915.0,188382,24,1,0.3932687008367153,0.5991031614810362,1
324,53,50497.0,salaried,600.0,49733.0,233822,18,1,0.3858678073284882,0.9848703883399014,1
325,29,108562.0,salaried,640.0,38620.0,181161,12,0,0.13906108951566848,0.35574141964960115,1
326,59,26929.0,salaried,592.0,33368.0,478372,6,0,1.4803495611917759,1.239110252887222,1
327,49,117201.0,self_employed,618.0,9170.0,327197,6,0,0.23264662133144484,0.07824165322821477,1
328,46,131566.0,self_employed,787.0,8706.0,462200,6,1,0.2927554738052891,0.06617211133575544,0
329,55,43546.0,salaried,608.0,17193.0,99028,6,0,0.18950841255989834,0.39482386441923484,1
330,45,97494.0,salaried,542.0,35253.0,420848,18,0,0.3597212819934218,0.36159148255277246,1
331,44,61566.0,salaried,635.0,7398.0,428603,24,0,0.5801402830566654,0.1201637267322873,0
332,33,100464.0,self_employed,829.0,17830.0,499424,12,0,0.4142644794818708,0.17747650899824813,0
333,27,143279.0,salaried,716.0,16852.0,268620,12,0,0.15623364205501156,0.11761667795001361,1
334,56,96991.0,salaried,,17013.0,190945,12,1,0.16405731803294463,0.17540802754894785,1
335,40,107680.0,salaried,538.0,19766.0,254751,18,1,0.19715128157503714,0.18356240713224367,1
336,21,43013.0,salaried,781.0,6538.0,308688,18,0,0.5980517517959687,0.15200055797084602,1
337,28,67132.0,salaried,827.0,32881.0,306318,36,0,0.380243401060597,0.48979622236787224,1
338,36,122855.0,salaried,,47645.0,22471,18,0,0.015242223217071615,0.38781490374832117,1
339,34,106627.0,salaried,531.0,21867.0,180449,6,0,0.14102822612158897,0.20507938889774635,1
340,32,137772.0,salaried,545.0,12534.0,345243,24,1,0.2088250878262637,0.09097639578433935,1
341,43,79068.0,salaried,,18000.0,49319,12,0,0.051979519738284345,0.22765214751859159,0
342,35,,salaried,743.0,36085.0,327994,18,0,0.8784173201354073,1.1596927625658826,1
343,48,66369.0,self_employed,,23735.0,467204,24,0,0.5866242773985847,0.35762178125329597,1
344,54,118100.0,self_employed,777.0,23964.0,59056,6,0,0.04167090036692069,0.20291278577476715,1
345,22,44655.0,self_employed,741.0,5733.0,460771,18,0,0.859871981487702,0.12838427947598252,1
346,52,62632.0,contract,758.0,27246.0,40721,18,0,0.054180238004002214,0.43501724358155575,1
347,43,33895.0,salaried,545.0,21197.0,390149,24,1,0.9592098146235924,0.6253724738161971,1
348,42,38086.0,salaried,736.0,13065.0,41534,6,0,0.09087766283323706,0.3430394370634879,1
349,45,100637.0,salaried,507.0,35305.0,176420,18,0,0.1460860982209989,0.3508153064976102,1
350,42,122334.0,salaried,759.0,47318.0,238171,24,0,0.16224094146625903,0.38679353246031356,1
351,42,78083.0,salaried,770.0,19558.0,97400,6,0,0.10394921643208722,0.2504770564655559,1
352,26,110028.0,salaried,543.0,18606.0,411643,18,0,0.31177139758364536,0.16910241029556114,1
353,35,81957.0,salaried,737.0,40789.0,163250,18,1,0.1659915158762115,0.4976878119013629,1
354,57,112551.0,contract,666.0,51.0,425604,12,0,0.31511936810867963,0.0004531279153450436,0
355,53,93506.0,salaried,575.0,18728.0,96585,36,1,0.08607736401942122,0.20028661262378886,1
356,28,109024.0,contract,656.0,14299.0,346422,6,0,0.26479032139712355,0.13115460815967125,0
357,25,96481.0,salaried,700.0,26798.0,96408,24,0,0.08327028119526124,0.277754169214664,0
358,59,15255.0,salaried,733.0,21448.0,87314,12,0,0.476969299683164,1.4059652572926908,1
359,24,30487.0,salaried,731.0,22870.0,112131,18,1,0.3064994915865779,0.7501558041132286,1
360,26,34346.0,salaried,711.0,22214.0,260492,24,0,0.6320289601894447,0.6467710941594363,1
361,52,50050.0,salaried,653.0,4266.0,176236,12,0,0.2934332334332334,0.08523476523476524,1
362,50,23744.0,salaried,712.0,11300.0,216880,12,0,0.7611747529200359,0.4759097035040431,1
363,55,76596.0,salaried,586.0,1658.0,276881,36,0,0.30123526903058473,0.02164603895764792,1
364,60,134640.0,salaried,517.0,23752.0,275986,12,0,0.17081724103782928,0.17641117052881758,0
365,36,70032.0,salaried,690.0,28133.0,87037,6,0,0.10356813075927195,0.40171635823623486,1
366,33,57687.0,salaried,807.0,12742.0,161369,36,0,0.23311000167570972,0.22088165444554234,0
367,50,77863.0,contract,553.0,16059.0,403734,36,0,0.4320986861538857,0.20624686950156043,1
368,39,146663.0,salaried,715.0,,98806,18,0,0.056141176256679144,0.09354779324028556,0
369,37,21277.0,self_employed,541.0,27629.0,272848,18,0,1.068634362613777,1.2985383277717724,1
370,39,76860.0,salaried,848.0,10994.0,154648,6,0,0.16767282504987424,0.14303929221962008,1
371,48,148332.0,salaried,729.0,22005.0,278434,24,0,0.15642500157304784,0.14834964808672438,0
372,46,39741.0,salaried,729.0,20394.0,74879,6,0,0.15701458611174018,0.5131727938401147,1
373,57,134720.0,salaried,681.0,635.0,196172,36,0,0.12134550673000792,0.004713479809976247,1
374,46,52211.0,contract,640.0,11206.0,493378,18,0,0.787474542401665,0.21462910114726783,1
375,43,21869.0,self_employed,787.0,44845.0,152353,6,0,0.5805516179675949,2.050619598518451,1
376,29,102616.0,contract,838.0,,143694,18,0,0.11669232868168707,0.22223629843299292,0
377,32,109515.0,self_employed,836.0,48752.0,134434,6,0,0.10229496720388379,0.4451627630918139,0
378,21,75110.0,salaried,821.0,49326.0,103189,6,0,0.11448653086584121,0.656716815337505,1
379,21,,self_employed,581.0,,352015,12,0,0.5982620548066269,0.5227499847041788,1
380,54,60213.0,salaried,666.0,11660.0,31676,6,0,0.04383881664535344,0.19364589042233404,0
381,52,27938.0,self_employed,833.0,,111263,18,0,0.33187474646240483,0.9620230510415921,1
382,45,145842.0,salaried,553.0,8759.0,472297,6,0,0.2698679621325361,0.0600581451159474,0
383,60,17274.0,salaried,572.0,45378.0,227265,24,1,1.0963731619775385,2.6269538034039597,1
384,21,99390.0,salaried,712.0,38924.0,415470,12,0,0.3483499346010665,0.3916289365127276,1
385,36,35044.0,salaried,670.0,47153.0,54343,6,0,0.12922564014762394,1.345537039150782,1
386,59,114372.0,salaried,769.0,48360.0,214924,24,1,0.15659718579139417,0.42283076277410553,1
387,25,29706.0,self_employed,718.0,31672.0,176480,18,0,0.49507394690186046,1.0661819161112234,1
388,42,91464.0,salaried,635.0,48097.0,62329,24,0,0.05678828099944605,0.5258571678474591,1
389,49,36213.0,salaried,534.0,24091.0,32094,12,0,0.07385469306602602,0.6652583326429735,1
390,23,16950.0,salaried,645.0,31335.0,356439,18,0,1.7524041297935102,1.8486725663716814,1
391,32,25411.0,self_employed,682.0,7009.0,491199,6,0,1.6108476643973082,0.2758254299319193,1
392,46,143603.0,salaried,577.0,2143.0,34145,6,0,0.019814465343110287,0.014923086565043906,0
393,36,77744.0,contract,807.0,29014.0,441983,24,0,0.47375896103450643,0.37319921794607946,1
394,57,50053.0,contract,752.0,39767.0,231368,6,1,0.385205016016356,0.7944978322977644,1
395,42,72623.0,contract,827.0,43518.0,458172,18,0,0.5257425333572009,0.5992316483758588,1
396,49,44714.0,salaried,735.0,17858.0,23187,18,0,0.0432135349107662,0.3993827436597039,1
397,34,124283.0,salaried,821.0,23632.0,495734,6,0,0.33239595654004706,0.19014668136430565,1
398,48,,contract,836.0,20486.0,328530,24,0,1.1619344707580002,0.8694508106272812,1
399,25,70048.0,self_employed,576.0,329.0,272171,6,0,0.3237910670778133,0.004696779351301964,0
400,50,108295.0,contract,572.0,12370.0,192075,36,1,0.1478022992751281,0.11422503347338289,1
401,25,,salaried,526.0,13847.0,329842,6,1,1.0170514812896223,0.5123584696218456,1
402,32,121147.0,salaried,537.0,31624.0,197139,12,0,0.13560591677878941,0.2610382427959421,1
403,36,46589.0,salaried,753.0,4622.0,474089,6,1,0.8479988123090573,0.09920796754598725,1
404,46,123199.0,self_employed,585.0,38000.0,361714,36,0,0.24466784091862218,0.30844406204595815,1
405,46,112274.0,self_employed,,24405.0,365945,12,0,0.2716160167685009,0.21737000552220462,0
406,41,,salaried,704.0,25337.0,255528,24,0,0.5088901634642959,0.6055109454163082,1
407,59,105415.0,salaried,,1680.0,443836,12,0,0.35086404528134835,0.01593701086183181,1
408,56,69708.0,salaried,,47122.0,84156,18,0,0.10060538245251621,0.6759912779021059,1
409,53,85825.0,self_employed,,47112.0,101892,36,0,0.09893387707544422,0.5489309641712787,1
410,50,66574.0,salaried,744.0,38719.0,251259,18,0,0.31451092017904886,0.5815934148466368,1
411,57,100548.0,salaried,539.0,27832.0,174812,18,1,0.14488270941905027,0.27680311890838205,1
412,43,,salaried,828.0,6866.0,208796,12,0,0.21960957549749674,0.0866590937776095,1
413,30,55581.0,salaried,656.0,25479.0,173407,12,0,0.259991423927841,0.4584120472823447,1
414,25,40105.0,contract,667.0,49285.0,74914,18,0,0.15566222000581806,1.2288991397581348,1
415,56,94830.0,self_employed,657.0,17509.0,289014,24,0,0.2539755351681957,0.18463566381946642,0
416,54,84157.0,self_employed,629.0,42924.0,349842,6,0,0.3464180044440748,0.5100466984326912,1
417,51,102235.0,self_employed,581.0,46228.0,330773,6,0,0.26961819989892566,0.45217391304347826,1
418,30,17347.0,salaried,655.0,4188.0,201882,36,1,0.9698218712169251,0.24142503026459908,1
419,39,62650.0,self_employed,674.0,35617.0,393123,12,0,0.5229090183559457,0.5685075818036712,1
420,52,139926.0,contract,,27787.0,485334,6,0,0.2890420650915484,0.19858353701242085,1
421,21,96147.0,self_employed,587.0,3366.0,377261,24,0,0.32698281450972644,0.03500889263315548,0
422,25,63135.0,salaried,601.0,13061.0,372101,36,1,0.49114463715319023,0.20687415854914074,1
423,24,34199.0,self_employed,747.0,15952.0,72044,12,0,0.17555094203534216,0.4664463873212667,0
424,36,116583.0,contract,705.0,18975.0,58811,6,0,0.04203800439743931,0.16275957901237745,0
425,44,107290.0,salaried,588.0,4283.0,263006,18,0,0.20427967813092243,0.03991984341504334,0
426,36,135787.0,salaried,844.0,20645.0,350662,24,0,0.21520346817687505,0.15203959141891343,0
427,22,129427.0,contract,787.0,11740.0,45451,24,0,0.029264244194281978,0.09070750307122934,0
428,48,102493.0,contract,809.0,33012.0,109791,12,0,0.089267071897593,0.32209028909291365,0
429,52,146706.0,salaried,595.0,5128.0,23515,24,0,0.01335721329279875,0.03495426226602866,1
430,47,27771.0,salaried,658.0,46515.0,191667,12,0,0.5751413344856144,1.674948687479745,1
431,40,140607.0,salaried,613.0,9371.0,364091,24,0,0.21578525014164776,0.06664675300660707,1
432,44,94876.0,salaried,523.0,,86171,6,1,0.07568738845089029,0.22459842320502552,1
433,32,74648.0,contract,662.0,27111.0,333311,12,0,0.37209190690529775,0.3631845461365341,1
434,55,90783.0,salaried,,8628.0,66477,24,0,0.06102188735776522,0.09503982023065992,1
435,53,59440.0,salaried,,10462.0,456300,6,0,0.6397207267833109,0.17600942126514132,1
436,53,46655.0,contract,563.0,22718.0,249962,6,0,0.4464723323688065,0.4869360197192155,1
437,57,58039.0,salaried,532.0,38674.0,338821,6,0,0.48648466261192186,0.6663450438498251,1
438,32,70255.0,self_employed,545.0,31295.0,344793,12,0,0.40897800868265605,0.4454487225108533,1
439,23,87219.0,salaried,718.0,41753.0,351302,12,0,0.33565125335840434,0.4787145002809021,1
440,21,26244.0,self_employed,788.0,28844.0,130825,24,0,0.4154124117258548,1.0990702636793173,1
441,53,109594.0,contract,695.0,26314.0,437015,18,0,0.33229845307833156,0.24010438527656625,1
442,60,73595.0,salaried,752.0,7668.0,50649,18,0,0.05735104286976017,0.10419186086011278,0
443,30,118898.0,self_employed,785.0,1954.0,236462,36,0,0.1657316915899903,0.016434254571145016,1
444,49,43371.0,contract,735.0,14412.0,147304,18,1,0.28303090390660424,0.3322957736736529,1
445,33,20914.0,contract,578.0,8806.0,498850,18,1,1.9877036116158235,0.42105766472219563,1
446,32,42180.0,salaried,591.0,18015.0,145956,24,0,0.2883594120436226,0.4270981507823613,1
447,51,149760.0,salaried,595.0,21420.0,399227,12,0,0.22214821492165243,0.14302884615384615,0
448,22,,salaried,727.0,,359881,18,0,0.314959024284369,0.12983753242525126,0
449,55,93616.0,salaried,785.0,41028.0,285614,36,0,0.25424250840312196,0.43825841736455307,1
450,43,110213.0,salaried,734.0,10066.0,242466,24,0,0.1833313674430421,0.09133223848366345,1
451,37,52805.0,salaried,601.0,47518.0,289044,6,0,0.45614998579679955,0.8998769055960609,1
452,46,141599.0,self_employed,751.0,,443921,6,0,0.2612547875808916,0.048545540575851524,0
453,28,89176.0,salaried,639.0,31081.0,141250,36,1,0.13199552943990908,0.34853548039831345,1
454,49,109799.0,self_employed,822.0,17253.0,225190,12,0,0.17091078546556282,0.1571325786209346,0
455,46,113385.0,self_employed,642.0,42353.0,193975,6,0,0.1425636842027899,0.37353265423115933,0
456,30,103919.0,salaried,739.0,11662.0,26132,12,0,0.02095542361518747,0.11222201907254689,1
457,46,96462.0,salaried,765.0,14125.0,448621,18,0,0.38756280538795934,0.14643071883228628,1
458,54,46159.0,self_employed,,19503.0,320879,18,0,0.5793001725918383,0.4225178188435625,1
459,27,57039.0,salaried,560.0,,386706,18,0,0.5649730885885096,0.27521520363260227,1
460,24,62800.0,salaried,522.0,15271.0,273955,6,0,0.36352839702760087,0.2431687898089172,0
461,31,,self_employed,510.0,376.0,178338,6,0,0.266521403848568,0.00674306414877782,0
462,49,109626.0,salaried,515.0,30080.0,453890,12,0,0.3450291597492079,0.2743874628281612,0
463,56,133368.0,self_employed,548.0,43283.0,459423,12,0,0.2870647381680763,0.3245381200887769,0
464,45,95903.0,contract,,18325.0,433704,36,0,0.3768599522434126,0.19107848555311097,0
465,41,133998.0,salaried,669.0,15285.0,207715,18,0,0.12917792305357792,0.11406886669950297,1
466,56,74894.0,self_employed,618.0,204.0,427669,24,1,0.4758603270399943,0.0027238497075867227,0
467,30,66444.0,salaried,541.0,25320.0,89074,24,0,0.11171563020488431,0.3810727830955391,1
468,57,76748.0,self_employed,509.0,11328.0,297335,18,0,0.32284771807300083,0.14759993745765362,0
469,29,56190.0,self_employed,548.0,7054.0,22747,36,0,0.03373524351901287,0.12553835201993238,0
470,44,55318.0,salaried,764.0,26125.0,169130,12,0,0.2547844583438784,0.4722694240572689,0
471,55,139078.0,salaried,706.0,20804.0,130030,6,0,0.07791191513635035,0.1495851248939444,0
472,55,54759.0,salaried,666.0,18809.0,94659,36,0,0.14405394547015102,0.34348691539290344,1
473,56,31498.0,salaried,501.0,27440.0,241308,36,1,0.6384214870785446,0.8711664232649692,1
474,38,40989.0,contract,567.0,,329470,18,0,0.6698341831548301,0.49664544145990386,1
475,59,132035.0,salaried,807.0,45736.0,378727,12,0,0.2390319485994875,0.3463930018555686,0
476,52,81577.0,salaried,709.0,17054.0,126369,24,0,0.12908969439915663,0.20905402257989383,0
477,44,120231.0,salaried,638.0,3065.0,98840,24,1,0.06850701288907741,0.02549259342432484,1
478,43,104900.0,salaried,536.0,34495.0,219473,24,0,0.17435096917699397,0.328836987607245,1
479,52,119679.0,self_employed,717.0,5976.0,214626,36,0,0.14944560031417375,0.049933572305918335,0
480,57,38482.0,salaried,777.0,31154.0,228468,6,0,0.4947507925783483,0.8095733070006756,1
481,32,84212.0,self_employed,679.0,20410.0,190866,12,0,0.18887450719612406,0.24236450862109912,0
482,33,45048.0,self_employed,504.0,15737.0,96861,6,1,0.17918109572012075,0.34933848339548923,1
483,43,149137.0,salaried,629.0,38832.0,77335,24,0,0.04321250483336351,0.2603780416663873,1
484,45,148108.0,salaried,632.0,36582.0,476205,6,0,0.26793792367731656,0.2469954357630918,0
485,55,50814.0,salaried,598.0,,273561,36,0,0.44863128271736136,0.0335143857991892,0
486,50,144493.0,salaried,659.0,7621.0,184986,18,1,0.10668682911974975,0.05274303945519852,1
487,37,75204.0,salaried,735.0,13544.0,41068,6,0,0.04550733117032782,0.1800968033615233,0
488,40,,contract,646.0,7430.0,177967,6,0,0.30997791433269234,0.15529637990134604,1
489,45,,contract,614.0,32821.0,196080,6,0,0.16855265465273409,0.33855977223729405,0
490,42,36518.0,salaried,,49843.0,196629,24,0,0.44870337915548497,1.3648885481132593,1
491,33,38052.0,salaried,586.0,38834.0,141489,6,0,0.3098588773257647,1.0205508251865867,1
492,39,84803.0,salaried,545.0,12291.0,162604,12,0,0.15978601385957258,0.1449359102861927,0
493,56,86524.0,self_employed,582.0,41216.0,283036,36,0,0.2725987394634244,0.47635338172067865,1
494,32,104572.0,salaried,653.0,33601.0,342103,12,0,0.27262157492764155,0.32131928240829283,1
495,39,82021.0,salaried,805.0,,141516,12,0,0.14378025139903194,0.5896904451299058,1
496,32,35043.0,salaried,781.0,43489.0,121927,24,0,0.28994616138268225,1.2410181776674372,1
497,29,17419.0,self_employed,826.0,5794.0,224646,6,0,1.0747172627590562,0.3326252942189563,1
498,27,136831.0,salaried,787.0,32749.0,472766,36,0,0.28792573807592337,0.23933903866813808,1
499,48,116799.0,salaried,610.0,31180.0,380807,36,1,0.27169681818052094,0.2669543403625031,1
500,34,72600.0,salaried,616.0,9353.0,496624,36,0,0.5700459136822773,0.1288292011019284,1
501,51,131467.0,salaried,596.0,19906.0,461591,6,0,0.2925899021554205,0.15141442339142142,0
502,39,93497.0,contract,781.0,46403.0,369824,36,1,0.3296219843060918,0.4963046942682653,1
503,36,123611.0,salaried,688.0,22244.0,462658,36,1,0.3119045500265618,0.17995162242842466,0
504,25,75692.0,salaried,587.0,18410.0,230979,18,0,0.25429701950007927,0.24322253342493264,0
505,55,77112.0,contract,806.0,,260594,18,0,0.2816185116021717,0.1274639485423799,1
506,32,31360.0,salaried,586.0,36316.0,303483,36,0,0.8064492984693877,1.1580357142857143,1
507,45,98038.0,salaried,525.0,48669.0,464481,12,0,0.3948137456904466,0.49642995573145104,1
508,41,18017.0,self_employed,530.0,,76092,6,0,0.35194538491424765,2.7159904534606207,1
509,56,101261.0,self_employed,625.0,13046.0,134090,12,0,0.11035015125928706,0.12883538578524803,1
510,43,,salaried,697.0,22748.0,145084,12,0,0.1486760124610592,0.2797343826856862,1
511,36,46127.0,self_employed,800.0,47275.0,107594,6,0,0.19438000881623924,1.024887809742667,1
512,59,149268.0,self_employed,530.0,1183.0,370328,6,1,0.20674670168198586,0.007925342337272557,0
513,59,90088.0,salaried,816.0,10411.0,419551,24,0,0.38809367877334755,0.1155647811029216,1
514,34,46921.0,self_employed,731.0,44604.0,228347,24,0,0.4055522402904172,0.9506191257645831,1
515,51,19746.0,salaried,544.0,33856.0,140161,24,0,0.5915164252675648,1.7145751038184949,1
516,25,83535.0,contract,815.0,33960.0,103486,36,1,0.10323616847229704,0.4065361824384988,1
517,55,80350.0,contract,688.0,31478.0,456580,36,0,0.47353246214478323,0.3917610454262601,0
518,43,96131.0,salaried,551.0,5387.0,409650,36,0,0.35511437517554173,0.056038114656042276,1
519,49,37063.0,salaried,551.0,47176.0,315391,24,1,0.7091326480137423,1.272859725332542,1
520,31,132116.0,salaried,831.0,33099.0,450876,6,0,0.2843940173786672,0.2505298374156045,0
521,38,103913.0,salaried,817.0,42171.0,483944,36,0,0.3881003018550775,0.4058298769162665,1
522,32,93946.0,salaried,822.0,12280.0,223705,6,0,0.19843402947792704,0.13071338854235412,1
523,29,149670.0,self_employed,578.0,2275.0,316011,24,0,0.17594875392530232,0.015200106901850738,0
524,30,25564.0,salaried,548.0,38005.0,267995,6,0,0.8736080686381891,1.4866609294320137,1
525,37,64725.0,salaried,729.0,46187.0,326866,36,1,0.4208394489506888,0.7135882580146775,1
526,58,101134.0,self_employed,843.0,6385.0,427518,6,0,0.35227025530484307,0.06313405976229557,0
527,27,120940.0,self_employed,543.0,,459633,24,0,0.3167086985281958,0.06323796924094592,1
528,33,77085.0,self_employed,791.0,33270.0,457553,36,0,0.494641196947093,0.431601478886943,1
529,60,32862.0,salaried,746.0,3569.0,102836,36,0,0.260777392327511,0.10860568437709209,0
530,29,25265.0,self_employed,718.0,42039.0,188584,24,0,0.6220199221584537,1.6639224223233722,1
531,47,77471.0,contract,521.0,40084.0,292545,12,0,0.31468226820358586,0.5174065134050161,1
532,22,106080.0,salaried,629.0,25910.0,401729,18,0,0.31558650703871294,0.2442496229260935,0
533,25,70828.0,salaried,506.0,21031.0,403022,24,1,0.4741792323186687,0.2969305924210764,1
534,49,131884.0,contract,771.0,4216.0,472631,6,0,0.2986405983035597,0.03196748657911498,0
535,57,123007.0,salaried,849.0,5891.0,95087,12,0,0.06441842063188816,0.04789158340582243,0
536,58,61104.0,salaried,543.0,43033.0,332603,24,0,0.45360232827092606,0.7042583136946845,1
537,39,55934.0,salaried,739.0,31600.0,300749,18,0,0.4480712387218269,0.5649515500411199,1
538,28,129420.0,salaried,564.0,16315.0,207698,36,0,0.13373641374336784,0.12606243239066606,0
539,21,21050.0,salaried,745.0,24598.0,319886,18,0,1.2663737133808393,1.1685510688836105,1
540,42,23484.0,salaried,572.0,24232.0,124418,18,0,0.4414991767444501,1.031851473343553,1
541,37,77648.0,salaried,570.0,,162085,24,1,0.17395275259289786,0.3403178446321863,1
542,27,74945.0,salaried,696.0,10355.0,196357,36,0,0.21833455645250963,0.1381679898592301,0
543,45,46323.0,self_employed,688.0,479.0,225502,36,1,0.40566960976908517,0.010340435636724737,1
544,24,101332.0,contract,657.0,,429717,18,0,0.3533903406623771,0.1849169068014053,1
545,56,109605.0,salaried,829.0,14566.0,390740,24,0,0.29708194577497987,0.1328953971077962,1
546,26,25315.0,salaried,524.0,43499.0,498399,36,0,1.6406577128184872,1.7183093027849101,1
547,51,62968.0,salaried,,35101.0,270803,36,0,0.3583870643289713,0.5574418752382162,0
548,39,24107.0,salaried,570.0,23958.0,286811,6,0,0.991451307365772,0.9938192226324304,1
549,59,70781.0,contract,812.0,47993.0,390600,18,0,0.45986917393085713,0.6780491939927382,1
550,47,18869.0,salaried,722.0,21655.0,385066,12,0,1.7006112318264526,1.1476495839737135,1
551,30,95983.0,salaried,659.0,21828.0,274723,18,0,0.23851706378560092,0.22741527145432003,1
552,46,22971.0,salaried,805.0,47960.0,494252,24,0,1.7930288915008779,2.0878498976970965,1
553,39,111805.0,self_employed,574.0,38835.0,174254,36,0,0.12987940312746896,0.34734582532087116,1
554,59,40651.0,salaried,637.0,49990.0,48784,36,0,0.10000573991619723,1.2297360458537305,1
555,23,71974.0,salaried,540.0,40959.0,453642,6,0,0.525238280490177,0.5690805012921333,1
556,33,38446.0,self_employed,802.0,45973.0,357239,36,1,0.7743306629211535,1.1957810955626074,1
557,48,18823.0,salaried,833.0,27962.0,146474,36,0,0.6484708424091095,1.4855230303352283,1
558,40,82965.0,salaried,808.0,37803.0,470415,12,0,0.4725034653166998,0.45564997288013015,1
559,48,25510.0,salaried,515.0,11044.0,126594,18,0,0.4135437083496668,0.4329282634261074,1
560,28,120935.0,salaried,688.0,2209.0,67576,36,0,0.04656495913782886,0.01826601066688717,0
561,59,84134.0,salaried,527.0,9584.0,381494,24,0,0.37786348761103317,0.11391351891030975,1
562,21,87254.0,self_employed,662.0,11448.0,48910,12,0,0.04671228062132777,0.13120315401013133,1
563,23,,self_employed,816.0,1959.0,133260,12,0,0.08556788411157343,0.015094775774387425,0
564,33,140544.0,salaried,554.0,275.0,254758,6,0,0.1510547112173649,0.0019566826047358833,0
565,48,80587.0,salaried,773.0,21008.0,336740,24,0,0.34821579990155566,0.26068720761413133,1
566,45,97238.0,salaried,804.0,26035.0,264383,12,0,0.22657722975242875,0.2677451202204899,0
567,53,90720.0,salaried,601.0,34609.0,433403,18,0,0.3981141607877719,0.3814925044091711,1
568,58,93004.0,salaried,541.0,12251.0,335051,24,0,0.30021199805026305,0.1317255171820567,1
569,26,37072.0,salaried,762.0,20529.0,466850,18,0,1.049421845777586,0.5537602503236945,1
570,52,96015.0,salaried,670.0,15631.0,241789,6,0,0.20985349511361073,0.16279747956048535,0
571,41,87746.0,salaried,707.0,13546.0,153241,6,0,0.14553464925276746,0.1543774075171518,0
572,36,117260.0,salaried,814.0,47687.0,222027,36,0,0.1577882483370288,0.4066774688725908,1
573,41,143259.0,salaried,548.0,30524.0,478436,18,0,0.2783047952775509,0.21306863792152675,1
574,31,45916.0,salaried,559.0,5675.0,446546,18,0,0.8104400789848129,0.1235952609112292,1
575,57,42268.0,salaried,505.0,11569.0,354140,6,0,0.6982035267026276,0.27370587678622127,0
576,56,38259.0,self_employed,647.0,43484.0,499136,18,1,1.0871864572170382,1.136569173266421,1
577,55,94400.0,salaried,786.0,49639.0,224819,24,0,0.19846310028248587,0.5258368644067797,1
578,39,49293.0,salaried,710.0,38173.0,270397,36,0,0.4571254201069794,0.7744101596575579,1
579,40,126581.0,salaried,649.0,40033.0,171416,36,0,0.11285000645173184,0.3162638942653321,1
580,38,22043.0,salaried,584.0,38365.0,488267,24,0,1.8458883394577266,1.7404618246155241,1
581,34,122009.0,self_employed,659.0,34708.0,416757,12,0,0.28464908326434935,0.28447081772656113,1
582,35,53893.0,contract,546.0,43413.0,449141,18,1,0.6944949560548989,0.8055406082422578,1
583,51,,salaried,661.0,28590.0,468229,12,0,0.9445661558820919,0.6921009949405699,1
584,21,38284.0,self_employed,654.0,11989.0,425148,12,0,0.9254257653327761,0.3131595444572145,1
585,23,,salaried,729.0,40503.0,288692,18,0,0.16965794787530883,0.2856326824211395,1
586,36,128259.0,salaried,799.0,,338417,6,0,0.2198786569883335,0.2893987946264979,0
587,43,,salaried,657.0,33727.0,145039,18,0,0.10437103496712836,0.2912420987185244,1
588,31,84000.0,self_employed,,48795.0,273066,6,0,0.2708988095238095,0.5808928571428571,1
589,32,99179.0,salaried,746.0,39398.0,387625,24,1,0.32569478753902875,0.3972413514957804,1
590,30,80049.0,contract,,,480066,6,0,0.49976264537970494,0.4817049557146248,1
591,52,44265.0,salaried,650.0,31937.0,312761,12,0,0.5888041718438194,0.7214955382356263,1
592,36,38880.0,salaried,798.0,35331.0,169882,12,1,0.36411608367626885,0.9087191358024691,1
593,28,99579.0,self_employed,553.0,33231.0,102859,12,1,0.08607822265069275,0.3337149398969662,1
594,58,146327.0,contract,722.0,10128.0,290573,6,0,0.1654815356473287,0.06921484073342582,0
595,32,,self_employed,753.0,24055.0,274595,12,0,0.15506062495200149,0.16300296800249367,1
596,44,80424.0,self_employed,567.0,28707.0,280425,36,0,0.2905693574057495,0.3569456878543718,1
597,48,85966.0,salaried,552.0,28646.0,487128,18,0,0.47220994346602146,0.3332247632785055,1
598,28,82396.0,salaried,744.0,33686.0,355567,12,0,0.3596119148178714,0.40883052575367734,1
599,48,86694.0,salaried,539.0,38855.0,447769,6,1,0.4304113702601487,0.4481855722426004,1
600,56,32106.0,salaried,841.0,30584.0,193480,12,0,0.5021906601050686,0.9525945306173301,1
601,46,71731.0,contract,850.0,31368.0,126333,6,0,0.14676708814877806,0.437300469810821,1
602,28,90010.0,self_employed,637.0,1613.0,224098,18,0,0.20747509535977485,0.017920231085434953,1
603,48,,self_employed,765.0,9014.0,253953,6,0,0.44460492867497214,0.18937372633878863,1
604,48,86326.0,salaried,637.0,2120.0,67704,18,1,0.06535690290294928,0.024558070569700902,1
605,57,90706.0,self_employed,791.0,3391.0,201605,12,0,0.18521836115214724,0.03738451701100258,0
606,56,24004.0,self_employed,,10158.0,85897,36,0,0.29820377159362327,0.42317947008831863,1
607,47,130018.0,salaried,671.0,31988.0,266819,12,0,0.1710141416316715,0.24602747311910658,0
608,37,40792.0,salaried,684.0,34649.0,307235,18,1,0.6276455350722364,0.8494067464208669,1
609,29,69645.0,self_employed,798.0,41699.0,124169,24,0,0.14857371909924139,0.5987364491348984,0
610,53,22232.0,salaried,739.0,23746.0,175977,24,1,0.6596235156531126,1.068100035984167,1
611,40,69766.0,contract,710.0,13045.0,416357,24,0,0.497325583617617,0.1869821976320844,1
612,33,135601.0,salaried,650.0,44026.0,74790,12,0,0.04596205042735673,0.32467312187963215,0
613,48,96588.0,salaried,623.0,40024.0,236731,6,0,0.20424466117254042,0.41437859775541475,0
614,49,20913.0,salaried,548.0,3843.0,459226,36,0,1.8299064377819219,0.18376129680103284,1
615,33,127406.0,salaried,623.0,6129.0,149401,36,0,0.09771975678801104,0.048106054659906125,0
616,55,128693.0,salaried,567.0,3210.0,364356,12,0,0.23593357836090542,0.024943081597289675,1
617,26,108449.0,salaried,730.0,26162.0,124334,18,1,0.09553953163852748,0.2412378168540051,1
618,38,25567.0,contract,845.0,44690.0,189245,12,0,0.6168270296345549,1.7479563499823991,1
619,25,53379.0,self_employed,508.0,9969.0,429959,24,0,0.6712361915110187,0.18675883774518068,1
620,45,15319.0,salaried,765.0,,21609,18,0,0.11755010118153926,2.4991187414322082,1
621,22,105005.0,salaried,,48056.0,391211,36,0,0.31047013634271386,0.45765439740964714,1
622,30,125990.0,salaried,820.0,35299.0,54128,12,0,0.0358017832103077,0.28017302960552426,1
623,50,19791.0,self_employed,611.0,10626.0,20623,6,0,0.08683660923315312,0.5369107169925724,1
624,25,146401.0,salaried,827.0,28493.0,316477,6,0,0.18014278135622935,0.19462298754789925,0
625,53,76032.0,salaried,829.0,20937.0,316832,36,1,0.34725729517396187,0.27537089646464646,1
626,21,103662.0,salaried,553.0,43429.0,281155,18,1,0.22601901693323814,0.4189481198510544,1
627,38,36300.0,self_employed,588.0,18663.0,136199,24,1,0.3126698806244261,0.5141322314049587,1
628,52,90700.0,salaried,594.0,31258.0,207770,6,1,0.1908948915839765,0.3446306504961411,1
629,31,70609.0,self_employed,749.0,9559.0,42871,6,0,0.05059671335571008,0.13537934257672535,1
630,41,105045.0,contract,816.0,43727.0,344837,12,0,0.27356291747981026,0.4162692179542101,1
631,46,76901.0,salaried,665.0,7305.0,499849,36,0,0.5416585393341222,0.09499226277941769,1
632,45,20703.0,salaried,726.0,25973.0,304447,6,1,1.225454442995379,1.2545524803168624,1
633,42,78115.0,salaried,635.0,21940.0,371993,12,0,0.3968433292794811,0.2808679510977405,1
634,47,42676.0,salaried,564.0,32922.0,94302,18,0,0.1841433124004124,0.7714406223638579,1
635,33,136332.0,salaried,504.0,44146.0,54769,6,0,0.03347771127345989,0.3238124578235484,1
636,53,44802.0,salaried,619.0,13657.0,217004,36,0,0.40363525437852477,0.30483014151153964,1
637,54,105331.0,self_employed,718.0,17498.0,116676,12,0,0.09230900684508835,0.16612393312510088,0
638,55,139786.0,salaried,542.0,699.0,74827,18,0,0.04460806756995216,0.005000500765455768,1
639,21,80169.0,salaried,687.0,7565.0,325812,12,0,0.3386720552832142,0.09436315782908605,0
640,41,83147.0,salaried,525.0,45160.0,221105,24,0,0.22160049871512702,0.5431344486271302,1
641,26,37075.0,salaried,766.0,7109.0,316423,36,0,0.7112227466846482,0.1917464598786244,1
642,48,97015.0,salaried,661.0,8787.0,30285,36,0,0.026014018450755037,0.0905736226356749,0
643,37,24304.0,salaried,732.0,25115.0,213198,6,1,0.7310113561553654,1.0333689927583938,1
644,25,144851.0,salaried,,15638.0,65209,12,0,0.0375149866644575,0.10795921326052288,0
645,51,135729.0,contract,520.0,11.0,81700,18,0,0.05016122813351114,8.104384471999351e-05,1
646,25,74622.0,salaried,627.0,10135.0,415908,6,1,0.4644608828495618,0.13581785532416712,1
647,58,69215.0,self_employed,575.0,40242.0,329534,36,0,0.39675166750945123,0.5814057646463917,0
648,23,88973.0,salaried,572.0,20843.0,281787,12,0,0.26392557292661817,0.23426207950726624,1
649,43,123654.0,salaried,732.0,661.0,480784,18,0,0.32401162383209064,0.0053455610008572305,0
650,57,39028.0,salaried,842.0,46397.0,190828,36,0,0.4074596016535137,1.18881315978272,1
651,57,54328.0,self_employed,605.0,7381.0,389994,18,0,0.598209026652923,0.13585996171403328,1
652,30,42301.0,salaried,508.0,21958.0,499870,12,0,0.9847481935021236,0.5190893832297109,1
653,30,53015.0,salaried,618.0,9614.0,420855,18,0,0.6615344713760256,0.18134490238611714,1
654,39,51845.0,salaried,549.0,5871.0,406316,6,0,0.6530941588709936,0.11324139261259523,1
655,37,101818.0,salaried,509.0,579.0,199833,6,0,0.16355408670372626,0.0056866172975308885,1
656,41,91394.0,salaried,612.0,,478385,12,1,0.43619293024341493,0.27175744578418715,1
657,34,58714.0,self_employed,765.0,49647.0,351932,36,0,0.4995004030838755,0.8455734577783833,1
658,29,95722.0,salaried,577.0,47726.0,130235,24,0,0.11337954353927693,0.49858966590752385,1
659,21,40230.0,self_employed,535.0,36993.0,450693,24,0,0.9335756897837435,0.919537658463833,1
660,33,107554.0,salaried,,13470.0,489420,24,1,0.3792048645331647,0.12523941461963292,0
661,24,64262.0,salaried,811.0,13079.0,333204,36,0,0.43209050449721453,0.20352618966107497,0
662,21,56722.0,salaried,617.0,15650.0,221685,6,0,0.32568932689256375,0.2759070554634886,1
663,60,77796.0,salaried,689.0,22318.0,113011,6,0,0.12105485286304352,0.2868785027507841,1
664,52,102052.0,salaried,741.0,13854.0,86811,6,0,0.07088788068827656,0.13575432132638263,1
665,54,115808.0,self_employed,792.0,2136.0,245546,12,0,0.17669044165054804,0.018444321635810997,1
666,48,106951.0,salaried,668.0,5063.0,314706,6,0,0.24521042346495123,0.047339435816401904,1
667,51,65886.0,self_employed,729.0,25081.0,499059,6,0,0.6312152809398052,0.3806726770482348,1
668,28,118424.0,self_employed,547.0,23681.0,168072,6,0,0.11826994528136188,0.19996791190974803,0
669,59,,salaried,649.0,,165164,24,0,0.1149875658259327,0.13859996491140128,0
670,46,111299.0,self_employed,842.0,44391.0,312398,18,1,0.23390297007759878,0.3988445538594237,1
671,54,29497.0,salaried,707.0,35898.0,416887,6,0,1.1777666655366081,1.217005119164661,1
672,23,147888.0,salaried,560.0,15455.0,79562,18,0,0.04483235060766706,0.10450476035919073,0
673,32,,salaried,830.0,18238.0,140471,6,0,0.08741303563205516,0.1361908673412239,0
674,21,107019.0,salaried,616.0,38032.0,169167,24,0,0.13172660929367683,0.355376148160607,1
675,25,124017.0,self_employed,,40245.0,217950,24,0,0.14645169613843265,0.3245119620697163,0
676,50,,self_employed,547.0,18044.0,450736,18,0,0.4451186032272718,0.21382947206257036,1
677,50,,salaried,,27157.0,188772,24,0,0.13092473762619328,0.2260201576323521,0
678,37,48826.0,salaried,792.0,40316.0,447007,12,0,0.7629251491691585,0.8257076147953959,1
679,43,125034.0,salaried,504.0,15712.0,321877,36,0,0.21452631550884826,0.1256618199849641,1
680,35,99242.0,self_employed,599.0,4979.0,233725,36,0,0.19625847255530252,0.050170290804296566,0
681,57,138066.0,salaried,704.0,37814.0,323501,6,0,0.19525746140734623,0.2738835049903669,0
682,41,65100.0,salaried,679.0,8476.0,178734,24,0,0.2287941628264209,0.13019969278033794,0
683,34,140170.0,self_employed,516.0,33486.0,94696,36,1,0.056298304439846854,0.23889562673895984,1
684,22,111205.0,salaried,589.0,41461.0,85997,18,0,0.06444329541537401,0.3728339553077649,1
685,31,27809.0,contract,607.0,16641.0,437929,18,0,1.3123119613554366,0.598403394584487,1
686,59,,salaried,689.0,30711.0,430361,18,0,0.45139605621984474,0.3865449968533669,1
687,58,53428.0,contract,679.0,47155.0,128693,6,0,0.20072652292181378,0.8825896533652766,1
688,54,87790.0,salaried,748.0,18981.0,438654,36,0,0.41638569313133617,0.2162091354368379,0
689,58,126126.0,salaried,750.0,42882.0,311596,36,0,0.20587613444756303,0.33999333999333997,0
690,54,105321.0,self_employed,519.0,40780.0,479344,36,0,0.379272256561686,0.38719723511930193,1
691,38,17093.0,self_employed,596.0,48573.0,484448,18,0,2.3618245285594495,2.8416895805300415,1
692,50,59498.0,self_employed,721.0,27870.0,76973,18,1,0.10780894595896781,0.46841910652458907,1
693,35,131251.0,salaried,643.0,23182.0,497483,6,0,0.31585981567124566,0.1766234162025432,0
694,47,55985.0,contract,506.0,35781.0,431046,12,0,0.6416093596499062,0.6391176207912834,1
695,54,47009.0,salaried,,21001.0,250818,36,1,0.44462762449743665,0.4467442404645919,1
696,58,143515.0,salaried,821.0,14065.0,350486,6,0,0.20351298935070666,0.09800369299376371,0
697,53,32718.0,salaried,767.0,29672.0,67988,18,1,0.17316665647859486,0.9069013998410661,1
698,44,31705.0,self_employed,795.0,,338746,12,0,0.8903590390579824,0.027976659832833938,1
699,35,102618.0,self_employed,500.0,44414.0,482077,24,0,0.3914818387937139,0.4328090588395798,0
700,50,77598.0,salaried,557.0,23665.0,59415,12,0,0.06380641253640558,0.3049692002371195,1
701,37,92878.0,salaried,763.0,744.0,105676,6,0,0.09481613873396642,0.008010508408880467,0
702,25,27239.0,salaried,589.0,23620.0,41781,12,0,0.127822240170344,0.8671390285987004,0
703,49,61622.0,salaried,574.0,19820.0,28993,18,0,0.03920812913137083,0.32163837590470934,1
704,24,61665.0,salaried,840.0,,191912,12,0,0.259347549933782,0.3494202546014757,1
705,30,47274.0,self_employed,,1704.0,362833,18,0,0.6395922353372537,0.03604518339890849,1
706,37,123368.0,salaried,781.0,47379.0,292693,12,0,0.19770996800899207,0.384046105959406,0
707,30,123563.0,contract,840.0,4064.0,195289,6,0,0.13170676766777542,0.03289010464297565,0
708,37,108103.0,salaried,828.0,37994.0,277891,24,1,0.21421776762285352,0.3514611065372839,1
709,40,,salaried,742.0,10718.0,245263,36,0,0.25094643485663304,0.1315963951575277,0
710,44,44072.0,salaried,821.0,47308.0,162559,12,0,0.30737391843649786,1.0734253040479216,1
711,25,48717.0,self_employed,618.0,4214.0,409693,24,0,0.7008043051364684,0.08649957920233184,1
712,54,132202.0,salaried,546.0,25061.0,487539,12,0,0.3073194807945417,0.1895659672319632,0
713,26,137389.0,contract,667.0,11502.0,185887,24,0,0.11274980772356837,0.08371849274687201,1
714,22,124525.0,salaried,,37895.0,126522,18,0,0.08466974503111825,0.30431640232884966,1
715,33,19646.0,salaried,526.0,42026.0,186268,24,0,0.7901014625538701,2.139163188435305,1
716,31,54713.0,salaried,795.0,32137.0,451423,36,1,0.6875620662974674,0.5873741158408422,1
717,43,82936.0,self_employed,500.0,46888.0,478882,24,0,0.481176248352143,0.565351596411691,1
718,36,37185.0,self_employed,673.0,48845.0,149662,36,0,0.3353995786831608,1.3135672986419256,1
719,51,99263.0,salaried,666.0,10007.0,301595,36,0,0.2531952154041956,0.10081299174919155,0
720,31,,salaried,517.0,43758.0,279594,24,0,0.34719924896061516,0.6520631230721087,1
721,36,32563.0,salaried,590.0,48916.0,367415,36,0,0.9402670720347225,1.5021957436354145,1
722,28,85729.0,salaried,802.0,39305.0,284476,36,0,0.27652641852037624,0.4584796276639177,1
723,24,30701.0,salaried,701.0,28205.0,140004,18,0,0.38002019478192894,0.9186997166216084,1
724,60,,salaried,520.0,49349.0,413952,6,0,0.24067368538557604,0.3443009537364562,1
725,24,114280.0,salaried,655.0,40399.0,318759,18,0,0.23244005950297514,0.3535089254462723,1
726,45,53665.0,contract,513.0,31864.0,70450,6,0,0.10939780738532252,0.593757570110873,1
727,23,30957.0,salaried,519.0,27947.0,103011,6,0,0.27729592660787544,0.9027683561068579,0
728,52,61008.0,self_employed,743.0,45275.0,282376,18,0,0.3857089780575225,0.7421157880933648,0
729,23,76920.0,salaried,672.0,4963.0,379010,36,0,0.4106105910903103,0.06452158086323453,1
730,47,128828.0,salaried,621.0,47197.0,331517,18,0,0.21444419432628517,0.3663566926444562,0
731,49,138852.0,salaried,683.0,22680.0,471012,36,0,0.2826822804136779,0.16333938294010888,0
732,52,147698.0,salaried,807.0,24486.0,451739,18,0,0.2548776331884431,0.16578423539926065,0
733,39,105815.0,self_employed,567.0,31438.0,466767,18,0,0.3675967490431413,0.2971034352407504,1
734,41,53311.0,salaried,792.0,21246.0,217543,12,1,0.3400533348339617,0.39852938417962525,1
735,25,47356.0,salaried,837.0,3341.0,91269,24,0,0.16060794830644481,0.0705507221893741,0
736,38,18809.0,salaried,658.0,47921.0,44514,18,0,0.19721941623690786,2.5477696847253974,1
737,48,49875.0,self_employed,548.0,7747.0,158639,24,0,0.2650609857978279,0.155328320802005,1
738,42,24465.0,salaried,680.0,8448.0,250719,36,0,0.8540057224606581,0.34530962599632126,1
739,41,88844.0,salaried,794.0,10940.0,259879,12,0,0.24375966112887007,0.12313718427806042,0
740,26,101889.0,salaried,847.0,35330.0,20364,12,0,0.016655379874176802,0.34674989449302673,1
741,21,30250.0,contract,640.0,,394148,6,0,1.0858071625344352,0.5155702479338843,1
742,25,61023.0,salaried,,30627.0,129285,24,0,0.1765522835652131,0.5018927289710438,0
743,32,116350.0,self_employed,639.0,18051.0,52378,12,1,0.03751468271021344,0.15514396218306833,0
744,46,31427.0,salaried,571.0,22698.0,389890,36,0,1.033850934970991,0.7222452031692493,1
745,54,86643.0,salaried,741.0,6413.0,159719,6,0,0.1536179110449392,0.07401636600764054,0
746,34,149511.0,salaried,760.0,19032.0,46339,12,1,0.025828088457259556,0.12729498164014688,0
747,46,93672.0,salaried,762.0,5734.0,277844,36,0,0.24717809662083298,0.061213596378853874,0
748,47,32300.0,self_employed,,41596.0,361296,24,0,0.9321362229102167,1.2878018575851393,1
749,29,75289.0,salaried,694.0,30786.0,428056,36,1,0.47379209889005475,0.4089043552178937,1
750,46,34659.0,salaried,645.0,17963.0,327527,36,0,0.7874986775921599,0.5182780807293921,1
751,42,25360.0,self_employed,793.0,23999.0,294068,36,0,0.9663117770767613,0.9463328075709779,1
752,50,36424.0,salaried,525.0,16518.0,258386,18,1,0.5911532689069477,0.45349220294311443,1
753,37,113035.0,salaried,558.0,28407.0,243149,12,0,0.17925789947066542,0.2513115406732428,1
754,46,63791.0,self_employed,551.0,29501.0,367455,36,0,0.4800246116223292,0.46246335689987617,0
755,56,149137.0,salaried,648.0,36888.0,69887,6,0,0.0390507832842733,0.2473430469970564,0
756,21,,salaried,606.0,,460780,18,0,1.4065323565323566,1.2923076923076924,1
757,28,48370.0,salaried,,29045.0,498742,36,0,0.8592481565708773,0.6004755013438081,1
758,55,42209.0,salaried,558.0,26819.0,201691,36,0,0.39819904127871625,0.6353858181904333,1
759,35,35927.0,salaried,757.0,23231.0,121818,12,0,0.28255907813065384,0.6466167506332285,1
760,42,49579.0,self_employed,780.0,24432.0,183719,18,0,0.3087984159960198,0.4927892857863208,1
761,34,24032.0,salaried,518.0,26745.0,138463,36,1,0.480134126719929,1.1128911451398136,1
762,46,108254.0,salaried,665.0,29443.0,396034,36,0,0.304864793294782,0.2719807120291167,0
763,48,93413.0,self_employed,524.0,44917.0,106581,24,0,0.09508044918801452,0.48084313746480684,1
764,43,,salaried,503.0,34000.0,214139,6,0,0.13884069359724469,0.264533798082908,0
765,34,138916.0,self_employed,502.0,44332.0,35886,6,0,0.0215273978519393,0.319128106193671,0
766,44,87302.0,salaried,526.0,30296.0,191996,12,0,0.1832680427328889,0.3470252686078211,0
767,22,100757.0,salaried,845.0,41913.0,382162,18,1,0.31607564073298466,0.41598102365096223,0
768,46,30932.0,salaried,718.0,42498.0,217123,36,0,0.5849470882365619,1.373916979180137,1
769,34,40714.0,salaried,543.0,,329665,18,0,0.6747576591180757,1.2063172373139461,1
770,27,72803.0,self_employed,711.0,26485.0,156292,12,0,0.1788983054727598,0.3637899537106987,1
771,23,148624.0,self_employed,551.0,5653.0,116663,24,0,0.06541283148526932,0.03803557971794596,0
772,43,,salaried,652.0,37926.0,193460,12,0,0.22507806646469442,0.5294930682563838,1
773,38,94810.0,self_employed,701.0,4089.0,123553,6,0,0.10859701859860071,0.04312836198713216,1
774,58,60380.0,salaried,820.0,,130086,24,0,0.17953792646571712,0.4172573699900629,1
775,55,79686.0,contract,510.0,,216279,36,0,0.22617837512235525,0.5490048440127501,1
776,35,135321.0,contract,567.0,26485.0,471403,12,0,0.29029923909321786,0.19571980697748317,0
777,45,60028.0,salaried,726.0,37069.0,110051,18,0,0.15277731503076342,0.6175284867062037,1
778,57,128141.0,salaried,620.0,45638.0,163394,18,0,0.10625925087728882,0.35615454850516226,0
779,48,70248.0,self_employed,832.0,14747.0,91678,6,0,0.10875517215199483,0.20992768477394375,0
780,30,25523.0,salaried,514.0,27980.0,345351,6,0,1.1275810053677076,1.0962661129177604,1
781,59,60530.0,self_employed,556.0,37071.0,424881,6,0,0.5849454815793821,0.6124401123409879,1
782,37,28769.0,salaried,829.0,41364.0,39519,6,0,0.11447217491049394,1.4377976293927492,0
783,59,127035.0,salaried,563.0,27011.0,386326,36,0,0.2534249091457735,0.2126264415318613,0
784,42,94782.0,salaried,729.0,26086.0,469401,24,0,0.41270230634508664,0.2752210335295731,1
785,46,93382.0,salaried,510.0,23933.0,456791,6,0,0.40763655379694874,0.2562913623610546,1
786,45,125939.0,salaried,620.0,4962.0,270084,12,0,0.1787135041567743,0.03940002699719706,1
787,37,93712.0,salaried,723.0,43278.0,483823,36,0,0.43023927921006205,0.4618191907119686,1
788,33,133643.0,salaried,724.0,45048.0,320854,24,0,0.20006908953954441,0.33707713834619096,1
789,40,122417.0,self_employed,624.0,857.0,138667,36,0,0.09439525011504393,0.007000661672806881,0
790,45,143256.0,salaried,647.0,28305.0,51720,18,0,0.030085999888311833,0.19758334729435417,0
791,24,116422.0,self_employed,727.0,39539.0,226076,36,0,0.16182222145871628,0.3396179416261531,1
792,30,104300.0,salaried,529.0,40327.0,136199,36,0,0.10881991051454139,0.38664429530201344,1
793,23,21630.0,self_employed,509.0,16403.0,303428,18,0,1.1690090923100631,0.7583448913546001,1
794,38,139474.0,contract,553.0,2420.0,417875,18,1,0.2496731768406059,0.017350904111160505,1
795,56,113869.0,salaried,685.0,11218.0,22962,18,0,0.016804398036340006,0.09851671657782188,0
796,42,30701.0,contract,706.0,40691.0,247342,36,0,0.6713733537452634,1.3253965668870722,1
797,54,112285.0,salaried,754.0,16450.0,389534,18,1,0.289096198661145,0.146502204212495,0
798,28,132556.0,salaried,656.0,30134.0,143733,6,0,0.09035992335314885,0.22733033585805246,0
799,60,30021.0,self_employed,628.0,3133.0,163699,12,0,0.45440136349000143,0.10436028113653775,1
800,39,79361.0,salaried,557.0,33553.0,415626,12,1,0.4364297324882499,0.42278953138191305,1
801,57,147317.0,salaried,694.0,47054.0,397011,18,0,0.22457862975759757,0.31940645003631624,0
802,26,,salaried,575.0,40503.0,348268,24,0,1.144639453099323,1.5974364030763164,1
803,46,113841.0,self_employed,588.0,16135.0,149238,36,0,0.10924447255382508,0.1417327676320482,1
804,54,32198.0,self_employed,580.0,3690.0,300573,12,0,0.7779287533387167,0.11460339151500093,1
805,26,81951.0,salaried,685.0,34315.0,107774,6,0,0.10959191061325263,0.41872582396798086,0
806,57,147724.0,contract,825.0,45231.0,449209,24,0,0.25340556262579766,0.3061858601175165,0
807,53,33740.0,self_employed,767.0,16742.0,215628,24,0,0.5325726141078838,0.4962062833432128,1
808,42,18810.0,contract,578.0,47934.0,407423,6,0,1.804992911571859,2.5483253588516748,1
809,41,138743.0,salaried,644.0,1562.0,443956,36,0,0.26665369303916836,0.011258225640212479,1
810,26,114855.0,self_employed,628.0,,410736,36,0,0.2980105350224196,0.03818727961342562,1
811,26,41783.0,self_employed,513.0,18561.0,96764,18,0,0.19298917422556222,0.4442237273532298,1
812,24,136701.0,salaried,618.0,33246.0,143444,6,0,0.08744388604813913,0.24320231746658766,1
813,50,93047.0,contract,501.0,17031.0,123068,6,0,0.11022028293944637,0.18303652992573646,1
814,31,24471.0,salaried,503.0,263.0,125391,6,0,0.42700543500469945,0.010747415307915491,1
815,50,125771.0,salaried,743.0,23486.0,368117,18,0,0.24390691547866095,0.1867362110502421,0
816,51,21163.0,contract,565.0,36510.0,155536,12,0,0.6124525508355778,1.7251807399707035,1
817,44,77071.0,contract,745.0,6646.0,147669,36,0,0.15966770899560145,0.08623217552646262,0
818,29,31065.0,salaried,589.0,31903.0,459373,18,0,1.2322898224153656,1.0269756961210366,1
819,23,137323.0,salaried,677.0,11148.0,490910,18,0,0.2979046967126167,0.08118086555056327,0
820,51,132969.0,self_employed,559.0,48981.0,27166,18,0,0.017025271554522735,0.3683640547796855,1
821,60,98456.0,contract,731.0,,294790,6,1,0.2495107797730289,0.2654688388721866,1
822,57,34154.0,salaried,675.0,37968.0,171382,18,0,0.4181599031836193,1.1116706681501434,1
823,56,120703.0,salaried,,,185480,12,0,0.12805536454492983,0.21550417139590566,0
824,44,,self_employed,697.0,47578.0,148513,24,0,0.3513038500477826,1.3505350705384769,1
825,51,67587.0,salaried,559.0,15223.0,38034,18,0,0.04689511296551112,0.2252356222350452,0
826,26,64713.0,contract,582.0,18389.0,339990,12,0,0.43781774913850385,0.28416237850200116,0
827,22,36101.0,salaried,573.0,14353.0,362047,6,0,0.8357270805056185,0.3975790144317332,1
828,40,55391.0,salaried,810.0,25483.0,112517,24,0,0.16927689817238661,0.4600566879095882,1
829,48,87723.0,salaried,525.0,32897.0,290397,36,0,0.2758655084755423,0.37500997457907276,1
830,31,115264.0,salaried,742.0,41897.0,393856,36,0,0.284749213399963,0.36348729872293173,1
831,24,52921.0,self_employed,822.0,20102.0,228249,6,0,0.35941781145481,0.3798492091986168,1
832,35,43460.0,contract,615.0,17198.0,205990,6,0,0.39498005829114896,0.3957202024850437,1
833,26,106725.0,self_employed,822.0,28538.0,173071,36,0,0.13513781525728116,0.2673975169829,0
834,50,73445.0,self_employed,679.0,5849.0,238721,6,0,0.27086141557174304,0.0796378242222071,1
835,58,97208.0,salaried,761.0,27957.0,98275,36,0,0.08424803857021369,0.2875997860258415,1
836,22,121283.0,self_employed,613.0,14.0,121590,6,1,0.08354427248666342,0.0001154325008451308,0
837,35,100779.0,salaried,765.0,13807.0,428659,36,0,0.3544546317519854,0.13700274858849562,1
838,31,18060.0,salaried,537.0,10229.0,296885,12,0,1.3699012550756737,0.566389811738649,1
839,28,140806.0,salaried,576.0,3488.0,297485,6,0,0.17606079759858717,0.02477167166171896,1
840,46,28731.0,self_employed,601.0,46062.0,371338,36,0,1.0770538210759575,1.6032160384253942,1
841,25,92830.0,contract,,25282.0,494600,6,0,0.44400157994901074,0.2723473015189055,1
842,26,130871.0,self_employed,801.0,33470.0,36740,36,0,0.02339453864237812,0.2557480266827639,0
843,46,35719.0,salaried,548.0,6575.0,493218,36,0,1.1506901089056245,0.18407570200733503,1
844,24,64116.0,salaried,753.0,48193.0,344629,24,0,0.44792381516834073,0.751653253478071,1
845,39,41325.0,salaried,846.0,48208.0,430195,6,0,0.8675035289372858,1.1665577737447066,1
846,40,29551.0,salaried,748.0,14272.0,234616,12,1,0.6616132561785839,0.4829616595039085,1
847,53,108287.0,salaried,571.0,22544.0,280321,18,0,0.21572380187218534,0.2081875017315098,0
848,40,39278.0,self_employed,,14368.0,165332,18,0,0.35077312150992074,0.3658027394470187,1
849,32,30141.0,contract,752.0,39260.0,470396,6,0,1.3005430034393903,1.302544706545901,1
850,21,82913.0,salaried,798.0,5499.0,362968,36,0,0.36480809201612935,0.06632253084558513,0
851,46,48615.0,salaried,721.0,18939.0,79785,36,0,0.13676334464671397,0.38957112002468375,1
852,34,137058.0,self_employed,559.0,29317.0,385414,12,0,0.23433753106957153,0.2139021436180303,1
853,58,127684.0,self_employed,656.0,11178.0,177678,6,0,0.11596206259202406,0.08754424986685881,1
854,57,,self_employed,841.0,3939.0,424580,18,0,0.8334511134143661,0.09278714783755772,1
855,31,65391.0,salaried,701.0,,456007,12,0,0.5811286466537189,0.7638512945206527,1
856,56,135288.0,salaried,766.0,30601.0,155025,6,0,0.09549073088522264,0.22619153213884455,0
857,33,128535.0,contract,534.0,25060.0,437660,6,0,0.28374891404416436,0.19496635157739137,1
858,23,101711.0,salaried,754.0,15706.0,47877,6,0,0.03922633736763968,0.15441790956730345,1
859,53,92850.0,self_employed,522.0,3674.0,255606,24,0,0.22940764674205708,0.039569197630586965,0
860,26,124733.0,salaried,664.0,27287.0,153642,12,0,0.10264725453568822,0.21876327836258247,0
861,30,17365.0,salaried,527.0,41402.0,52391,6,0,0.2514204818120741,2.3842211344658795,1
862,25,112662.0,self_employed,850.0,34421.0,167548,12,0,0.12393116874663447,0.3055244891800252,0
863,43,58372.0,salaried,813.0,9154.0,401731,18,0,0.5735212659037437,0.15682176385938465,1
864,30,59134.0,self_employed,552.0,45413.0,161464,6,0,0.22753971206638032,0.7679676666553928,1
865,22,52823.0,salaried,783.0,23065.0,379846,36,0,0.5992433851415734,0.4366469151695284,1
866,33,86158.0,contract,797.0,45676.0,229249,6,0,0.22173313370010136,0.5301422967106943,1
867,60,111076.0,salaried,584.0,26406.0,303231,6,0,0.22749513846375455,0.23772912240267924,0
868,22,148021.0,salaried,848.0,48337.0,60509,12,0,0.03406554925765038,0.3265550158423467,0
869,40,64396.0,salaried,623.0,12034.0,54664,12,1,0.07073938339855478,0.1868749611777129,0
870,21,123336.0,self_employed,706.0,29477.0,45558,24,0,0.030781766880716092,0.23899753518842837,0
871,57,46912.0,self_employed,664.0,29737.0,121268,6,0,0.21541751932696682,0.6338889836289222,0
872,29,71947.0,salaried,546.0,815.0,211378,18,0,0.24483068555093795,0.01132778295133918,0
873,37,59387.0,salaried,655.0,30296.0,247736,12,0,0.34762939139317806,0.5101453179988886,1
874,29,31508.0,self_employed,765.0,39735.0,29302,24,0,0.07749883627438534,1.2611082899581059,1
875,31,60592.0,self_employed,778.0,43496.0,419570,36,1,0.5770426238887422,0.7178505413255876,1
876,35,124249.0,self_employed,504.0,16938.0,438174,36,0,0.2938816408985183,0.1363230287567707,1
877,44,16919.0,self_employed,581.0,35560.0,377970,24,0,1.8616644009693244,2.1017790649565575,1
878,58,57595.0,salaried,618.0,22249.0,228610,36,0,0.33077234713661485,0.3863008941748416,0
879,55,48298.0,salaried,761.0,38986.0,111659,6,0,0.19265635568070452,0.8071969853824175,0
880,50,29456.0,salaried,624.0,39676.0,186758,12,0,0.5283530237189933,1.346958174904943,1
881,51,124599.0,contract,802.0,29496.0,41508,18,0,0.027761057472371366,0.2367274215683914,0
882,25,101676.0,salaried,714.0,13460.0,229995,36,0,0.18850318659270623,0.13238128958652975,0
883,34,98721.0,salaried,527.0,12254.0,202682,6,0,0.17108990657171896,0.12412759190040619,1
884,31,52924.0,contract,768.0,11957.0,493091,12,0,0.7764136623586023,0.22592774544630034,1
885,29,39240.0,salaried,524.0,37070.0,146323,6,0,0.31074371389738364,0.9446992864424058,1
886,54,102381.0,self_employed,506.0,7852.0,201330,6,0,0.16387317959386996,0.0766939178167824,1
887,32,24228.0,self_employed,693.0,1264.0,41420,12,0,0.14246601728028177,0.052171041769853065,0
888,55,36686.0,contract,579.0,23203.0,389070,36,0,0.8837840047974704,0.6324756037725563,1
889,55,26920.0,salaried,821.0,47678.0,236535,36,0,0.732215824665676,1.7710995542347696,1
890,21,22432.0,salaried,535.0,41853.0,80777,6,0,0.3000809854969092,1.8657721112696148,1
891,60,125507.0,contract,757.0,48362.0,325563,24,0,0.21616523381165992,0.3853330889910523,1
892,42,145509.0,salaried,612.0,,58880,36,0,0.03372070914284798,0.07122583482808624,0
893,49,86725.0,salaried,793.0,18688.0,87618,6,1,0.08419140962813491,0.21548573075814356,0
894,28,136764.0,self_employed,701.0,27739.0,33553,18,0,0.020444585807181226,0.2028238425316604,0
895,31,74099.0,salaried,,48834.0,384175,18,0,0.4320514896737248,0.6590372339707689,1
896,57,127557.0,contract,654.0,36726.0,90539,24,0,0.05914937374402555,0.28791834238810887,0
897,34,101760.0,self_employed,584.0,15566.0,280175,6,1,0.22944100497903563,0.1529677672955975,1
898,50,33013.0,salaried,639.0,38304.0,472682,18,0,1.1931713769323196,1.1602701965892224,1
899,55,36446.0,salaried,,,448842,36,0,1.0262717444987104,0.794572792624705,1
900,41,120209.0,salaried,684.0,25814.0,192315,6,0,0.13331988453443586,0.21474265653985974,0
901,57,117261.0,salaried,841.0,16057.0,282870,24,0,0.20102591654514287,0.13693384842360204,0
902,25,110739.0,self_employed,,14973.0,267541,24,0,0.20133000418401226,0.13520981767940835,1
903,39,15557.0,salaried,581.0,18201.0,76557,36,0,0.41008870604872405,1.169955646975638,1
904,34,145878.0,salaried,799.0,49918.0,167792,18,0,0.09585178482476224,0.3421900492192106,1
905,46,114143.0,contract,679.0,43519.0,498738,18,0,0.36411781712413377,0.381267357612819,0
906,24,39578.0,salaried,848.0,49724.0,50666,24,0,0.10667963683527885,1.256354540401233,1
907,45,89779.0,salaried,604.0,46480.0,438377,12,0,0.4069038045274136,0.5177157241671215,1
908,45,72500.0,contract,709.0,38088.0,103834,24,0,0.11934942528735633,0.5253517241379311,1
909,38,87534.0,salaried,828.0,24132.0,419442,24,1,0.39931340964653733,0.2756871615600795,1
910,60,25129.0,contract,748.0,43292.0,263363,6,1,0.8733700770689907,1.722790401528115,1
911,28,26596.0,self_employed,571.0,29317.0,358237,36,0,1.1224651576678197,1.1023086178372687,1
912,59,80355.0,self_employed,660.0,49902.0,24970,6,0,0.02589550536162446,0.6210192271793914,1
913,60,27974.0,self_employed,632.0,19195.0,354502,24,0,1.0560460904172921,0.6861728748123257,1
914,34,127004.0,salaried,739.0,23738.0,332947,6,0,0.2184622794032734,0.18690749897641018,1
915,52,141794.0,self_employed,577.0,19938.0,332616,18,0,0.1954807678745222,0.1406124377618235,0
916,58,85202.0,self_employed,557.0,2418.0,280795,24,1,0.27463655000273857,0.02837961550198352,1
917,53,89442.0,salaried,624.0,37908.0,185630,18,0,0.17295193160558425,0.4238277319380157,1
918,43,70598.0,salaried,510.0,2988.0,402293,18,0,0.474863546653824,0.04232414515991954,1
919,35,148726.0,self_employed,526.0,33622.0,481633,36,0,0.2698659503606184,0.22606672673238035,1
920,53,48758.0,salaried,706.0,35618.0,70106,18,1,0.11981965352694258,0.7305057631568153,1
921,45,,self_employed,721.0,3379.0,140672,6,0,0.2990171070979152,0.08619018467503316,0
922,37,142309.0,salaried,811.0,30765.0,287687,6,0,0.16846381231451746,0.21618449992621688,0
923,53,45552.0,salaried,749.0,193.0,27130,12,0,0.049631922491511535,0.0042369160519845454,0
924,22,62037.0,salaried,814.0,46136.0,71218,36,0,0.09566602726329985,0.7436852201105791,1
925,34,49831.0,salaried,707.0,26153.0,427350,12,0,0.7146655696253337,0.5248339387128494,1
926,60,58563.0,salaried,608.0,42440.0,138639,18,1,0.19727899868517665,0.7246896504618957,1
927,60,33361.0,salaried,795.0,29004.0,252237,24,0,0.6300695422799076,0.8693983993285573,1
928,59,56335.0,salaried,560.0,25322.0,230947,6,1,0.3416274666429987,0.44948966006922875,1
929,26,89469.0,self_employed,621.0,11279.0,182258,24,0,0.16975898542139364,0.1260660116912003,0
930,26,40816.0,self_employed,738.0,22016.0,177885,12,0,0.3631847804782438,0.5393963151705213,0
931,23,107479.0,self_employed,605.0,15079.0,467768,12,0,0.3626817021619727,0.14029717433172992,1
932,27,41819.0,salaried,778.0,24725.0,192094,6,0,0.38278852515204415,0.5912384322915422,1
933,28,137330.0,salaried,535.0,7983.0,487957,12,0,0.2960975994562975,0.058130051700283986,1
934,35,23798.0,salaried,537.0,22137.0,288277,24,0,1.0094580777096114,0.9302042188419195,1
935,49,64695.0,salaried,571.0,12057.0,464357,12,1,0.5981361259242085,0.18636679805239972,1
936,53,144544.0,salaried,555.0,21281.0,472462,24,0,0.27238649361670725,0.14722852557006863,0
937,50,24415.0,salaried,666.0,45937.0,365868,18,0,1.2487814867909073,1.8815072701208273,1
938,59,102638.0,salaried,720.0,39737.0,88861,36,1,0.0721475801684886,0.38715680352306164,1
939,47,,salaried,575.0,21716.0,384146,6,0,0.9569582287058074,0.6491689585077125,1
940,56,125205.0,salaried,709.0,6534.0,157045,12,0,0.10452524526443299,0.05218641428057985,1
941,49,33170.0,contract,710.0,40888.0,337187,6,0,0.8471183800623053,1.232680132649985,1
942,58,31259.0,salaried,727.0,42635.0,484962,12,0,1.2928596564189514,1.3639271889695768,1
943,53,37099.0,self_employed,724.0,38558.0,299405,18,0,0.6725360971095358,1.0393272055850562,1
944,57,144394.0,salaried,753.0,49134.0,121661,24,1,0.0702135591968272,0.34027729684058894,1
945,47,74258.0,salaried,655.0,26965.0,233123,6,0,0.2616137879644842,0.363125858493361,1
946,53,26805.0,salaried,648.0,,189007,18,0,0.5875987067089473,0.6363365043835105,1
947,24,58147.0,salaried,817.0,36469.0,232522,18,0,0.3332387454784139,0.627186269283024,1
948,42,89280.0,self_employed,778.0,17744.0,125388,36,0,0.11703629032258064,0.19874551971326165,1
949,22,121777.0,salaried,730.0,11258.0,152064,18,0,0.10405905877136076,0.09244767074242262,0
950,30,112841.0,salaried,689.0,44106.0,451756,36,0,0.33362282621860256,0.3908685672760787,1
951,25,139726.0,salaried,724.0,11809.0,135758,18,0,0.08096679692159417,0.08451540872851152,0
952,30,,salaried,564.0,3067.0,371462,24,0,0.21592761296233,0.021393843428037306,0
953,53,91215.0,self_employed,607.0,26738.0,308479,18,0,0.28182407864203624,0.2931316121251987,1
954,58,127909.0,salaried,579.0,34212.0,272187,24,0,0.1773311494890899,0.26747140545231374,1
955,33,110365.0,salaried,632.0,12217.0,481348,12,0,0.3634515773418505,0.11069632582793458,1
956,51,25985.0,salaried,673.0,21871.0,244283,18,0,0.7834103008145725,0.8416778910910141,1
957,56,27391.0,salaried,563.0,5179.0,140218,18,0,0.426593893371302,0.18907670402687013,1
958,44,19861.0,salaried,709.0,3353.0,265405,12,0,1.113593642481916,0.1688233220885152,1
959,35,49364.0,salaried,796.0,23165.0,285093,36,0,0.4812768414228993,0.4692691029900332,1
960,49,97399.0,salaried,597.0,,434941,24,0,0.37212993288774354,0.23043357734679001,0
961,28,57923.0,self_employed,671.0,5919.0,312215,12,0,0.4491810967433777,0.10218738670303679,0
962,25,100818.0,self_employed,588.0,15556.0,279080,12,0,0.23067970666613766,0.1542978436390327,1
963,49,86160.0,salaried,,13011.0,307621,6,0,0.2975288223460229,0.15100974930362118,0
964,24,143165.0,salaried,642.0,47602.0,203708,12,0,0.11857413939626771,0.3324974679565536,1
965,32,48529.0,salaried,695.0,46662.0,91126,36,0,0.1564803176107757,0.9615281584207381,1
966,22,16669.0,self_employed,678.0,18154.0,322149,36,0,1.6105195272661827,1.0890875277461156,1
967,47,132373.0,salaried,553.0,22294.0,229237,36,1,0.1443125360408341,0.16841803086732188,1
968,51,59859.0,contract,695.0,,347745,24,1,0.4841168412435891,0.2127666683372592,1
969,56,70786.0,salaried,,42662.0,32894,24,0,0.03872470074120118,0.6026897974175685,0
970,56,35323.0,salaried,832.0,16578.0,482516,18,0,1.138342345402901,0.4693259349432381,0
971,46,21021.0,self_employed,797.0,13996.0,129637,12,0,0.5139186210614782,0.6658103800960944,1
972,47,54807.0,salaried,524.0,25150.0,432393,36,0,0.6574479537285384,0.45888298939916433,1
973,25,,salaried,566.0,27205.0,129828,12,0,0.07549631903981019,0.18983985206378004,0
974,40,65355.0,salaried,662.0,22298.0,260147,18,0,0.33171014714507946,0.34118277101981487,0
975,31,128415.0,salaried,611.0,30556.0,250795,18,0,0.16275032771353296,0.23794728030214538,1
976,30,23711.0,self_employed,828.0,37411.0,156549,36,1,0.5501982202353338,1.577790898738982,1
977,60,22904.0,self_employed,705.0,24964.0,360325,12,0,1.3109973512632438,1.0899406217254628,1
978,58,79033.0,salaried,636.0,13746.0,349095,18,0,0.3680899118089912,0.1739273468044994,1
979,26,101478.0,salaried,778.0,34520.0,389015,6,0,0.3194575835813345,0.3401722540846292,0
980,28,135035.0,salaried,664.0,47903.0,213721,24,0,0.1318923488971995,0.35474506609397566,0
981,43,18093.0,self_employed,770.0,33428.0,189264,12,1,0.8717183441109821,1.8475653567678108,1
982,46,39918.0,salaried,727.0,21999.0,419423,36,0,0.8755928820749203,0.5511047647677739,1
983,32,139501.0,salaried,626.0,35600.0,290513,18,0,0.1735429614602524,0.2551953032594748,0
984,46,107510.0,salaried,769.0,,495370,18,0,0.3839720336092767,0.28240163705701793,1
985,33,108708.0,salaried,807.0,45589.0,348441,18,0,0.26710775655885494,0.41937115943628805,1
986,60,112819.0,self_employed,747.0,8488.0,253254,24,1,0.18706512200959058,0.07523555429493259,1
987,38,51303.0,self_employed,839.0,38381.0,21282,12,1,0.03456912851100326,0.7481238913903671,1
988,45,42453.0,salaried,535.0,23354.0,232434,18,0,0.45625750830330014,0.5501142439874684,1
989,53,123886.0,self_employed,654.0,16714.0,168719,24,0,0.11349076301330793,0.13491435674733224,0
990,60,75695.0,salaried,644.0,6777.0,244758,6,0,0.269456370962415,0.08953035207081049,0
991,32,148412.0,salaried,759.0,,107623,12,0,0.06043031111590258,0.0811322534565938,0
992,56,53057.0,salaried,,13142.0,449597,36,0,0.7061540732922454,0.24769587424844977,1
993,24,146669.0,salaried,557.0,25860.0,319358,12,0,0.18145052237805306,0.17631537680082363,0
994,25,109655.0,self_employed,762.0,9270.0,254012,18,0,0.19303877312176068,0.08453786877023392,1
995,57,30025.0,contract,535.0,38169.0,351063,36,0,0.9743630308076603,1.271240632805995,1
996,28,22145.0,salaried,710.0,3866.0,236001,12,0,0.8880898622713931,0.17457665387220592,1
997,48,116206.0,salaried,831.0,13029.0,201846,36,0,0.14474725917766726,0.1121198561175843,1
998,51,56723.0,salaried,647.0,38881.0,440670,12,0,0.6474005253600832,0.685453872326922,1
999,29,88230.0,self_employed,601.0,43645.0,151101,6,0,0.14271506290377423,0.4946730137141562,1
1000,49,123138.0,self_employed,575.0,34353.0,200532,6,0,0.13570952914616122,0.27897968133313844,1
1001,34,77040.0,salaried,567.0,44767.0,357381,6,0,0.38657515576323986,0.5810877466251299,1
1002,60,123668.0,self_employed,565.0,2940.0,366157,12,0,0.2467338627076797,0.02377332858944917,0
1003,42,70030.0,self_employed,802.0,14105.0,72582,36,0,0.08637012708839069,0.20141367985149222,1
1004,31,71815.0,salaried,721.0,29062.0,233766,6,0,0.2712594861797675,0.4046786882963169,0
1005,43,127789.0,salaried,650.0,29044.0,103518,24,0,0.0675058103592641,0.22728090837239512,0
1006,21,72923.0,salaried,773.0,46476.0,488398,24,0,0.5581206660907166,0.6373297862128546,1
1007,57,82904.0,salaried,777.0,22789.0,55371,6,0,0.05565774872141272,0.27488420341599923,1
1008,41,92088.0,salaried,567.0,13218.0,281370,6,0,0.2546205803144818,0.1435366171488142,1
1009,46,20608.0,salaried,734.0,17886.0,22480,18,0,0.09090320910973085,0.8679153726708074,0
1010,56,60667.0,salaried,702.0,,29038,24,0,0.03988714347723364,0.28234460250218407,1
1011,43,70547.0,self_employed,732.0,35380.0,44782,24,1,0.052898540452936814,0.5015096318766212,1
1012,21,143391.0,salaried,662.0,1508.0,345588,6,0,0.20084245175778118,0.01051669909548019,0
1013,60,,salaried,597.0,1770.0,341981,18,0,0.3133484701880928,0.01946167040506663,0
1014,35,86880.0,salaried,508.0,11971.0,105050,36,0,0.1007615868631062,0.1377877532228361,0
1015,41,72560.0,salaried,748.0,34729.0,422637,18,0,0.48538795479603086,0.47862458654906287,0
1016,29,130063.0,salaried,726.0,9787.0,200170,18,0,0.12825194969617287,0.07524814897395878,0
1017,29,109218.0,salaried,740.0,,370538,24,0,0.28272049173823605,0.37099196103206433,0
1018,30,129462.0,salaried,574.0,3658.0,106611,6,0,0.06862438398912422,0.028255395405601645,0
1019,46,32997.0,self_employed,516.0,23361.0,43052,6,0,0.10872705599498944,0.707973452132012,1
1020,55,136266.0,self_employed,550.0,22993.0,88332,6,1,0.054019344517341084,0.1687361484155989,1
1021,45,18679.0,self_employed,727.0,465.0,408253,18,0,1.821354640683834,0.0248942662883452,0
1022,46,55308.0,salaried,693.0,,447111,18,0,0.6736683662399653,0.3336407029724452,1
1023,31,20695.0,self_employed,779.0,25808.0,223110,12,0,0.89840541193525,1.2470645083353467,1
1024,58,73499.0,salaried,737.0,13874.0,393587,36,0,0.44624983559867026,0.18876447298602703,1
1025,22,38382.0,self_employed,770.0,41104.0,265100,12,0,0.575573619578622,1.0709186597884426,1
1026,27,,salaried,656.0,22947.0,327754,36,1,0.9342511829428197,0.7849153412006157,1
1027,38,148438.0,self_employed,753.0,40284.0,144082,12,0,0.0808878678864801,0.27138603322599336,0
1028,47,127468.0,salaried,807.0,19432.0,259973,12,0,0.16995965000366106,0.15244610412024978,0
1029,54,21764.0,self_employed,809.0,4042.0,283431,12,0,1.0852439808858665,0.18571953684984377,1
1030,47,128831.0,self_employed,813.0,20523.0,106770,12,1,0.06906334655478884,0.15930172085910999,0
1031,37,76836.0,salaried,800.0,4202.0,307268,18,0,0.3332509066930432,0.05468790671039617,0
1032,44,46923.0,contract,617.0,38892.0,40329,36,0,0.07162265839780065,0.828847260405345,1
1033,45,110711.0,salaried,832.0,45205.0,263040,12,0,0.19799297269467353,0.4083153435521312,1
1034,27,31292.0,contract,549.0,7773.0,187769,12,0,0.5000452724871106,0.24840214751374154,1
1035,26,139913.0,self_employed,777.0,,398219,6,0,0.23718251103662039,0.12629991494714574,0
1036,44,147686.0,contract,551.0,8301.0,340761,18,0,0.19227787332583995,0.056207088011050475,0
1037,53,35939.0,salaried,680.0,29421.0,475799,24,0,1.1032559800402535,0.8186371351456635,1
1038,49,33800.0,salaried,530.0,40271.0,121567,6,0,0.2997214003944773,1.1914497041420118,1
1039,42,71440.0,self_employed,,14574.0,438598,24,0,0.5116158081373647,0.204003359462486,1
1040,46,142521.0,contract,745.0,32629.0,218535,12,0,0.1277794149634089,0.2289416998196757,0
1041,48,136327.0,salaried,589.0,28999.0,443121,36,0,0.27086894012191276,0.21271648316180947,1
1042,41,64648.0,salaried,530.0,33629.0,240966,24,0,0.31061285731963867,0.520186239326816,1
1043,27,130192.0,salaried,601.0,30108.0,171437,24,0,0.1097334449633362,0.23125844905985007,0
1044,37,108498.0,self_employed,729.0,8652.0,390739,24,0,0.3001122908563599,0.07974340540839463,0
1045,40,44764.0,self_employed,596.0,17488.0,169201,36,0,0.31498711762428144,0.3906710749709588,1
1046,40,47470.0,salaried,566.0,38142.0,48984,6,1,0.08599115230672004,0.8034969454392248,1
1047,42,72207.0,salaried,691.0,17127.0,400820,18,0,0.4625821134608371,0.2371930699239686,1
1048,48,77157.0,salaried,710.0,18794.0,328502,36,0,0.3547982252636399,0.24358126935987662,0
1049,60,149288.0,salaried,636.0,28368.0,491427,6,0,0.2743170917957237,0.19002197095546863,1
1050,27,108778.0,self_employed,838.0,46536.0,437706,12,0,0.33532056114287817,0.427807093346081,1
1051,21,145016.0,salaried,683.0,4993.0,75434,6,0,0.043348090325665216,0.034430683510785015,1
1052,52,139288.0,self_employed,555.0,8634.0,288115,24,0,0.17237366703042137,0.061986675090460054,0
1053,33,125573.0,self_employed,749.0,1833.0,169522,6,0,0.11249897138185226,0.01459708695340559,0
1054,50,135730.0,salaried,781.0,33653.0,34656,6,1,0.021277536285272233,0.24794076475355487,0
1055,43,79186.0,salaried,559.0,15319.0,323198,12,1,0.3401253588597311,0.19345591392417852,1
1056,39,19960.0,self_employed,627.0,3604.0,27272,12,0,0.11386105544422177,0.18056112224448898,1
1057,52,33781.0,salaried,704.0,5357.0,322000,6,0,0.7943321196333245,0.15858026701400196,1
1058,50,46126.0,self_employed,713.0,16257.0,350948,36,1,0.6340386477619274,0.35244764341152496,1
1059,49,121034.0,salaried,626.0,28932.0,46529,12,0,0.032035764055279234,0.2390402696762893,0
1060,49,32883.0,self_employed,571.0,19605.0,184826,24,0,0.46839298928524364,0.5962047258461819,1
1061,50,44782.0,salaried,,41111.0,449094,36,0,0.835704077531151,0.9180250993702826,1
1062,36,71387.0,salaried,589.0,1596.0,39956,6,0,0.04664247925626048,0.02235701178085646,0
1063,60,,salaried,813.0,48139.0,78160,24,0,0.13361780111872426,0.9875476962212284,1
1064,39,81266.0,contract,732.0,30733.0,436898,24,0,0.44801228886209077,0.37817783574926783,1
1065,38,15056.0,contract,732.0,42494.0,247481,36,0,1.3697805968827488,2.822396386822529,1
1066,21,46457.0,salaried,562.0,9757.0,55368,6,1,0.09931764857825516,0.21002217103988635,1
1067,34,148315.0,salaried,746.0,,461664,24,1,0.25939385766780165,0.06163907898729056,1
1068,22,147773.0,salaried,634.0,11106.0,54937,12,0,0.03098051290380065,0.07515581330824982,1
1069,48,88839.0,salaried,501.0,18876.0,169235,12,0,0.15874690920279005,0.2124742511734711,1
1070,50,95636.0,self_employed,660.0,,168212,36,0,0.14657311751502225,0.27099627755238614,1
1071,58,122697.0,salaried,639.0,31518.0,447151,12,0,0.30369596105310914,0.2568766962517421,1
1072,24,81483.0,self_employed,803.0,4333.0,305881,18,0,0.31282701095115956,0.05317673625173349,0
1073,21,35505.0,self_employed,808.0,33306.0,186434,6,0,0.4375768671079191,0.9380650612589776,1
1074,28,48525.0,salaried,701.0,49920.0,264111,24,0,0.4535651725914477,1.0287480680061825,1
1075,49,111008.0,self_employed,624.0,35624.0,154176,24,0,0.11573940616892477,0.32091380801383684,0
1076,59,59348.0,salaried,846.0,28301.0,256702,36,0,0.3604474174923053,0.47686526925928424,1
1077,23,22273.0,salaried,581.0,38321.0,446389,36,1,1.670142474445891,1.7205136263637588,1
1078,52,79236.0,self_employed,823.0,15657.0,415627,24,0,0.4371192807982903,0.19759957595032562,0
1079,30,149607.0,salaried,,9926.0,47603,12,0,0.02651558193578286,0.06634716290013168,0
1080,30,122157.0,salaried,849.0,28967.0,117983,36,0,0.08048590475098985,0.23712926807305354,0
1081,39,15908.0,contract,739.0,13.0,212503,18,0,1.1131872852233677,0.000817198893638421,1
1082,54,123352.0,salaried,712.0,,489755,36,1,0.33086546360550834,0.03815908943511252,1
1083,53,110967.0,salaried,648.0,37258.0,294982,12,0,0.22152381638985766,0.3357574774482504,1
1084,43,103989.0,self_employed,571.0,24766.0,224930,6,0,0.18025143685069253,0.2381598053640289,0
1085,48,50079.0,salaried,602.0,5993.0,498303,18,0,0.8291948721020788,0.11967091994648456,1
1086,52,126889.0,contract,682.0,32164.0,465068,36,0,0.30542968000903675,0.2534813892457187,1
1087,27,64323.0,salaried,683.0,30825.0,391695,6,0,0.5074584518756898,0.47922205121029804,1
1088,49,104909.0,salaried,512.0,32137.0,489261,6,0,0.3886392015937622,0.3063321545339294,1
1089,28,61105.0,self_employed,731.0,4102.0,255176,24,0,0.3480020729345662,0.06713034939857622,0
1090,21,147957.0,salaried,649.0,1104.0,63911,12,0,0.0359963818316583,0.007461627364707314,1
1091,23,16049.0,self_employed,762.0,35580.0,338830,24,0,1.7593515691528028,2.216960558290236,1
1092,44,68281.0,contract,523.0,38899.0,57650,12,0,0.07035876256450062,0.5696899576749023,1
1093,43,,self_employed,688.0,49803.0,112524,6,0,0.16092052650546584,0.8546789998455493,1
1094,28,81697.0,salaried,632.0,39396.0,447917,36,1,0.45688846183662396,0.4822208893839431,1
1095,57,51534.0,salaried,549.0,25956.0,105425,12,0,0.17047806626046236,0.5036674816625917,1
1096,23,108034.0,contract,682.0,31651.0,481731,12,0,0.37158903678471594,0.2929725827054446,1
1097,53,73097.0,salaried,,47609.0,480098,6,0,0.5473298037767168,0.6513126393696048,1
1098,48,40037.0,self_employed,637.0,47622.0,97528,18,0,0.20299556243807812,1.18944975897295,1
1099,28,42278.0,salaried,510.0,40599.0,350316,6,0,0.6905009697715123,0.9602866739202423,1
1100,54,114173.0,salaried,795.0,17185.0,313071,6,0,0.22850630184018988,0.1505171975861193,0
1101,55,53294.0,salaried,601.0,48765.0,83835,12,0,0.13108886553833451,0.9150185761999474,1
1102,52,88277.0,contract,,6428.0,306764,6,0,0.28958467853083664,0.07281624885304212,1
1103,44,19694.0,salaried,611.0,15641.0,413562,24,0,1.7499492231136387,0.7942012795775363,1
1104,34,73150.0,salaried,593.0,10313.0,196841,6,0,0.22424356345408977,0.1409842788790157,1
1105,52,82470.0,self_employed,759.0,42944.0,302321,36,0,0.3054858332322865,0.5207226870377106,1
1106,36,,salaried,757.0,4140.0,36199,6,0,0.08251951344056607,0.11325090272458693,1
1107,24,64086.0,self_employed,666.0,17936.0,295078,6,1,0.3837005482216605,0.2798739194207783,1
1108,57,114468.0,salaried,708.0,2792.0,477237,36,0,0.3474311598001188,0.024391096201558514,1
1109,41,,contract,544.0,2723.0,49029,18,0,0.08443900221133775,0.0562754458842251,1
1110,34,83602.0,salaried,829.0,21960.0,399374,18,0,0.3980905560473035,0.26267314179086626,1
1111,51,17460.0,self_employed,,2022.0,483752,18,0,2.3088583428789615,0.11580756013745705,1
1112,38,87356.0,salaried,541.0,36956.0,61019,24,0,0.058209128928369734,0.42305050597554833,1
1113,27,69698.0,salaried,784.0,31041.0,169801,36,0,0.2030199336183726,0.44536428591925165,1
1114,30,116746.0,salaried,599.0,27089.0,263770,24,0,0.18827911306026188,0.23203364569235777,0
1115,27,31191.0,contract,,603.0,363463,24,1,0.9710680431321,0.019332499759546023,1
1116,53,99631.0,salaried,505.0,7028.0,399676,24,0,0.33429688885320163,0.07054029368369283,1
1117,43,25529.0,self_employed,541.0,7150.0,220374,36,0,0.7193583767480121,0.2800736417407654,1
1118,41,47175.0,salaried,752.0,47657.0,249823,12,0,0.44130542307012893,1.010217276099629,1
1119,39,32675.0,salaried,575.0,24902.0,444548,12,0,1.1337617954603418,0.7621117061973987,1
1120,39,61798.0,salaried,541.0,44798.0,126097,18,0,0.1700392137825388,0.7249101912683258,1
1121,56,85910.0,self_employed,850.0,22346.0,55183,24,0,0.05352791681216777,0.2601094168315679,1
1122,49,,self_employed,767.0,15942.0,122382,18,0,0.07014099037138927,0.1096423658872077,0
1123,38,93678.0,contract,716.0,2775.0,65609,24,0,0.05836393461289381,0.029622750272209057,0
1124,22,77821.0,contract,563.0,30518.0,320060,18,1,0.34273096807631187,0.39215635882345384,1
1125,21,27204.0,salaried,678.0,3639.0,285179,6,0,0.8735817036710287,0.13376709307454787,1
1126,25,22394.0,self_employed,528.0,25166.0,481076,36,0,1.7901967788991098,1.1237831562025542,1
1127,40,79814.0,salaried,774.0,850.0,370816,24,0,0.38716682954535964,0.01064976069361265,0
1128,31,48593.0,self_employed,715.0,49591.0,181146,24,0,0.310651739962546,1.0205379375630235,1
1129,22,130064.0,salaried,800.0,7800.0,474617,24,0,0.3040919598556608,0.05997047607331775,0
1130,23,68365.0,self_employed,553.0,6575.0,44613,36,0,0.054380896657646456,0.09617494331894975,0
1131,43,146515.0,salaried,579.0,43955.0,471790,6,0,0.2683399879420765,0.3000034126198683,0
1132,32,118700.0,salaried,693.0,28999.0,25825,12,0,0.018130440887391183,0.2443049705139006,0
1133,40,112077.0,salaried,699.0,19292.0,453803,36,1,0.33741906605875127,0.17213165948410467,1
1134,25,149537.0,salaried,512.0,30249.0,192320,6,0,0.10717525874309813,0.20228438446672062,1
1135,57,83247.0,salaried,721.0,21577.0,371182,18,1,0.371566943353314,0.25919252345429866,1
1136,58,69740.0,self_employed,692.0,,453920,24,0,0.5423955644775834,0.25706911385144826,1
1137,50,42898.0,self_employed,826.0,30238.0,82688,24,0,0.16062908915722568,0.7048813464497179,1
1138,29,147991.0,salaried,739.0,44639.0,34363,12,0,0.019349712707754752,0.30163320742477584,0
1139,54,77613.0,salaried,769.0,32001.0,164061,18,1,0.17615283522090372,0.4123149472382204,1
1140,55,111707.0,salaried,797.0,18199.0,461076,6,1,0.34396233002408083,0.16291727465601977,0
1141,42,126777.0,self_employed,598.0,35044.0,472941,18,1,0.31087460659267846,0.2764223794536864,1
1142,44,62003.0,salaried,719.0,1450.0,320404,18,0,0.43062970071340634,0.023385965195232488,0
1143,37,63478.0,salaried,831.0,32453.0,165210,12,0,0.21688616528561075,0.5112479914301018,1
1144,30,,salaried,603.0,26623.0,452688,6,0,0.5095771984330677,0.35962447656355534,1
1145,50,148071.0,salaried,564.0,29415.0,371532,12,0,0.20909563655273483,0.19865469943473063,0
1146,43,67800.0,salaried,644.0,36312.0,249579,6,0,0.30675884955752214,0.5355752212389381,1
1147,52,20445.0,salaried,537.0,48105.0,124826,36,0,0.5087878046792207,2.3528980190755684,1
1148,37,15246.0,salaried,527.0,37674.0,379301,36,0,2.0732268573177666,2.4710743801652892,1
1149,37,46153.0,salaried,788.0,5848.0,434834,24,0,0.785131338518984,0.12670898966481053,0
1150,34,20212.0,salaried,736.0,24749.0,242227,12,0,0.9986930206478,1.2244706115179103,1
1151,29,149411.0,salaried,625.0,9290.0,197135,36,0,0.10995118610187113,0.06217748358554591,1
1152,60,71238.0,salaried,825.0,17506.0,431220,18,0,0.5044358348072658,0.2457396333417558,1
1153,22,68871.0,salaried,584.0,10752.0,145839,18,0,0.17646396886933544,0.15611795966371914,0
1154,45,115672.0,salaried,736.0,26618.0,464811,36,0,0.33486280171519467,0.23011619060792585,1
1155,59,49607.0,self_employed,745.0,7284.0,171292,12,0,0.28774836884579463,0.1468341161529623,1
1156,29,,salaried,765.0,44738.0,137811,24,0,0.17126612482290657,0.667183655208411,1
1157,42,,self_employed,,21736.0,466099,18,0,0.32500969243599503,0.18187751550092462,1
1158,24,142378.0,salaried,791.0,18560.0,180096,24,0,0.10540954360926548,0.1303572181095394,0
1159,46,102687.0,salaried,,10613.0,168593,18,0,0.13681787048668934,0.10335290737873343,0
1160,49,80078.0,salaried,727.0,15934.0,161825,6,0,0.16840351490629968,0.19898099353130697,1
1161,54,149763.0,salaried,739.0,28907.0,487489,36,1,0.2712558063963284,0.19301830225088973,1
1162,43,149913.0,salaried,572.0,14155.0,458553,12,0,0.254899508381528,0.09442143109670276,1
1163,57,117652.0,self_employed,658.0,4837.0,241856,18,1,0.17130747175285305,0.04111277326352293,1
1164,31,78197.0,self_employed,711.0,39101.0,273097,36,0,0.29103524858157387,0.500031970535954,1
1165,26,70773.0,salaried,635.0,28348.0,51325,24,0,0.06043382834320056,0.40054823167026976,1
1166,38,133943.0,salaried,782.0,48734.0,176407,12,1,0.10975253154948995,0.36384133549345615,0
1167,41,42584.0,salaried,663.0,16674.0,160608,12,0,0.31429644937065565,0.391555513808003,1
1168,56,18338.0,salaried,636.0,44891.0,313229,36,0,1.4234058603264623,2.447976878612717,1
1169,58,77601.0,contract,670.0,23892.0,446503,36,0,0.4794858743229254,0.3078826303784745,1
1170,54,51282.0,salaried,651.0,5593.0,290144,36,0,0.4714844714844715,0.10906360906360907,0
1171,37,130447.0,contract,664.0,47242.0,499341,6,0,0.31899353760531096,0.3621547448389001,0
1172,57,110798.0,salaried,796.0,8759.0,362921,6,1,0.2729599511423191,0.0790537735338183,0
1173,45,145963.0,salaried,,22022.0,179263,12,0,0.10234500067368671,0.15087385159252686,0
1174,58,123611.0,salaried,721.0,,248914,36,0,0.16780734184929605,0.17436959493896173,0
1175,32,26158.0,self_employed,781.0,19422.0,115160,6,0,0.3668731044677218,0.7424879577949385,1
1176,43,25547.0,salaried,628.0,32294.0,32967,12,0,0.10753708850354249,1.2641014600540181,1
1177,42,103713.0,salaried,719.0,35071.0,144481,18,0,0.11609039689656392,0.33815432973687004,1
1178,41,17459.0,salaried,672.0,16692.0,457790,36,0,2.1850716917731066,0.9560685033507074,1
1179,47,78146.0,salaried,847.0,18580.0,426462,6,0,0.4547705576740972,0.2377600900877844,1
1180,51,118577.0,salaried,595.0,31773.0,223075,12,0,0.15677225206687076,0.26795246970323083,1
1181,26,122761.0,salaried,551.0,461.0,34347,36,1,0.023315629556618145,0.0037552642940347505,0
1182,47,118727.0,self_employed,,45690.0,349502,12,0,0.2453120744789868,0.3848324307023676,1
1183,60,65460.0,self_employed,563.0,,497160,18,0,0.6329055912007333,0.7410937977390774,1
1184,54,97970.0,salaried,520.0,4732.0,166454,12,0,0.14158585961688952,0.04830050015310809,0
1185,32,30419.0,self_employed,605.0,17029.0,479936,12,0,1.3147922899065276,0.5598145895657319,1
1186,27,50577.0,salaried,,22398.0,231207,18,0,0.3809488502679083,0.442849516578682,0
1187,30,17921.0,self_employed,699.0,9588.0,364443,24,0,1.69467384632554,0.5350147871212544,1
1188,37,55935.0,salaried,831.0,45245.0,118032,36,1,0.1758469652274962,0.8088853133100921,1
1189,46,140534.0,salaried,780.0,28450.0,136815,18,0,0.0811280544209942,0.20244211365221226,0
1190,41,87828.0,salaried,781.0,32639.0,362440,18,0,0.343891849220446,0.37162408343580633,1
1191,48,138649.0,self_employed,599.0,45134.0,159879,36,0,0.09609337247293526,0.32552705032131496,0
1192,22,104062.0,salaried,836.0,9762.0,184275,12,0,0.14756827660433203,0.09380945974515192,1
1193,21,,salaried,526.0,49967.0,451001,6,0,0.5357426255369293,0.7122676473942297,1
1194,56,111491.0,salaried,744.0,18289.0,203373,36,0,0.15201002771524158,0.16404014673830175,0
1195,46,101569.0,salaried,562.0,8040.0,480299,18,1,0.39406626693840313,0.07915801081038505,1
1196,49,87467.0,self_employed,841.0,12359.0,336186,12,0,0.32029794093772507,0.14129900419586816,1
1197,41,137537.0,salaried,537.0,37666.0,45710,24,0,0.02769557767485598,0.27386085198891935,0
1198,31,68806.0,contract,801.0,3204.0,346622,12,0,0.4198059277776163,0.04656570647908612,0
1199,60,146332.0,salaried,,44830.0,61411,6,1,0.034972414327237605,0.3063581444933439,1
1200,31,,salaried,570.0,33897.0,297917,12,0,0.27284175165582325,0.3725272551433093,0
1201,56,37320.0,self_employed,633.0,46750.0,483107,6,0,1.0787491068238657,1.252679528403001,1
1202,59,93971.0,self_employed,752.0,31076.0,100693,24,0,0.08929439224157808,0.3306977684604825,0
1203,60,63581.0,salaried,512.0,43015.0,35710,24,0,0.04680381455675962,0.6765385885720577,1
1204,55,108645.0,salaried,673.0,18181.0,142785,12,0,0.10951953610382438,0.167343181922776,0
1205,54,35754.0,self_employed,589.0,18868.0,469219,36,1,1.093628218754079,0.5277171784975108,1
1206,44,84837.0,salaried,788.0,22607.0,444787,36,0,0.43690351301122543,0.2664757122481936,0
1207,42,138746.0,self_employed,706.0,24107.0,377559,36,0,0.22676869963818777,0.17374915312873884,1
1208,25,129780.0,salaried,561.0,17072.0,145585,24,0,0.09348191811784044,0.13154569271074126,1
1209,53,102081.0,contract,818.0,28039.0,239310,6,0,0.19535956740235697,0.2746740333656606,0
1210,56,39016.0,salaried,811.0,45955.0,413927,18,0,0.8840966953728385,1.1778501127742464,1
1211,40,75522.0,salaried,538.0,22815.0,402651,12,0,0.44429768809088743,0.30209740208151264,1
1212,39,135896.0,salaried,559.0,48948.0,195721,6,1,0.12001886246345245,0.36018720197798315,1
1213,55,127099.0,contract,604.0,27586.0,407002,18,0,0.2668536600078154,0.21704340710784506,1
1214,37,119429.0,self_employed,738.0,28478.0,304033,24,0,0.2121434771565812,0.23845129742357385,0
1215,54,16924.0,salaried,,22385.0,444520,18,0,2.1888048530686204,1.32267785393524,1
1216,29,,salaried,582.0,28897.0,289583,24,0,0.24128297422053357,0.28892666100084985,0
1217,46,119987.0,salaried,719.0,30028.0,376053,24,0,0.26117621075616526,0.2502604448815288,0
1218,22,69333.0,salaried,604.0,30112.0,263897,6,0,0.31718541916066906,0.4343097803354824,1
1219,29,141372.0,salaried,573.0,39806.0,243883,36,0,0.14375960822039252,0.28156919333389924,1
1220,29,,salaried,634.0,44830.0,323270,36,0,0.18403835731234658,0.30626186995313504,0
1221,60,103495.0,salaried,561.0,29216.0,190126,6,0,0.15308791084915535,0.2822938306198367,0
1222,37,84767.0,salaried,500.0,2525.0,286732,12,0,0.2818824935804421,0.029787535243667937,1
1223,21,119332.0,self_employed,578.0,28057.0,366183,24,0,0.25571724265075585,0.23511715214695136,1
1224,45,54426.0,salaried,564.0,36146.0,27511,12,1,0.04212294369112801,0.6641311138059016,1
1225,60,21336.0,salaried,682.0,27861.0,473106,24,0,1.847839332583427,1.3058211473565804,1
1226,45,127200.0,salaried,565.0,44568.0,42674,24,1,0.027957285115303983,0.35037735849056606,1
1227,59,32256.0,salaried,822.0,9243.0,412804,36,0,1.066478587962963,0.2865513392857143,1
1228,55,48719.0,self_employed,707.0,29280.0,76820,36,0,0.1313997961096629,0.6009975574211294,1
1229,23,,self_employed,,24662.0,123761,24,1,0.18088318688578262,0.4325376642054124,1
1230,57,60704.0,salaried,720.0,29384.0,381556,36,0,0.5237930504305043,0.4840537691091197,1
1231,50,45013.0,salaried,735.0,27015.0,464208,36,1,0.8593961744384956,0.600159953791127,1
1232,58,94991.0,contract,599.0,7524.0,96666,18,0,0.08480277078881157,0.07920750386878757,1
1233,54,85258.0,salaried,602.0,14688.0,39238,18,0,0.038352217191739583,0.17227708836707406,0
1234,32,93348.0,salaried,681.0,14350.0,84333,24,0,0.07528549085143763,0.15372584308180143,1
1235,39,25060.0,self_employed,607.0,39216.0,367278,36,0,1.2213288108539506,1.5648842777334397,1
1236,57,64923.0,salaried,511.0,34045.0,209306,18,1,0.2686592835615524,0.5243904317422177,1
1237,37,93563.0,salaried,842.0,6766.0,62294,12,0,0.05548311476402709,0.07231491080875987,0
1238,30,,salaried,,41479.0,498576,24,0,0.396529838994455,0.3958713100907625,1
1239,32,114704.0,salaried,787.0,7353.0,353506,24,0,0.2568248128516297,0.06410412888826894,0
1240,36,144157.0,salaried,826.0,8578.0,185559,12,0,0.10726673002351603,0.059504567936347175,1
1241,44,125234.0,salaried,713.0,48008.0,88396,24,0,0.058820554588477035,0.38334637558490503,0
1242,39,76687.0,self_employed,543.0,7667.0,324074,36,0,0.35216094861797526,0.0999778319663046,0
1243,28,51491.0,salaried,821.0,13.0,195544,18,0,0.31646954483955125,0.0002524713056650677,1
1244,51,87115.0,salaried,577.0,20570.0,347746,6,0,0.3326503281103522,0.23612466280204328,1
1245,41,132935.0,salaried,554.0,11768.0,44285,18,1,0.02776106117024611,0.08852446684469854,0
1246,37,98778.0,self_employed,771.0,49155.0,171301,12,0,0.14451682898351184,0.4976310514487032,0
1247,43,35448.0,salaried,843.0,27645.0,45413,6,0,0.10675966674189423,0.7798747461069736,1
1248,57,66550.0,self_employed,570.0,32407.0,168382,36,0,0.21084648134234912,0.4869571750563486,1
1249,36,64294.0,self_employed,567.0,3290.0,89141,36,0,0.11553825655063718,0.05117118238093757,0
1250,26,36446.0,self_employed,679.0,44619.0,397172,18,0,0.9081289213265288,1.2242495747132744,1
1251,28,91579.0,salaried,673.0,46238.0,400581,24,0,0.36451315257864797,0.5048974109784994,1
1252,45,129679.0,self_employed,668.0,40698.0,97113,24,0,0.06240601793659729,0.3138364731375165,1
1253,38,100615.0,salaried,760.0,14045.0,44517,12,0,0.03687074491874969,0.13959151219997018,1
1254,45,,salaried,624.0,45759.0,265660,24,0,0.6896462207823225,1.4254696115385814,1
1255,32,43016.0,salaried,630.0,4826.0,229847,36,0,0.44527423904283675,0.11219081272084806,1
1256,35,105481.0,contract,,40308.0,172458,6,0,0.136247286241124,0.38213517126307106,0
1257,46,67802.0,salaried,653.0,38928.0,132047,18,1,0.16229486839129623,0.5741423556827232,1
1258,46,22549.0,self_employed,829.0,3973.0,178037,18,0,0.6579633982290419,0.1761940662557098,1
1259,52,62842.0,salaried,624.0,27118.0,168283,18,0,0.22315622248390143,0.43152668597434835,1
1260,30,,salaried,599.0,26218.0,475858,24,0,0.6443854032943879,0.4260387721607436,1
1261,36,48717.0,self_employed,552.0,26065.0,227526,6,0,0.38919678962169263,0.5350288400353059,1
1262,27,130042.0,salaried,831.0,22971.0,341669,24,1,0.21894785274501058,0.17664293074545148,1
1263,37,142922.0,self_employed,627.0,45018.0,123453,24,0,0.07198157036705335,0.31498299771903554,1
1264,43,107447.0,self_employed,,31498.0,76170,36,0,0.05907563729094344,0.2931491805262129,1
1265,46,98402.0,salaried,504.0,31076.0,221699,36,1,0.1877494021124232,0.31580658929696553,1
1266,41,57607.0,salaried,749.0,19617.0,397216,24,0,0.5746060953240636,0.34053153262624336,1
1267,42,27823.0,salaried,526.0,30894.0,340085,12,0,1.0185967245324612,1.110376307371599,1
1268,27,44986.0,salaried,624.0,17770.0,380456,12,0,0.7047674091198743,0.39501178144311566,1
1269,34,136682.0,salaried,528.0,,85452,12,0,0.052099032791442915,0.05518649127171098,0
1270,35,79325.0,salaried,502.0,17581.0,278183,24,0,0.29223973106418744,0.22163252442483455,1
1271,27,142925.0,contract,727.0,18669.0,70465,6,0,0.041085067926068454,0.130620955046353,0
1272,29,72771.0,salaried,636.0,,426479,12,0,0.48838021556205996,0.21329925382363854,1
1273,28,69973.0,self_employed,756.0,25563.0,217586,36,0,0.2591309028720602,0.3653266259843082,1
1274,43,54107.0,salaried,739.0,46069.0,214183,18,0,0.32987567843963506,0.8514425120594378,1
1275,49,72888.0,salaried,778.0,44949.0,302251,18,0,0.3455655709215966,0.6166858742179783,0
1276,38,,salaried,822.0,19343.0,497226,24,0,1.5963746339959932,0.7452226845430729,1
1277,51,101839.0,self_employed,659.0,46697.0,162440,18,0,0.1329222269137233,0.45853749545851785,1
1278,50,116131.0,salaried,505.0,41547.0,243031,24,0,0.174394290356006,0.3577597712927642,1
1279,59,82594.0,self_employed,804.0,17924.0,498238,18,0,0.5026979360889814,0.21701334237353803,0
1280,55,26519.0,salaried,642.0,41753.0,302281,6,0,0.9498881305227699,1.5744560503789735,1
1281,38,16832.0,salaried,680.0,28492.0,253120,6,1,1.253168567807351,1.6927281368821292,1
1282,59,128922.0,salaried,529.0,46315.0,289074,6,0,0.1868532911372768,0.3592482276104932,0
1283,37,120474.0,salaried,752.0,32066.0,316700,6,0,0.21906524782664033,0.26616531367764,1
1284,34,84715.0,salaried,539.0,22047.0,234234,12,0,0.23041374018768812,0.26024907041255974,0
1285,51,86835.0,self_employed,686.0,6320.0,292343,36,0,0.28055411604383795,0.07278171244313929,1
1286,44,88366.0,self_employed,818.0,49270.0,61072,6,0,0.05759379550204075,0.5575673901726909,1
1287,55,52570.0,self_employed,803.0,41573.0,198907,12,0,0.3153049901718344,0.7908122503328895,1
1288,54,53311.0,self_employed,726.0,14700.0,56534,24,0,0.0883713805155909,0.2757404663202716,1
1289,23,105245.0,contract,719.0,29157.0,72483,18,0,0.05739227516746639,0.27703928927740035,1
1290,57,118187.0,contract,823.0,14284.0,419371,18,0,0.2956973553210872,0.12085931616844492,0
1291,60,,salaried,542.0,28993.0,424950,12,1,0.9213847114534006,0.7543581204142166,1
1292,46,101879.0,salaried,643.0,7503.0,86899,18,0,0.07108023570444678,0.07364618812512883,0
1293,43,30739.0,salaried,777.0,11489.0,31111,6,0,0.08434182417558585,0.3737597189238427,1
1294,59,81202.0,salaried,818.0,17673.0,376251,18,0,0.3861265732371124,0.21764242260042857,1
1295,35,113580.0,contract,673.0,32991.0,456469,6,0,0.3349100487174972,0.2904648705758056,0
1296,24,94599.0,salaried,746.0,12859.0,461593,6,1,0.4066225153895214,0.13593166946796478,1
1297,49,131770.0,salaried,672.0,11015.0,281689,18,0,0.17814436771141637,0.08359262351066252,1
1298,42,54470.0,salaried,540.0,43974.0,59420,12,0,0.09090630928339759,0.8073067743712136,1
1299,45,89965.0,salaried,549.0,38447.0,121679,24,0,0.11270957224105671,0.4273550825320958,1
1300,33,140332.0,salaried,822.0,,163223,12,1,0.09692669289019373,0.1355642333893909,1
1301,38,144681.0,salaried,679.0,13096.0,167323,36,0,0.09637466794764574,0.09051637740961149,0
1302,53,129300.0,salaried,841.0,25562.0,353312,36,0,0.22770817220933232,0.19769528228924982,0
1303,36,52997.0,salaried,658.0,14202.0,154504,6,0,0.24294456918945098,0.26797743268486895,1
1304,22,,salaried,536.0,1023.0,167146,6,0,0.1234770917364774,0.009068746952705996,1
1305,55,137202.0,salaried,526.0,25848.0,116299,12,1,0.07063733278912358,0.188393755193073,1
1306,54,17526.0,salaried,755.0,1779.0,58206,12,0,0.27676024192628096,0.1015063334474495,0
1307,50,88339.0,salaried,777.0,44890.0,34942,6,0,0.032962036397665054,0.508156080553323,0
1308,33,21574.0,salaried,748.0,48548.0,363333,24,0,1.4034370075090385,2.2503012885881155,1
1309,33,23733.0,self_employed,680.0,10426.0,174108,24,0,0.611342855938988,0.4393039228079046,1
1310,38,65290.0,salaried,516.0,12536.0,125992,36,1,0.16081074181855312,0.19200490120998623,1
1311,52,87793.0,self_employed,624.0,11351.0,419109,24,0,0.39781930222227285,0.1292927682161448,0
1312,52,51051.0,self_employed,811.0,3983.0,299877,18,0,0.48950559244676894,0.07802001919648978,0
1313,55,30909.0,self_employed,711.0,46873.0,85843,6,0,0.23144014149061223,1.5164838720113882,1
1314,59,92338.0,salaried,736.0,41983.0,160610,12,1,0.14494754777736865,0.4546665511490394,1
1315,49,88432.0,salaried,798.0,14581.0,296063,6,0,0.2789930869670104,0.16488375248778722,0
1316,49,43133.0,salaried,699.0,48030.0,338351,18,0,0.6536970919404324,1.113532562075441,1
1317,36,94062.0,salaried,680.0,15770.0,158881,24,0,0.14075910924000481,0.1676553762412026,0
1318,30,126546.0,contract,629.0,7385.0,83523,6,0,0.0550017384982536,0.058358225467418964,1
1319,50,66458.0,salaried,620.0,22542.0,255112,18,0,0.3198912596426816,0.3391916699268711,1
1320,45,70415.0,contract,686.0,20223.0,196838,24,1,0.23294989230514332,0.28719733011432225,1
1321,59,69160.0,self_employed,726.0,49977.0,443202,36,0,0.5340297860034702,0.7226286871023713,0
1322,40,69399.0,salaried,661.0,35504.0,257431,36,0,0.3091194877928116,0.511592386057436,0
1323,25,40298.0,self_employed,611.0,19158.0,44093,36,0,0.0911811173424653,0.4754082088441114,1
1324,21,104407.0,salaried,633.0,25067.0,51660,18,1,0.041232867528039306,0.2400892660453801,1
1325,50,77513.0,salaried,685.0,10051.0,323021,18,0,0.3472761558276246,0.12966857172345284,1
1326,23,66097.0,salaried,674.0,43299.0,394364,12,0,0.497203604803042,0.6550826815135331,1
1327,34,50198.0,contract,760.0,25167.0,324616,12,0,0.5388926517656746,0.5013546356428543,0
1328,50,64997.0,salaried,816.0,35502.0,100832,36,0,0.129277761537712,0.5462098250688493,1
1329,24,146639.0,self_employed,811.0,32570.0,153355,6,0,0.087149962379267,0.22211007985597284,0
1330,38,17179.0,salaried,768.0,1492.0,388000,24,0,1.8821429264411975,0.086850224110833,1
1331,57,17019.0,salaried,781.0,41907.0,444296,12,1,2.1754901384726875,2.4623655913978495,1
1332,45,96455.0,salaried,723.0,26151.0,130520,24,0,0.1127641559967515,0.2711212482504795,0
1333,21,,salaried,751.0,682.0,306662,6,0,0.1801143665320487,0.00480677741519421,1
1334,35,84445.0,salaried,563.0,25204.0,433378,36,0,0.42767284425760355,0.2984664574575167,1
1335,29,88551.0,salaried,817.0,20866.0,45443,24,0,0.04276537437935954,0.23563821978294994,1
1336,35,18420.0,self_employed,623.0,46662.0,152454,36,0,0.6897122692725298,2.5332247557003256,1
1337,44,74875.0,salaried,569.0,21131.0,105534,24,1,0.11745575959933222,0.2822170283806344,1
1338,24,31740.0,contract,737.0,44714.0,109015,6,0,0.2862187565637471,1.4087586641461878,1
1339,32,,salaried,574.0,32868.0,487927,12,0,0.5065918708911121,0.40950375640083225,1
1340,57,120789.0,salaried,509.0,1093.0,266784,18,0,0.1840564952106566,0.009048837228555581,0
1341,57,34465.0,salaried,767.0,13485.0,210821,36,0,0.5097466028337927,0.39126650224865805,1
1342,26,19131.0,salaried,587.0,10683.0,44693,12,1,0.19467966476748036,0.558413046887251,1
1343,59,25652.0,contract,549.0,20156.0,55294,24,1,0.17962861895108895,0.7857476999844066,1
1344,44,62671.0,self_employed,642.0,41392.0,329924,12,0,0.438698387877434,0.6604649678479679,1
1345,31,104342.0,self_employed,558.0,5334.0,210576,18,1,0.16817772325621513,0.05112035421977727,1
1346,33,34171.0,self_employed,817.0,33304.0,111330,36,0,0.2715021509467092,0.9746276082057885,1
1347,54,73541.0,self_employed,710.0,49752.0,371883,36,0,0.4214009872044166,0.6765205803565358,1
1348,45,24470.0,salaried,571.0,42626.0,496179,12,0,1.6897527584797711,1.7419697588884349,1
1349,27,59308.0,self_employed,743.0,35523.0,52029,6,0,0.07310565185135226,0.5989579820597558,1
1350,24,117840.0,salaried,738.0,8510.0,235497,24,0,0.1665372539035981,0.07221656483367278,0
1351,28,64477.0,salaried,689.0,15645.0,326918,12,0,0.42252534495504857,0.24264466398870915,0
1352,40,123261.0,self_employed,549.0,23900.0,490463,6,0,0.3315883910293334,0.1938975020484987,1
1353,49,117466.0,salaried,704.0,31107.0,175214,36,0,0.12430121623845765,0.26481705344525225,1
1354,30,48071.0,self_employed,553.0,42822.0,350836,24,1,0.6081906624229438,0.8908073474652077,1
1355,54,,salaried,809.0,44692.0,495711,36,0,0.4828103085553997,0.5223468910705937,0
1356,46,91762.0,self_employed,723.0,34295.0,310065,18,0,0.28158442492535035,0.3737385845992895,0
1357,23,17369.0,salaried,655.0,24646.0,424255,6,1,2.035499069222945,1.4189648223847084,1
1358,26,124963.0,salaried,550.0,443.0,356124,18,1,0.2374862959435993,0.0035450493346030425,1
1359,25,15528.0,salaried,740.0,48417.0,152701,18,0,0.819492744289885,3.118044822256569,1
1360,25,123806.0,self_employed,829.0,41346.0,437568,18,0,0.2945253057202397,0.3339579664959695,0
1361,43,117979.0,salaried,660.0,5674.0,252085,6,1,0.17805781819928404,0.048093304740674185,1
1362,29,34748.0,salaried,628.0,37963.0,330636,24,0,0.7929377230344192,1.0925233106941408,1
1363,55,50109.0,salaried,584.0,1869.0,131260,36,0,0.21829079273849675,0.03729868885828893,1
1364,40,28919.0,salaried,568.0,42971.0,303351,24,0,0.8741398388602649,1.4859089180123795,1
1365,55,62498.0,contract,554.0,27497.0,293667,24,0,0.39156853019296617,0.43996607891452527,0
1366,38,70808.0,salaried,584.0,30060.0,443345,24,0,0.5217689620758483,0.42452830188679247,1
1367,37,85441.0,salaried,844.0,44311.0,351723,36,0,0.34304666377968424,0.5186151847473696,0
1368,44,,salaried,828.0,16663.0,186499,36,0,0.12062419637336397,0.1293279417585744,0
1369,23,89420.0,salaried,579.0,770.0,483993,6,0,0.45104842317155,0.008611048982330574,0
1370,52,122447.0,salaried,719.0,21946.0,36003,12,0,0.024502437789410927,0.17922856419512115,0
1371,55,81896.0,self_employed,609.0,29000.0,66596,36,0,0.06776480739800071,0.35410764872521244,0
1372,58,,contract,752.0,1559.0,258546,36,1,0.1819244961201037,0.013163783131105876,0
1373,33,62020.0,salaried,816.0,27073.0,285960,12,1,0.3842308932602386,0.4365204772653983,0
1374,45,37161.0,salaried,663.0,44327.0,301254,36,0,0.6755603993433976,1.1928365759801942,1
1375,29,42738.0,contract,602.0,28123.0,348248,24,0,0.6790366106665419,0.6580326641396416,1
1376,24,149997.0,salaried,612.0,6982.0,327742,36,0,0.1820825305394997,0.04654759761861904,0
1377,34,72153.0,salaried,751.0,18824.0,475174,6,0,0.5488036995458724,0.2608900530816459,0
1378,57,76009.0,salaried,651.0,,476715,36,0,0.5226519227986159,0.43252772697969977,1
1379,54,102938.0,salaried,835.0,9147.0,155177,12,0,0.12562335256821258,0.08885931337309837,1
1380,31,114546.0,self_employed,750.0,7078.0,130748,24,0,0.09512044651639225,0.06179176924554328,0
1381,23,71271.0,contract,587.0,19744.0,281107,12,1,0.3286832418982943,0.27702712183075867,1
1382,48,24797.0,salaried,599.0,19873.0,121076,36,0,0.4068906184887957,0.8014275920474251,1
1383,49,101130.0,self_employed,619.0,317.0,392876,36,1,0.3237384224925014,0.0031345792544249973,1
1384,29,86942.0,salaried,802.0,33108.0,89590,6,0,0.08587142386111814,0.38080559453428725,0
1385,23,,salaried,703.0,,109797,24,0,0.068761507533912,0.3486717017998722,1
1386,45,28965.0,salaried,648.0,37212.0,40382,36,0,0.11618044766672421,1.284722941481098,1
1387,54,28733.0,self_employed,700.0,18458.0,118440,6,0,0.34350746528382,0.6423972435875126,1
1388,32,142182.0,salaried,794.0,45456.0,41170,6,1,0.024129871104171648,0.3197029159809259,0
1389,29,98360.0,salaried,502.0,16041.0,312439,12,0,0.2647070286024129,0.16308458723058153,1
1390,35,123378.0,contract,567.0,22062.0,373679,24,0,0.25239440310806355,0.17881632057579147,1
1391,60,43287.0,self_employed,653.0,45423.0,247770,18,0,0.4769907824520064,1.0493450689583477,1
1392,45,97104.0,contract,681.0,43350.0,332761,6,1,0.28557096858351183,0.44642857142857145,1
1393,25,,salaried,512.0,12180.0,57539,18,0,0.047047732119261616,0.11951018485811846,1
1394,31,18188.0,self_employed,688.0,45959.0,400664,12,0,1.8357525108129902,2.526885858808005,1
1395,54,106205.0,salaried,519.0,13384.0,431136,6,0,0.33828915776093404,0.12602043218304224,0
1396,44,112349.0,contract,838.0,44153.0,448308,24,1,0.3325263242218444,0.3929986025687812,1
1397,35,25204.0,contract,782.0,,193411,18,0,0.639485134634714,0.4811934613553404,1
1398,58,57120.0,contract,509.0,12473.0,487876,24,0,0.7117705415499533,0.21836484593837535,0
1399,28,117903.0,contract,687.0,39747.0,32037,18,0,0.02264361381813864,0.3371161039159309,1
1400,25,52081.0,salaried,,2366.0,134317,12,0,0.21491682827390668,0.04542923522973829,1
1401,46,49986.0,self_employed,518.0,27578.0,486012,6,0,0.8102468691233545,0.5517144800544153,1
1402,38,94322.0,salaried,642.0,45649.0,452768,6,0,0.40001979036350654,0.48396980555967856,1
1403,26,109819.0,self_employed,602.0,15327.0,256679,12,0,0.19477428010332154,0.13956601316712045,0
1404,57,145015.0,contract,802.0,1565.0,427662,36,1,0.24575733544805708,0.01079198703582388,1
1405,33,65304.0,salaried,740.0,36472.0,356939,18,0,0.45548383968312306,0.5584956511086611,1
1406,48,80592.0,salaried,651.0,26976.0,309658,18,0,0.3201910032426709,0.334723049434187,1
1407,25,73548.0,self_employed,771.0,,233202,36,0,0.26422880295861206,0.5026513297438407,1
1408,33,113447.0,salaried,836.0,45473.0,30582,12,0,0.0224642344002045,0.4008303436847162,0
1409,37,54986.0,salaried,687.0,12209.0,469894,24,0,0.7121418785387795,0.22203833703124431,1
1410,60,89095.0,salaried,709.0,12929.0,386952,24,0,0.36192827880352435,0.1451147651383355,1
1411,52,106594.0,salaried,676.0,10444.0,461674,12,0,0.360928695173587,0.09797924836294726,1
1412,49,103281.0,self_employed,693.0,8756.0,141242,24,0,0.11396255522958401,0.08477842003853564,1
1413,23,81151.0,salaried,676.0,3453.0,262171,12,0,0.26922136921705625,0.04255030745154095,1
1414,60,88598.0,salaried,565.0,48424.0,168259,18,0,0.15826072070851863,0.5465586130612429,0
1415,54,,contract,809.0,42262.0,340681,18,0,0.656964949630521,0.977970102281668,1
1416,60,53745.0,self_employed,501.0,47292.0,342963,36,0,0.5317750488417528,0.8799330170248395,1
1417,47,105810.0,salaried,816.0,26326.0,143113,12,0,0.11271225152002017,0.24880446082600888,1
1418,33,15944.0,salaried,770.0,24001.0,235559,24,0,1.231178917879244,1.5053311590566985,1
1419,53,108993.0,self_employed,,33025.0,300675,12,0,0.22988861670015506,0.303001110163038,1
1420,26,24114.0,salaried,542.0,14788.0,321308,6,1,1.1103784799977883,0.6132537115368666,1
1421,44,54846.0,self_employed,,1046.0,472915,36,0,0.7185498182790602,0.019071582248477555,1
1422,39,47596.0,self_employed,725.0,6646.0,100665,6,0,0.17624905454239853,0.13963358265400455,0
1423,36,,salaried,785.0,28160.0,489794,36,0,0.34274242080719697,0.2364657771209284,0
1424,60,21907.0,contract,562.0,26287.0,87259,36,0,0.33192967240303706,1.1999360934861003,1
1425,48,40009.0,salaried,779.0,16432.0,147362,36,0,0.30693510626775644,0.4107075907920718,1
1426,53,99846.0,salaried,513.0,24743.0,463514,6,0,0.38685742710440746,0.2478116299100615,1
1427,33,,contract,527.0,34621.0,126627,36,0,0.16174261583973268,0.5306632332428994,1
1428,45,33996.0,salaried,641.0,44814.0,494347,12,0,1.2117773659646234,1.3182139075185315,1
1429,56,43767.0,self_employed,607.0,20125.0,108284,12,1,0.20617512433264026,0.459821326570247,1
1430,47,31347.0,self_employed,789.0,34836.0,128605,6,0,0.3418854542167778,1.1113025169872714,1
1431,58,117063.0,salaried,577.0,46184.0,242015,18,0,0.17228258857766046,0.39452260748485857,1
1432,27,39102.0,contract,746.0,40225.0,48337,18,0,0.10301476480316438,1.0287197585801238,1
1433,25,19263.0,salaried,511.0,5823.0,266491,6,0,1.1528621363927392,0.3022893630275658,1
1434,51,123585.0,salaried,683.0,26025.0,356274,36,0,0.24023546546911032,0.21058380871464982,1
1435,43,82438.0,contract,816.0,32996.0,451579,36,0,0.4564834582757143,0.400252310827531,0
1436,30,111359.0,salaried,795.0,36020.0,226417,36,0,0.16943474109262235,0.323458364389048,1
1437,52,145251.0,self_employed,739.0,33119.0,245293,6,1,0.14072938109433555,0.22801219957177576,1
1438,50,42690.0,self_employed,762.0,35040.0,462346,36,0,0.902525962364332,0.8208011243851019,1
1439,59,17994.0,salaried,834.0,20421.0,20269,12,0,0.09386925271386759,1.1348782927642547,1
1440,51,118533.0,salaried,572.0,24809.0,98901,36,1,0.06953126977297462,0.2093003636118212,1
1441,38,82546.0,salaried,567.0,17241.0,338876,6,0,0.342108238638658,0.20886535992052915,1
1442,56,93572.0,self_employed,786.0,47417.0,103074,36,0,0.09179562262215192,0.5067434702688839,1
1443,22,41467.0,salaried,825.0,9068.0,338311,12,0,0.6798799848875813,0.21867991414860008,1
1444,34,146120.0,salaried,719.0,26834.0,116004,6,1,0.06615795236791679,0.1836435806186696,0
1445,33,62606.0,salaried,546.0,4194.0,306428,18,0,0.40787890404540567,0.06699038430821327,1
1446,49,113112.0,salaried,557.0,26220.0,52744,6,0,0.038858240799679374,0.2318056439635052,0
1447,32,88414.0,self_employed,523.0,13699.0,435236,24,0,0.41022537908777645,0.15494152509783518,1
1448,59,108145.0,contract,789.0,3324.0,419988,18,0,0.3236303111563179,0.03073651116556475,0
1449,22,63115.0,salaried,818.0,,465119,18,1,0.6141157675143257,0.6957300166362989,1
1450,52,104606.0,salaried,523.0,39029.0,259551,6,0,0.20676873219509398,0.37310479322409806,1
1451,33,55647.0,self_employed,563.0,21335.0,452042,24,0,0.6769487423700589,0.3833989253688429,1
1452,47,69607.0,salaried,754.0,,352202,18,1,0.421655389065276,0.38547847199275936,1
1453,37,36996.0,contract,647.0,1432.0,415379,36,0,0.9356394384978556,0.038706887231052006,1
1454,60,98697.0,salaried,615.0,480.0,71435,24,0,0.06031507205555049,0.004863369707285936,1
1455,51,61022.0,salaried,597.0,2970.0,394322,24,0,0.5384970447816635,0.048670971125167974,1
1456,54,55148.0,contract,738.0,34433.0,337452,6,1,0.5099187640530934,0.6243744106767245,1
1457,44,,salaried,782.0,49480.0,101113,6,0,0.10180855605496754,0.5978444734425595,1
1458,55,106901.0,salaried,799.0,14265.0,410472,6,0,0.3199782976772902,0.1334412213169194,0
1459,26,105724.0,salaried,592.0,8608.0,24163,24,1,0.01904565976820148,0.08141954523097877,1
1460,39,139766.0,contract,564.0,7250.0,63750,12,0,0.03800995950374197,0.051872415322753745,0
1461,50,23888.0,self_employed,673.0,944.0,146942,6,0,0.5126074458584505,0.03951774949765573,1
1462,27,113941.0,salaried,809.0,34820.0,35172,12,1,0.025723839530985334,0.3055967562159363,1
1463,30,32333.0,self_employed,734.0,10542.0,57254,18,0,0.14756337694203034,0.3260445983979216,1
1464,52,51355.0,salaried,666.0,7703.0,410235,36,0,0.6656849381754454,0.14999513192483693,1
1465,54,144686.0,salaried,736.0,26232.0,79495,36,0,0.045785931833994535,0.18130295951232323,0
1466,48,118170.0,self_employed,506.0,34219.0,412781,12,0,0.2910926349045161,0.2895743420495896,0
1467,35,90675.0,self_employed,809.0,11203.0,361975,24,0,0.3326670342799375,0.12355114419630549,1
1468,50,82664.0,salaried,542.0,43743.0,99273,36,0,0.10007681699409658,0.5291662634278526,0
1469,57,101153.0,salaried,775.0,40686.0,292997,12,0,0.241381043238131,0.4022223760046662,0
1470,49,108616.0,salaried,839.0,29922.0,78116,6,1,0.059932852127372274,0.2754842748766296,0
1471,42,50285.0,self_employed,652.0,13965.0,456142,12,0,0.7559278777634152,0.2777170130257532,1
1472,24,61996.0,self_employed,,20387.0,243535,18,0,0.32735310880271845,0.3288437963739596,1
1473,40,61947.0,self_employed,712.0,34354.0,366490,12,0,0.493015534785112,0.554570842817247,1
1474,52,66030.0,self_employed,700.0,49541.0,298241,6,0,0.37639583017820183,0.7502801756777222,1
1475,56,57443.0,self_employed,654.0,,347003,12,0,0.5034019230657637,0.0648991173859304,1
1476,24,143344.0,self_employed,719.0,24391.0,72398,6,0,0.04208872828068609,0.17015710458756558,0
1477,47,80464.0,salaried,652.0,25394.0,369575,6,1,0.3827539852190628,0.31559455160071587,1
1478,37,143019.0,salaried,535.0,12299.0,400308,18,0,0.23324872918982792,0.08599556702256343,0
1479,32,135454.0,salaried,725.0,6480.0,450167,18,0,0.2769494933089216,0.04783911881524355,0
1480,42,139444.0,salaried,821.0,28530.0,178325,36,1,0.1065690647619594,0.20459826166776626,0
1481,37,127175.0,self_employed,620.0,47232.0,124215,6,0,0.08139374877137802,0.37139374877137804,1
1482,30,57460.0,contract,508.0,4106.0,230572,6,1,0.33439494140851606,0.07145840584754612,1
1483,21,15015.0,salaried,838.0,41449.0,360592,6,0,2.001287601287601,2.7605061605061607,1
1484,42,,contract,834.0,18703.0,214446,36,0,0.2759624442145251,0.2888181972605278,1
1485,46,,salaried,680.0,32100.0,410392,24,0,0.35424672764248694,0.33250121709947067,0
1486,38,36292.0,salaried,520.0,11120.0,123512,18,1,0.2836070392005584,0.30640361512178993,1
1487,34,137694.0,salaried,771.0,44123.0,192018,18,0,0.11621058288669078,0.3204424303164989,1
1488,49,62046.0,salaried,693.0,,96652,6,0,0.12981228980648765,0.6272765367630467,1
1489,32,29817.0,salaried,525.0,19318.0,449876,36,0,1.2573252395166068,0.6478854344836839,1
1490,56,24759.0,salaried,784.0,25722.0,334075,6,0,1.1244227688248045,1.0388949472918938,1
1491,55,,contract,597.0,31000.0,131590,18,0,0.5121349399090852,1.4477862880627685,1
1492,32,35504.0,salaried,718.0,2505.0,485351,36,0,1.139193236442842,0.07055543037404235,1
1493,27,123500.0,salaried,826.0,23463.0,276414,12,0,0.18651417004048584,0.1899838056680162,1
1494,49,23507.0,salaried,772.0,14786.0,28646,18,0,0.1015513109570199,0.629004126430425,1
1495,31,36050.0,contract,787.0,7798.0,334930,12,0,0.7742256125751271,0.21631067961165049,1
1496,53,115153.0,salaried,565.0,24253.0,436254,24,0,0.31570606063237605,0.21061544206403654,1
1497,26,28587.0,contract,814.0,39702.0,301774,12,0,0.8796947330371614,1.38881309686221,1
1498,35,72732.0,salaried,610.0,9003.0,229830,36,0,0.26332975856569324,0.12378320409173403,1
1499,52,66921.0,salaried,711.0,16439.0,286448,12,1,0.35669919258030613,0.24564785343912973,1
1500,31,132734.0,self_employed,670.0,8899.0,470164,24,0,0.2951793310932642,0.06704386216041104,1
1501,43,145104.0,salaried,838.0,14714.0,380369,18,1,0.21844619491307385,0.10140313154702833,0
1502,46,46440.0,self_employed,558.0,15861.0,254808,24,1,0.45723514211886307,0.3415374677002584,1
1503,54,50183.0,salaried,529.0,20502.0,42007,36,0,0.06975635839494118,0.40854472630173566,1
1504,54,111172.0,self_employed,766.0,28424.0,136821,12,0,0.10255954736804232,0.2556758896124924,0
1505,49,,self_employed,653.0,3316.0,407892,12,1,0.22895575268925847,0.022335832306127536,0
1506,24,,salaried,849.0,13059.0,391977,36,0,0.2522082384279813,0.10083001968883913,0
1507,37,138183.0,salaried,501.0,36257.0,336635,6,0,0.2030127922151543,0.2623839401373541,1
1508,55,81299.0,salaried,668.0,20710.0,427846,36,0,0.4385519297080325,0.254738680672579,1
1509,33,130503.0,salaried,713.0,42360.0,54489,36,0,0.03479421928997801,0.32459023930484354,0
1510,59,54023.0,self_employed,750.0,15201.0,497162,24,0,0.766898666617305,0.2813801528978398,1
1511,35,54941.0,salaried,530.0,17577.0,337945,24,0,0.512587745642295,0.3199250104657724,1
1512,49,136677.0,salaried,818.0,4994.0,67068,36,1,0.040892030114796196,0.03653870073238365,0
1513,49,91054.0,salaried,682.0,7506.0,135874,18,1,0.12435294806744715,0.08243459924879741,1
1514,31,80363.0,salaried,688.0,1497.0,299678,12,0,0.31075453463243863,0.018627975560892452,1
1515,52,76742.0,salaried,,9442.0,276826,36,0,0.30060245150417414,0.12303562586328216,1
1516,22,,salaried,626.0,2410.0,204436,6,0,0.2829250740402447,0.040023250020758946,0
1517,34,62857.0,self_employed,791.0,44510.0,185269,12,0,0.24562233853561788,0.7081152457164676,1
1518,40,70476.0,salaried,795.0,26154.0,217256,18,0,0.25689123484117526,0.3711050570406947,1
1519,42,74768.0,contract,,8666.0,339231,36,0,0.37809290070618445,0.11590520008559811,1
1520,31,118591.0,salaried,517.0,31652.0,53123,18,0,0.03732928018708558,0.2669005236485062,0
1521,47,61229.0,self_employed,578.0,21515.0,284967,12,0,0.3878431788858221,0.3513857812474481,1
1522,23,126706.0,self_employed,533.0,20432.0,159229,6,0,0.10472340168053078,0.16125518917809734,1
1523,37,77583.0,salaried,606.0,39695.0,270878,12,0,0.2909550631796485,0.5116455924622663,0
1524,48,141011.0,self_employed,804.0,15421.0,297725,12,0,0.17594667555486215,0.10936026267454312,0
1525,49,45104.0,self_employed,698.0,,387991,36,0,0.7168451430767412,0.4657680028378858,1
1526,41,52594.0,salaried,690.0,41230.0,179033,12,0,0.2836714580877413,0.7839297258242385,1
1527,36,18664.0,self_employed,731.0,23065.0,408990,36,0,1.8261090870124304,1.2358015430775826,1
1528,57,25528.0,salaried,561.0,30252.0,261502,36,0,0.8536443643580904,1.185051707928549,1
1529,40,143404.0,salaried,541.0,38785.0,189109,18,0,0.10989291326136881,0.27045968034364454,0
1530,26,47899.0,salaried,523.0,7005.0,173835,6,0,0.3024332449529218,0.14624522432618636,1
1531,39,85979.0,self_employed,662.0,46877.0,482686,36,0,0.46783323059506776,0.545214529129206,1
1532,25,32241.0,salaried,682.0,31811.0,340679,24,0,0.8805532293249796,0.9866629446977451,1
1533,23,61211.0,salaried,832.0,37225.0,41998,18,0,0.057176542342607266,0.6081423273594615,1
1534,21,78472.0,salaried,594.0,32351.0,277435,36,0,0.29462207326604817,0.412261698440208,1
1535,58,46346.0,self_employed,582.0,27195.0,27085,36,0,0.048700714912469974,0.5867820308117205,0
1536,35,96196.0,self_employed,592.0,9186.0,343652,18,1,0.2977012211179952,0.09549253607218595,1
1537,54,119451.0,salaried,777.0,49920.0,460016,12,1,0.3209237818575539,0.417911947158249,1
1538,55,117908.0,self_employed,604.0,46098.0,412755,36,0,0.2917210876276419,0.3909658377718221,1
1539,45,64167.0,salaried,584.0,25120.0,102186,6,0,0.13270840151479732,0.39147848582604766,1
1540,44,51373.0,salaried,560.0,5074.0,354997,36,0,0.5758488570520183,0.09876783524419443,1
1541,32,82143.0,salaried,707.0,9123.0,377166,18,0,0.38263150846694177,0.11106241554362514,0
1542,38,135623.0,self_employed,657.0,24666.0,169336,24,0,0.10404823174043734,0.18187180640451842,0
1543,35,125013.0,self_employed,568.0,47066.0,365612,18,0,0.2437159868706988,0.37648884516010334,1
1544,36,17016.0,salaried,761.0,20717.0,315293,18,0,1.5441006503682808,1.217501175364363,1
1545,47,84110.0,salaried,840.0,47565.0,185475,6,0,0.18376233503745096,0.5655094519082154,1
1546,28,22274.0,salaried,733.0,39959.0,212885,12,0,0.7964629912304331,1.7939750381610846,1
1547,45,30748.0,salaried,638.0,40316.0,471244,6,0,1.2771670786175795,1.3111747105502798,1
1548,37,26826.0,contract,779.0,19352.0,262169,6,0,0.8144120132210045,0.7213896965630359,1
1549,49,98008.0,salaried,834.0,31626.0,30476,36,1,0.025912850651647484,0.3226879438413191,1
1550,28,144288.0,salaried,730.0,45832.0,457834,24,0,0.26442138870407333,0.31764249279219336,1
1551,35,120623.0,self_employed,550.0,27653.0,341860,18,0,0.23617662745358126,0.22925146945441582,0
1552,47,98106.0,salaried,738.0,31289.0,216472,6,0,0.1838759437071467,0.3189305445130777,1
1553,27,69638.0,self_employed,518.0,2659.0,420633,6,0,0.5033566443608375,0.03818317585226457,0
1554,23,84072.0,self_employed,677.0,633.0,481389,12,0,0.4771594585593301,0.007529260633742507,0
1555,49,82309.0,self_employed,708.0,15716.0,67893,12,0,0.06873792659368963,0.19093902246412908,0
1556,44,139724.0,salaried,630.0,35996.0,287714,24,0,0.17159662382029334,0.25762216941971317,0
1557,23,142843.0,salaried,730.0,25800.0,499985,18,0,0.29168679365923894,0.18061788117023586,1
1558,40,50326.0,salaried,591.0,17632.0,58818,6,0,0.09739498469975758,0.3503556809601399,1
1559,35,,salaried,530.0,17366.0,136639,36,0,0.567089164467022,0.8648837093480751,1
1560,45,136412.0,self_employed,748.0,35278.0,308165,12,1,0.18825628732565072,0.25861361170571506,1
1561,50,102340.0,salaried,623.0,20234.0,173401,6,0,0.1411968275682366,0.19771350400625368,0
1562,34,100211.0,self_employed,635.0,20377.0,183751,36,0,0.15280341812109782,0.20334095059424614,1
1563,27,57749.0,salaried,772.0,48384.0,475895,6,1,0.6867290631295203,0.8378326897435453,1
1564,37,133192.0,self_employed,599.0,33757.0,278779,24,0,0.17442176206779186,0.25344615292209743,0
1565,40,89534.0,salaried,718.0,1616.0,331316,24,0,0.3083707492870492,0.018049009314897134,1
1566,56,,salaried,603.0,31150.0,229200,36,0,0.2026890791973088,0.3305636029840926,0
1567,29,66818.0,salaried,800.0,8616.0,113536,12,0,0.14159857124327777,0.12894728965248886,0
1568,58,126910.0,self_employed,596.0,9622.0,426107,24,0,0.2797960496940089,0.0758175084705697,0
1569,42,28429.0,salaried,815.0,18019.0,264518,12,0,0.7753760831076248,0.6338246157093109,1
1570,22,72748.0,salaried,702.0,45160.0,458716,36,0,0.5254623265702608,0.6207730796722934,1
1571,44,63807.0,salaried,520.0,39163.0,158851,36,0,0.2074628698000742,0.6137727835503941,1
1572,28,22140.0,salaried,697.0,31364.0,67369,6,0,0.25357196627521833,1.4166214995483288,1
1573,31,78226.0,self_employed,611.0,37986.0,190980,36,0,0.20344898115716004,0.4855930253368445,1
1574,33,103815.0,self_employed,648.0,16561.0,74439,6,0,0.059752925877763326,0.159524153542359,0
1575,37,43525.0,salaried,742.0,13576.0,78425,12,1,0.15015316867700554,0.31191269385410686,1
1576,28,35491.0,salaried,682.0,5251.0,170104,6,0,0.399406422285462,0.1479530021695641,1
1577,41,,salaried,783.0,46278.0,214220,12,0,0.773536123869775,2.005286419967068,1
1578,38,106654.0,contract,836.0,28352.0,93360,24,0,0.07294616235677986,0.26583156749864045,0
1579,50,144101.0,salaried,837.0,33487.0,428184,12,0,0.24761799015967967,0.23238561842041347,0
1580,38,31997.0,self_employed,801.0,35896.0,467220,18,1,1.2168328280776324,1.1218551739225553,1
1581,51,146940.0,self_employed,799.0,23419.0,327523,6,0,0.18574644979810354,0.15937797740574383,0
1582,58,112356.0,self_employed,588.0,29080.0,123689,24,0,0.09173890728280347,0.25882017871764745,1
1583,52,128711.0,contract,721.0,27577.0,200084,12,0,0.12954344746499263,0.21425519186394326,0
1584,31,36246.0,salaried,747.0,14597.0,311901,36,0,0.717092920598135,0.40272030017105337,1
1585,45,49512.0,contract,676.0,35557.0,329336,6,0,0.5543033338719233,0.7181491355630958,1
1586,53,72865.0,self_employed,617.0,25229.0,145343,12,0,0.16622406733914316,0.3462430522198586,1
1587,58,118393.0,salaried,673.0,,279655,24,0,0.19684088867866625,0.19126975412397693,0
1588,28,87144.0,self_employed,718.0,44516.0,362697,36,0,0.3468368447626916,0.5108326448177729,1
1589,31,132363.0,self_employed,717.0,15306.0,310476,6,0,0.19547003316636824,0.11563654495591669,1
1590,42,65665.0,self_employed,818.0,27968.0,213611,24,0,0.27108682961496483,0.42591943957968476,0
1591,44,,salaried,576.0,12595.0,333748,36,1,0.25623568142593034,0.1160380313611321,1
1592,37,116311.0,salaried,587.0,25065.0,288652,18,0,0.20681047650981707,0.21549982374839868,1
1593,32,29325.0,salaried,577.0,25920.0,474554,36,0,1.3485478829212845,0.8838874680306905,1
1594,52,147825.0,self_employed,700.0,39668.0,458143,6,0,0.25826878629009525,0.26834432606122105,1
1595,35,83811.0,contract,563.0,32636.0,31933,18,0,0.03175100324937458,0.38939995943253275,1
1596,36,131737.0,self_employed,,33375.0,425321,12,0,0.2690467876653231,0.2533456811677813,0
1597,42,15824.0,salaried,582.0,15072.0,457972,18,0,2.4118006403774856,0.9524772497472194,1
1598,48,132718.0,self_employed,692.0,36359.0,438176,18,0,0.275129723674759,0.2739568106812942,1
1599,40,81617.0,salaried,505.0,38413.0,73256,18,0,0.07479650889724772,0.47064949704105763,1
1600,53,26517.0,salaried,692.0,4119.0,456738,36,0,1.4353622204623449,0.15533431383640683,0
1601,30,118068.0,self_employed,716.0,5311.0,289680,18,1,0.20445844767422164,0.04498255242741471,0
1602,60,130016.0,salaried,846.0,8944.0,304980,18,0,0.19547594142259414,0.06879153334974157,0
1603,52,24982.0,salaried,521.0,3048.0,22217,12,0,0.07411002588530409,0.12200784564886719,1
1604,53,85210.0,self_employed,644.0,37212.0,495282,18,0,0.4843738997770215,0.43670930641943434,1
1605,22,84852.0,salaried,784.0,4120.0,48165,36,0,0.04730295102060057,0.04855513128741809,1
1606,53,128618.0,self_employed,644.0,11653.0,497062,24,0,0.32205316000352463,0.09060162652194871,1
1607,53,24695.0,salaried,501.0,16000.0,482506,24,0,1.6282175879057839,0.6479044340959709,1
1608,33,63582.0,salaried,787.0,33782.0,192111,36,0,0.25178902834135447,0.5313138938693341,1
1609,50,46094.0,salaried,724.0,45654.0,311619,36,0,0.5633759274525969,0.990454289061483,1
1610,53,37187.0,self_employed,713.0,9960.0,223203,18,1,0.5001815150455804,0.2678355339231452,1
1611,33,133013.0,salaried,,21280.0,244721,36,0,0.15331897383463772,0.15998436243073985,0
1612,46,143721.0,self_employed,640.0,,144639,18,1,0.08386561462834241,0.16307289818467727,1
1613,42,121683.0,salaried,816.0,25534.0,281983,6,0,0.19311311632137054,0.20984032280597947,0
1614,59,16214.0,self_employed,563.0,34359.0,37361,12,0,0.19202027054808601,2.1190946095966448,1
1615,22,38940.0,salaried,832.0,44221.0,401734,12,0,0.859728642355761,1.135618900873138,1
1616,58,59406.0,salaried,711.0,13339.0,427082,12,0,0.5991005397883491,0.22453960879372453,1
1617,59,73414.0,salaried,788.0,35356.0,124356,6,0,0.1411583621652546,0.4815975154602664,0
1618,46,116440.0,salaried,597.0,35306.0,39188,12,0,0.028045917783121495,0.3032119546547578,0
1619,35,118569.0,salaried,665.0,14823.0,76731,18,0,0.05392851419848358,0.12501581357690458,0
1620,54,75481.0,salaried,625.0,12459.0,78929,24,0,0.08714003082453421,0.1650614061816881,1
1621,60,42740.0,contract,,6181.0,24390,12,0,0.04755498362189986,0.1446186242395882,0
1622,31,78328.0,salaried,749.0,12208.0,225953,12,0,0.2403918990229122,0.155857420079665,0
1623,23,26881.0,salaried,560.0,32009.0,419228,18,0,1.2996416303956946,1.1907667125478962,1
1624,26,51996.0,self_employed,531.0,13035.0,222491,18,0,0.35658351924507015,0.25069236095084235,1
1625,29,137196.0,salaried,773.0,5876.0,336580,12,0,0.20443987676997386,0.04282923700399428,0
1626,26,52177.0,salaried,,1475.0,47506,36,1,0.07587314972753001,0.028269160741322807,1
1627,29,81126.0,salaried,520.0,13780.0,149473,6,0,0.1535399666362613,0.1698592313191825,0
1628,59,71531.0,salaried,511.0,26636.0,390450,24,0,0.45487271253023165,0.3723700213893277,1
1629,51,,salaried,,24121.0,367642,24,0,0.7450772959783393,0.5866144604683966,1
1630,52,132744.0,salaried,602.0,30978.0,40548,6,0,0.025455011149279817,0.23336647984089676,1
1631,32,131894.0,self_employed,775.0,37843.0,24651,12,0,0.015575007202753727,0.28691979923271715,1
1632,28,,salaried,506.0,25191.0,88492,12,0,0.04956535376618721,0.169317112515123,1
1633,28,59989.0,salaried,846.0,25860.0,386229,12,0,0.5365275300471753,0.4310790311557119,0
1634,48,37106.0,salaried,629.0,26901.0,180243,12,0,0.4047930253867299,0.7249770926534792,1
1635,40,32131.0,salaried,798.0,11329.0,252582,12,0,0.6550838753851421,0.35258784351560796,1
1636,27,61553.0,salaried,596.0,20056.0,462241,24,0,0.6258035080878809,0.32583302194856467,1
1637,31,21553.0,self_employed,776.0,35623.0,135517,12,0,0.5239680477582394,1.6528093536862618,1
1638,40,32881.0,contract,784.0,18007.0,253973,18,0,0.6436670620317712,0.5476414950883489,1
1639,36,16379.0,self_employed,787.0,28025.0,244600,36,0,1.244479719966624,1.7110324195616338,1
1640,24,105791.0,salaried,672.0,38404.0,405753,12,0,0.31961839854051854,0.36301764800408354,1
1641,26,120664.0,contract,831.0,10895.0,242084,18,0,0.1671887776525448,0.09029205065305311,0
1642,42,84306.0,salaried,704.0,9332.0,86195,24,0,0.08520053930522936,0.11069200294166488,0
1643,46,119512.0,salaried,602.0,35598.0,289949,18,0,0.20217565321195083,0.29786130263069815,0
1644,23,31350.0,salaried,612.0,41458.0,348440,6,0,0.9262094630515683,1.3224242424242425,1
1645,34,114599.0,self_employed,630.0,14540.0,116309,6,0,0.08457679968120722,0.12687719788130786,1
1646,31,96397.0,salaried,538.0,4682.0,388971,18,0,0.33625787109557354,0.048569976244073984,1
1647,38,94509.0,salaried,806.0,9295.0,446942,12,0,0.3940912152987193,0.09835042165296427,1
1648,32,32769.0,self_employed,507.0,35857.0,375747,12,1,0.9555448747291647,1.0942354054136532,1
1649,43,116584.0,salaried,545.0,34520.0,62718,12,1,0.04483033692444932,0.29609551911068416,1
1650,32,61365.0,self_employed,693.0,36782.0,451824,18,0,0.6135745131589668,0.5993970504359163,1
1651,33,65185.0,salaried,505.0,613.0,417624,6,1,0.5338958349313493,0.009404003988647694,1
1652,45,148858.0,salaried,557.0,17027.0,349535,6,0,0.19567585663294326,0.11438417821010628,0
1653,39,141525.0,salaried,668.0,43828.0,113321,24,0,0.06672613790260849,0.3096838014485073,1
1654,56,147692.0,salaried,621.0,17519.0,233346,6,1,0.13166251388023725,0.11861847628849227,0
1655,28,51303.0,salaried,748.0,45652.0,91157,6,0,0.14806963855265123,0.8898504960723544,1
1656,49,34589.0,self_employed,706.0,16202.0,120576,36,0,0.2904969788082917,0.4684148139581948,1
1657,52,17882.0,contract,614.0,46905.0,475269,6,0,2.214838944189688,2.6230287439883684,1
1658,38,144236.0,contract,738.0,,335490,18,0,0.1938316370392967,0.1392370836684323,1
1659,26,24745.0,salaried,553.0,43322.0,112550,12,0,0.3790328012393076,1.7507375227318651,1
1660,38,30861.0,salaried,575.0,49313.0,88698,18,0,0.23950941317520494,1.5979067431385892,1
1661,39,106707.0,salaried,668.0,10013.0,105800,12,0,0.08262500741906967,0.09383639311385382,1
1662,42,69261.0,self_employed,547.0,6069.0,124821,12,0,0.15018192056135488,0.08762507038593148,1
1663,57,,contract,723.0,27341.0,225003,24,0,0.12591750666514448,0.18360878120194213,0
1664,52,89135.0,self_employed,569.0,36170.0,335261,6,0,0.3134393522933378,0.405788971784372,1
1665,23,69380.0,salaried,654.0,10819.0,79117,24,0,0.09502858652829826,0.1559383107523782,1
1666,48,,salaried,546.0,36761.0,348288,12,0,0.2871133357734274,0.3636498530997438,1
1667,30,120025.0,self_employed,778.0,45954.0,178328,36,0,0.1238130944942026,0.38287023536763176,0
1668,55,59397.0,salaried,701.0,29173.0,290220,36,0,0.40717544657137567,0.49115275182248264,1
1669,49,92085.0,salaried,641.0,56.0,316052,24,0,0.2860147327650178,0.0006081337894336754,0
1670,35,78865.0,self_employed,816.0,26920.0,294497,24,0,0.3111826116359179,0.3413428009890319,1
1671,53,70956.0,salaried,625.0,5996.0,374434,6,0,0.439749046357367,0.0845030723265122,1
1672,27,115727.0,salaried,831.0,29801.0,483626,24,0,0.34825206448509566,0.25751121173105673,0
1673,32,29988.0,salaried,652.0,33387.0,483748,24,0,1.3442821573073673,1.113345338135254,1
1674,50,48800.0,salaried,564.0,16041.0,459681,18,0,0.7849743852459017,0.32870901639344263,0
1675,41,102329.0,salaried,595.0,21258.0,28173,24,0,0.022943153944629577,0.20774169590243236,0
1676,51,67284.0,salaried,680.0,13066.0,190075,24,0,0.2354138180449042,0.19419178407942453,0
1677,44,71232.0,self_employed,677.0,2613.0,25196,18,0,0.029476452530697812,0.036682951482479784,1
1678,40,59420.0,salaried,628.0,28837.0,158989,12,1,0.22297346572422305,0.48530797711208346,1
1679,57,52710.0,salaried,,21757.0,461595,12,1,0.7297713906279644,0.4127679757161829,1
1680,24,107035.0,salaried,799.0,19219.0,86274,18,0,0.0671696174148643,0.17955808847573224,0
1681,48,46283.0,salaried,849.0,,230791,6,1,0.4155431439909542,0.5453622280318907,1
1682,40,40968.0,self_employed,632.0,41087.0,424108,24,0,0.8626814424266094,1.0029047061120875,1
1683,44,77508.0,self_employed,608.0,3557.0,83541,6,0,0.0898197605408474,0.04589203695102441,0
1684,52,128435.0,salaried,571.0,4171.0,449707,36,0,0.2917863770259924,0.03247557130065792,1
1685,56,100366.0,salaried,707.0,4982.0,413873,6,0,0.3436364572331932,0.04963832373512943,0
1686,54,20738.0,self_employed,564.0,13532.0,412977,24,0,1.6595018806056514,0.652521940399267,1
1687,56,18098.0,salaried,740.0,39693.0,109232,12,0,0.5029653368696357,2.1932257708034038,1
1688,22,110424.0,salaried,578.0,17018.0,104646,24,0,0.07897286821705427,0.15411504745345214,0
1689,35,93672.0,salaried,587.0,48562.0,225909,24,0,0.20097521137586472,0.5184259970962507,0
1690,54,53244.0,salaried,,5737.0,203436,24,0,0.31840207347306737,0.10774922996018331,0
1691,56,69333.0,salaried,761.0,45670.0,304716,6,1,0.3662469531103515,0.658705089928317,1
1692,26,140349.0,salaried,565.0,25561.0,306565,12,1,0.18202540333976966,0.18212456091600226,1
1693,59,65969.0,salaried,824.0,24329.0,22164,12,1,0.027997999060164622,0.36879443374918525,1
1694,32,105744.0,contract,604.0,18957.0,388786,6,0,0.30638933020628434,0.17927258284157965,1
1695,23,132286.0,salaried,597.0,1156.0,261623,6,0,0.1648089492967258,0.008738642033170554,0
1696,38,90028.0,salaried,595.0,38421.0,125106,6,0,0.11580286133203004,0.42676722797351935,1
1697,60,50421.0,salaried,545.0,3868.0,74292,36,0,0.1227861406953452,0.07671406755121873,0
1698,41,147526.0,salaried,530.0,41203.0,352311,36,0,0.19901068286268184,0.27929314154793056,1
1699,35,53575.0,salaried,703.0,17151.0,252605,24,0,0.3929149167833256,0.32013065795613627,0
1700,53,18192.0,salaried,647.0,44177.0,82939,36,0,0.3799243257109352,2.4283751099384343,1
1701,55,126116.0,contract,631.0,8606.0,139855,6,0,0.0924116157611511,0.06823876431222049,0
1702,46,142874.0,self_employed,685.0,39338.0,171970,6,0,0.10030399746163286,0.2753335106457438,0
1703,28,96311.0,salaried,688.0,11475.0,123533,6,0,0.10688723683345273,0.11914526897239153,1
1704,56,95781.0,self_employed,626.0,,444948,12,0,0.38712270700869694,0.4729956880800994,1
1705,50,51527.0,salaried,796.0,44066.0,475653,12,0,0.7692617462689464,0.8552021270401925,1
1706,43,67181.0,salaried,808.0,35654.0,138288,36,0,0.17153659516827674,0.5307155296884536,1
1707,34,106472.0,contract,586.0,47356.0,239617,18,0,0.1875430473113432,0.44477421293861297,1
1708,34,96219.0,contract,620.0,861.0,326742,18,0,0.28298464960143005,0.00894833660711502,1
1709,22,134783.0,salaried,,30467.0,156268,6,1,0.09661703132689829,0.22604482761179082,0
1710,57,98265.0,salaried,803.0,21298.0,137005,12,0,0.11618667209416714,0.21674044675113213,1
1711,25,65126.0,salaried,634.0,27933.0,315833,24,0,0.4041307107248513,0.4289070417344839,1
1712,58,35545.0,salaried,827.0,44724.0,106707,36,0,0.2501688001125334,1.258236038824026,1
1713,34,70114.0,self_employed,698.0,,344692,12,0,0.4096804252122733,0.7040106112901846,1
1714,59,108740.0,salaried,670.0,35145.0,441331,6,0,0.33821577463061736,0.32320213352951993,1
1715,45,28890.0,salaried,759.0,38998.0,238762,6,1,0.6887100496134764,1.3498788508134303,1
1716,40,136284.0,salaried,623.0,22667.0,126153,18,0,0.07713854891256494,0.16632179859704735,0
1717,22,67482.0,salaried,741.0,47777.0,204561,6,0,0.25261180759313595,0.7079962063957796,1
1718,59,,self_employed,570.0,43653.0,368093,6,0,0.2075231826013224,0.29532784888912944,1
1719,26,86591.0,self_employed,558.0,16228.0,383426,24,0,0.36900101242238414,0.18740977699760944,0
1720,37,103241.0,salaried,608.0,34418.0,29279,36,0,0.023633214194619064,0.3333753063221007,0
1721,45,49722.0,salaried,,48820.0,148239,24,0,0.24844636177144927,0.9818591368006114,1
1722,48,64431.0,salaried,785.0,35726.0,451761,18,0,0.5842956030482221,0.55448464248576,1
1723,22,57000.0,salaried,645.0,20841.0,42925,12,0,0.06275584795321637,0.3656315789473684,1
1724,55,86975.0,salaried,785.0,5990.0,174487,18,0,0.16718118233208776,0.06887036504742743,0
1725,57,45921.0,salaried,551.0,,480848,6,1,0.8726000450048271,0.27540776551033297,1
1726,25,114265.0,salaried,675.0,,25572,36,0,0.018649630245481993,0.16059160722881022,0
1727,21,103747.0,salaried,778.0,,235184,6,0,0.18890827365289278,0.03167320500833759,0
1728,60,32601.0,self_employed,664.0,18526.0,266676,36,0,0.6816662065580811,0.568264777154075,1
1729,32,108332.0,salaried,,33724.0,98221,36,0,0.07555554529901906,0.31130229295129785,0
1730,56,138254.0,self_employed,751.0,27620.0,180514,36,0,0.10880577294930587,0.19977722163554038,1
1731,43,134004.0,salaried,602.0,217.0,368830,12,0,0.22936504382953743,0.0016193546461299663,1
1732,51,43000.0,self_employed,552.0,35183.0,181496,18,0,0.3517364341085271,0.8182093023255814,1
1733,31,145439.0,salaried,754.0,22579.0,123726,12,0,0.07089226411072684,0.15524721704632183,0
1734,30,134277.0,self_employed,672.0,44305.0,372683,12,0,0.2312899205870452,0.3299522628596111,1
1735,23,45383.0,salaried,750.0,34235.0,432688,12,0,0.7945118950561517,0.754357358482251,1
1736,34,55910.0,contract,676.0,45742.0,282105,24,1,0.42047487032731173,0.8181362904668217,1
1737,36,39281.0,self_employed,548.0,19256.0,482928,24,0,1.0245156691530257,0.49021155265904637,1
1738,30,128838.0,salaried,610.0,16416.0,227031,24,0,0.146845263043512,0.1274158245238206,0
1739,49,19841.0,salaried,,43879.0,321522,12,0,1.350410765586412,2.211531676830805,1
1740,30,112204.0,self_employed,747.0,19871.0,125542,6,0,0.09323939728827255,0.17709707318812162,1
1741,32,75155.0,contract,674.0,23171.0,42617,24,0,0.04725456279245115,0.30830949371299315,1
1742,50,71313.0,self_employed,606.0,25000.0,340196,24,0,0.3975385507083795,0.350567217758333,1
1743,21,126688.0,self_employed,652.0,21266.0,346273,12,0,0.22777282247200473,0.16786120232381915,1
1744,25,147994.0,self_employed,846.0,3078.0,433263,18,0,0.24396428233577036,0.02079814046515399,0
1745,40,46976.0,salaried,654.0,39406.0,136076,6,0,0.24139276793823797,0.8388538828337875,1
1746,28,119405.0,salaried,639.0,29410.0,470762,36,1,0.3285471016009938,0.24630459360998283,1
1747,32,68744.0,salaried,650.0,37630.0,72454,36,0,0.08783069552736723,0.5473932270452694,1
1748,21,17473.0,salaried,772.0,12118.0,49270,6,1,0.2349815906446136,0.6935271561838264,1
1749,40,43715.0,salaried,543.0,21857.0,199938,12,0,0.38113919707194327,0.49998856227839417,1
1750,48,,salaried,570.0,12210.0,466469,18,0,0.7430169288504055,0.23338494179712138,1
1751,57,80516.0,salaried,624.0,15031.0,456580,18,0,0.4725561793101164,0.18668339212082072,1
1752,57,69604.0,salaried,651.0,37062.0,392160,36,0,0.4695132463651514,0.5324693983104419,1
1753,32,19889.0,salaried,848.0,33482.0,134400,18,0,0.56312534566846,1.6834431092563729,1
1754,57,88748.0,salaried,815.0,14770.0,23217,36,0,0.0218004912786767,0.1664262856627755,1
1755,48,46971.0,salaried,808.0,36748.0,489046,24,0,0.8676381881018784,0.7823550701496668,1
1756,35,65551.0,salaried,719.0,37151.0,410210,12,0,0.5214896289403161,0.566749553782551,1
1757,26,149273.0,self_employed,714.0,44689.0,419032,18,0,0.23392933305643573,0.2993776503453404,0
1758,40,123957.0,salaried,829.0,,323250,12,0,0.21731326185693425,0.31970764055277234,0
1759,34,104882.0,self_employed,643.0,18998.0,188521,24,1,0.14978817464706368,0.18113689670296143,0
1760,22,52958.0,salaried,606.0,810.0,143859,6,0,0.2263727859813437,0.015295139544544733,1
1761,29,20681.0,salaried,,10647.0,347306,6,0,1.3994568283287399,0.5148203665199942,1
1762,57,116982.0,salaried,821.0,34798.0,110847,6,0,0.0789630028551401,0.2974645671983724,0
1763,40,61870.0,salaried,805.0,13204.0,248583,36,0,0.33481897527072896,0.21341522547276548,1
1764,46,143396.0,salaried,,6033.0,363507,36,0,0.21124891907724064,0.0420723032720578,1
1765,49,82203.0,salaried,833.0,15245.0,66175,6,0,0.06708494012789476,0.18545551865503693,0
1766,21,65061.0,self_employed,563.0,26361.0,158730,24,0,0.20330920213338252,0.4051736063079264,1
1767,55,73235.0,contract,783.0,34740.0,91588,36,0,0.10421701827450446,0.47436335085683073,1
1768,26,52890.0,contract,764.0,40722.0,348533,6,0,0.5491476019411357,0.7699376063528077,1
1769,57,105073.0,contract,505.0,824.0,85783,12,0,0.06803444589317269,0.00784216687445871,1
1770,25,76401.0,salaried,667.0,34495.0,407203,6,0,0.4441510364174989,0.4514993259250533,0
1771,53,26217.0,salaried,672.0,40271.0,66604,6,0,0.21170741630748496,1.5360643857039327,1
1772,34,63351.0,salaried,837.0,37889.0,232037,12,0,0.30522669992054846,0.5980805354295907,1
1773,32,48741.0,salaried,618.0,18616.0,173948,36,0,0.2974019135156576,0.38193717814570893,1
1774,40,16408.0,self_employed,725.0,47777.0,188377,12,0,0.9567335039817975,2.911811311555339,1
1775,44,57903.0,self_employed,673.0,5680.0,358175,36,0,0.515481350995055,0.09809509006441808,1
1776,54,122042.0,self_employed,628.0,6745.0,455585,24,0,0.3110848451079683,0.055267858606053655,0
1777,45,147290.0,self_employed,686.0,7605.0,112664,36,0,0.06374272976214723,0.05163283318623124,0
1778,49,137189.0,salaried,562.0,33530.0,490715,18,0,0.2980772267941793,0.2444073504435487,0
1779,59,124268.0,salaried,773.0,32789.0,148600,36,0,0.09965021834529672,0.26385714745549943,0
1780,51,45105.0,salaried,585.0,14812.0,350143,18,0,0.6469035214129993,0.32838931382330117,1
1781,43,,contract,709.0,37329.0,165726,36,1,0.16317910059786847,0.44106387503840067,1
1782,58,132426.0,contract,692.0,3305.0,400569,12,0,0.25207096793681,0.02495733466237748,0
1783,40,33226.0,salaried,737.0,28843.0,94713,36,0,0.2375474026364895,0.8680852344549449,1
1784,43,40322.0,salaried,519.0,40538.0,475653,6,0,0.9830303556371212,1.0053568771390309,1
1785,36,132504.0,salaried,681.0,31394.0,74933,36,1,0.0471262502767212,0.23692869649218137,0
1786,28,73215.0,salaried,547.0,9733.0,485225,12,0,0.5522832297571081,0.13293723963668647,1
1787,41,109835.0,self_employed,727.0,8612.0,409078,12,0,0.3103731354607669,0.07840852187371967,0
1788,21,,salaried,553.0,44504.0,215715,36,0,0.20409234891404307,0.5052736747692412,1
1789,28,38946.0,salaried,601.0,4436.0,41750,36,0,0.08933309368527363,0.11390129923483798,1
1790,49,125733.0,salaried,588.0,39865.0,350814,36,0,0.23251254642774768,0.31706075572840864,0
1791,52,22253.0,contract,643.0,26559.0,462025,24,1,1.7301974265642086,1.1935019997303735,1
1792,58,94311.0,salaried,647.0,39582.0,482752,18,0,0.4265603517440525,0.41969653592900086,1
1793,25,47813.0,salaried,729.0,8314.0,472492,36,0,0.8235068565731775,0.17388576328613556,1
1794,42,63365.0,salaried,802.0,41393.0,429389,36,1,0.5647031747284252,0.6532470606801862,1
1795,54,82593.0,salaried,749.0,16335.0,158742,18,0,0.1601649050161636,0.1977770513239621,0
1796,21,53485.0,salaried,724.0,,273163,6,0,0.42560686796921254,0.4246985136019445,1
1797,46,126504.0,self_employed,660.0,4165.0,95148,24,0,0.06267785998861695,0.032923860115095176,0
1798,30,31101.0,self_employed,667.0,40805.0,434496,24,0,1.1642069386836436,1.3120156908138,1
1799,50,23831.0,salaried,609.0,31037.0,462490,6,0,1.6172562348761417,1.3023792539129706,1
1800,38,66897.0,salaried,760.0,14772.0,71469,18,0,0.08902865599354232,0.22081707699896858,0
1801,37,20004.0,self_employed,672.0,17999.0,402983,18,0,1.67876008131707,0.8997700459908018,1
1802,46,60924.0,self_employed,796.0,15505.0,43257,12,0,0.05916797977808417,0.2544974066049504,1
1803,28,52170.0,salaried,742.0,22388.0,272245,18,0,0.4348683790173152,0.42913551849722065,0
1804,60,58555.0,salaried,708.0,36576.0,454861,24,0,0.6473415307545612,0.6246434975663906,1
1805,32,133115.0,self_employed,742.0,49378.0,87197,12,0,0.054587512050983486,0.3709424182098186,0
1806,47,119216.0,salaried,753.0,46461.0,472480,36,0,0.330268867713506,0.3897211783653201,1
1807,28,80930.0,contract,581.0,47094.0,158554,36,0,0.16326249021788378,0.5819102928456691,1
1808,45,51365.0,self_employed,530.0,14515.0,432475,36,1,0.7016369771893961,0.2825854180862455,1
1809,24,77188.0,salaried,,33303.0,212048,12,0,0.2289302309512705,0.4314530756076074,1
1810,53,113633.0,self_employed,693.0,33890.0,114543,24,0,0.08400068642031804,0.2982408279285067,0
1811,21,78471.0,salaried,555.0,39857.0,370955,18,0,0.3939406489870993,0.5079201233576736,1
1812,39,72287.0,self_employed,760.0,21597.0,115068,12,0,0.1326517907784249,0.29876741322782796,1
1813,51,147717.0,salaried,580.0,14103.0,228700,24,1,0.12901922820889494,0.09547310059099494,1
1814,36,74076.0,salaried,553.0,36302.0,345887,18,1,0.3891127580682902,0.49006425832928346,1
1815,34,131475.0,self_employed,595.0,17042.0,448147,6,1,0.28405083349179183,0.12962160106484122,1
1816,25,65151.0,self_employed,848.0,31004.0,432438,24,0,0.5531227456217096,0.4758791116022778,1
1817,46,82384.0,self_employed,835.0,48149.0,236452,6,0,0.2391767009775361,0.5844460089337735,1
1818,48,114865.0,salaried,756.0,14337.0,60020,36,0,0.043543870340544695,0.12481608845166065,0
1819,22,48541.0,salaried,703.0,30668.0,126103,36,0,0.21648881014674878,0.6317958014874024,1
1820,26,87847.0,salaried,710.0,27683.0,210335,24,0,0.19952777746157144,0.31512743747652167,1
1821,29,65955.0,contract,828.0,7218.0,276049,6,0,0.3487845248022642,0.10943825335455992,0
1822,53,102780.0,salaried,816.0,42126.0,492227,12,0,0.39909434390607773,0.40986573263280796,0
1823,45,114919.0,salaried,625.0,37759.0,406195,18,0,0.2945516697267931,0.3285705583933031,1
1824,33,127854.0,salaried,506.0,13794.0,381002,36,1,0.24833143012081488,0.10788868553193487,0
1825,29,76768.0,salaried,624.0,42931.0,293543,36,0,0.3186473096429068,0.5592304085035431,1
1826,33,58262.0,self_employed,770.0,5397.0,191765,36,0,0.274285411875093,0.09263327726476948,1
1827,51,35605.0,self_employed,607.0,44666.0,375545,36,0,0.878961288208585,1.2544867293919393,1
1828,31,93590.0,contract,759.0,45031.0,482760,24,0,0.4298536168394059,0.481151832460733,0
1829,24,43231.0,self_employed,818.0,34772.0,335897,24,0,0.6474848295590355,0.8043302259952348,1
1830,54,94397.0,salaried,569.0,,415032,6,0,0.36638876235473583,0.3128171446126466,1
1831,58,92123.0,salaried,537.0,2733.0,93075,12,0,0.08419450083041151,0.029666858439260552,1
1832,24,28515.0,self_employed,674.0,24838.0,198409,6,1,0.5798380969080601,0.8710503243906715,1
1833,58,102211.0,contract,687.0,40718.0,477478,12,0,0.3892911069584813,0.3983719951864281,0
1834,39,31600.0,salaried,726.0,22425.0,363154,24,0,0.9576845991561181,0.7096518987341772,1
1835,26,84310.0,salaried,757.0,39119.0,275829,36,0,0.27263373265330326,0.4639900367690665,0
1836,54,129380.0,salaried,696.0,33575.0,331484,6,0,0.213508012572783,0.25950687896119956,0
1837,38,126780.0,salaried,,48828.0,332736,12,1,0.21870957564284588,0.3851396119261713,1
1838,33,81177.0,salaried,550.0,33125.0,316132,18,0,0.3245295260151685,0.40805893294898804,1
1839,43,70746.0,self_employed,721.0,7311.0,137285,12,0,0.16171114503529058,0.10334153167670257,1
1840,39,138075.0,self_employed,518.0,35169.0,427163,6,0,0.2578085581507635,0.2547093970668115,1
1841,31,100195.0,salaried,849.0,34042.0,476235,24,0,0.39609012425769746,0.3397574729277908,1
1842,21,51818.0,salaried,746.0,45431.0,129364,36,0,0.2080422504406448,0.8767416727777992,1
1843,44,36309.0,contract,530.0,33756.0,292397,18,0,0.6710847631900263,0.9296868544988846,1
1844,27,43176.0,salaried,579.0,15604.0,442854,6,0,0.8547456920511395,0.36140448397257735,1
1845,45,83879.0,salaried,521.0,16401.0,383355,24,0,0.38086112137722195,0.19553165869883998,1
1846,41,82592.0,salaried,788.0,35531.0,402515,12,0,0.40612791392225234,0.4301990507555211,1
1847,35,99728.0,salaried,741.0,6628.0,297748,24,0,0.24880006952243436,0.0664607733033852,0
1848,21,23584.0,salaried,713.0,5121.0,316627,24,0,1.1187916949344188,0.21713873812754408,1
1849,32,139555.0,salaried,699.0,27573.0,494413,36,0,0.29523186796125783,0.1975780158360503,1
1850,27,108302.0,contract,664.0,47479.0,392175,6,0,0.3017603553027645,0.43839448948311205,1
1851,35,137408.0,self_employed,,41525.0,165320,24,0,0.10026102313305388,0.3022022007452259,1
1852,41,33830.0,salaried,819.0,25928.0,322721,12,0,0.7949576312937235,0.7664203369790127,1
1853,39,92066.0,salaried,784.0,32398.0,452094,12,0,0.4092118697456173,0.3518997241109639,0
1854,49,18591.0,contract,512.0,34239.0,233603,36,0,1.0471150915317446,1.8416975956107795,1
1855,45,108878.0,self_employed,525.0,3163.0,489453,24,0,0.3746188394349639,0.02905086427010048,0
1856,53,140407.0,salaried,521.0,48647.0,47501,12,0,0.02819244529593729,0.3464713297770054,0
1857,52,131869.0,salaried,848.0,21755.0,284814,12,0,0.1799854400958527,0.16497433058565697,0
1858,55,36395.0,self_employed,575.0,49069.0,212510,36,0,0.4865824060081513,1.3482346476164309,1
1859,58,31738.0,salaried,591.0,41571.0,297279,24,0,0.7805548553784107,1.3098178839246328,1
1860,46,148703.0,salaried,828.0,25638.0,373883,36,0,0.20952446599373695,0.17241077853170414,1
1861,31,34056.0,salaried,765.0,41395.0,70763,24,0,0.17315353143841516,1.215498003288701,1
1862,55,136656.0,salaried,547.0,25223.0,340204,12,0,0.20745765523162785,0.18457294227842172,1
1863,28,130316.0,salaried,669.0,10601.0,196661,6,0,0.12575905235478888,0.0813484146229166,1
1864,34,69418.0,salaried,845.0,4017.0,454857,12,0,0.5460363306347057,0.05786683569103115,0
1865,30,52190.0,salaried,744.0,2609.0,228239,6,1,0.36443603500031935,0.049990419620616976,1
1866,22,41014.0,salaried,727.0,,59932,24,0,0.12177142764259359,0.8009460184327303,1
1867,29,140563.0,salaried,686.0,34557.0,363196,24,1,0.21532219242142905,0.24584705790286207,0
1868,23,16780.0,salaried,667.0,46787.0,182525,18,0,0.9064610647596345,2.788259833134684,1
1869,41,57192.0,contract,702.0,42010.0,257006,24,0,0.3744783652725323,0.7345432927682193,1
1870,46,119875.0,salaried,505.0,5708.0,279943,24,0,0.19460757733750433,0.0476162669447341,0
1871,28,114129.0,salaried,631.0,7973.0,459875,18,0,0.33578596734104976,0.06985954490094543,0
1872,22,58923.0,salaried,744.0,28414.0,57024,6,0,0.080647624866351,0.4822225616482528,0
1873,26,104196.0,self_employed,590.0,36884.0,368333,24,0,0.294583445301803,0.35398671734039694,1
1874,48,17395.0,salaried,,29913.0,398354,36,0,1.908374053846891,1.719632078183386,1
1875,49,117449.0,salaried,625.0,13356.0,494661,24,1,0.35097574266277276,0.11371744331582219,1
1876,46,136747.0,salaried,741.0,46009.0,439151,24,1,0.26761769301459387,0.3364534505327356,1
1877,45,86028.0,salaried,748.0,38294.0,218681,12,0,0.21183122549247532,0.4451341423722509,1
1878,32,108176.0,self_employed,506.0,797.0,267549,24,0,0.2061062527732584,0.007367623132672681,0
1879,25,41924.0,self_employed,587.0,35294.0,179223,24,0,0.3562458257799828,0.841856693063639,1
1880,54,47577.0,contract,585.0,31582.0,318282,36,0,0.5574857599260147,0.6638081425899068,1
1881,57,100548.0,salaried,644.0,21135.0,219092,18,1,0.181581599501399,0.21019811433345267,1
1882,35,140093.0,salaried,830.0,49914.0,321814,18,0,0.19142878897113583,0.3562918918147231,1
1883,56,81555.0,contract,697.0,41577.0,191245,18,0,0.19541515950381133,0.50980320029428,1
1884,35,104848.0,salaried,663.0,12072.0,252042,12,0,0.2003233251945674,0.11513810468487716,0
1885,43,23254.0,self_employed,644.0,37574.0,47981,24,0,0.17194532840228205,1.615808033026576,1
1886,26,140410.0,salaried,841.0,12624.0,285528,6,1,0.16946086461078272,0.08990812620183748,1
1887,41,118025.0,salaried,500.0,20247.0,342560,6,0,0.24186966038268728,0.17154840076255032,1
1888,43,145509.0,salaried,619.0,15507.0,495658,36,0,0.28386445741042365,0.1065707275838608,1
1889,36,,salaried,566.0,17151.0,431293,12,0,0.7493501935519741,0.3575881408585785,1
1890,35,18273.0,salaried,548.0,32315.0,351863,12,1,1.6046580565132527,1.7684561921961364,1
1891,45,30330.0,salaried,806.0,47922.0,374545,24,0,1.0290828662490383,1.5800197823936697,1
1892,56,91422.0,salaried,826.0,31104.0,494096,6,0,0.4503802877498487,0.34022445363260484,0
1893,31,137089.0,salaried,786.0,21985.0,406179,12,0,0.2469071187330858,0.16037027040827492,1
1894,35,18212.0,salaried,523.0,30298.0,381045,36,0,1.743561937184274,1.6636283768943554,1
1895,24,102594.0,salaried,710.0,35953.0,378398,6,0,0.3073587799156546,0.350439596857516,1
1896,41,147152.0,salaried,792.0,17461.0,259213,12,0,0.14679435776158892,0.11865961726649994,0
1897,33,47675.0,salaried,562.0,44219.0,289639,24,1,0.5062733787799336,0.9275091767173571,1
1898,42,37007.0,salaried,,11802.0,112270,24,0,0.2528125309626107,0.3189126381495393,1
1899,39,128805.0,salaried,,42735.0,85231,24,0,0.05514213992728025,0.3317805985792477,1
1900,54,97641.0,self_employed,576.0,31311.0,235328,24,1,0.2008445905579282,0.3206747165637386,1
1901,34,110815.0,salaried,759.0,13501.0,281536,6,0,0.21171622373625712,0.12183368677525606,1
1902,24,61815.0,self_employed,620.0,11070.0,75369,6,0,0.10160559734692227,0.17908274690609075,1
1903,47,98482.0,self_employed,683.0,34658.0,275809,12,0,0.23338359632555528,0.3519221786722447,1
1904,49,15639.0,self_employed,547.0,1626.0,216344,36,1,1.1528017562930282,0.1039708421254556,1
1905,48,78593.0,salaried,646.0,11810.0,181899,18,0,0.19287023017317065,0.15026783555787412,1
1906,55,93038.0,salaried,781.0,39414.0,306211,18,0,0.2742705489513245,0.42363335411337305,1
1907,28,108899.0,self_employed,793.0,28860.0,234706,24,0,0.17960526114411826,0.26501620767867473,0
1908,36,18736.0,contract,579.0,30460.0,113850,12,0,0.5063780956447481,1.6257472245943638,1
1909,56,31473.0,contract,735.0,29541.0,426304,18,0,1.1287558648153444,0.9386140501382138,1
1910,50,143771.0,salaried,,4773.0,293120,18,0,0.1698998175339023,0.03319862837428967,0
1911,38,140801.0,salaried,783.0,37812.0,350856,18,0,0.20765477517915357,0.26854922905377093,1
1912,22,122598.0,self_employed,560.0,28823.0,445341,18,0,0.3027108925104814,0.23510171454672996,1
1913,33,101623.0,self_employed,719.0,45977.0,377971,18,0,0.30994541918004126,0.45242710803656655,0
1914,24,51820.0,salaried,844.0,42088.0,132716,12,1,0.2134246751575968,0.8121960632960247,1
1915,46,72589.0,salaried,588.0,11630.0,317810,18,0,0.36485096456304217,0.1602171127856838,1
1916,45,33414.0,salaried,763.0,42075.0,310292,18,0,0.7738572654176892,1.2592027293948644,1
1917,50,142378.0,salaried,727.0,10100.0,365328,12,1,0.2138251696189018,0.07093792580314374,0
1918,31,39220.0,self_employed,602.0,29103.0,223551,6,1,0.4749936257011729,0.742044875063743,1
1919,27,75531.0,contract,587.0,34096.0,420066,6,0,0.4634587123167971,0.45141729885742277,1
1920,51,125002.0,self_employed,522.0,4123.0,134035,6,0,0.08935523698287494,0.03298347226444377,0
1921,30,24387.0,salaried,792.0,34079.0,68332,18,0,0.23349872199669222,1.3974248575060484,0
1922,59,91815.0,self_employed,766.0,37218.0,128955,12,0,0.1170424222621576,0.4053586015356968,0
1923,33,42584.0,salaried,516.0,12230.0,242421,6,0,0.4743976610933684,0.287197069321811,1
1924,51,59783.0,self_employed,784.0,11807.0,182232,24,0,0.25401870096850276,0.19749761637923824,1
1925,27,139494.0,self_employed,812.0,35493.0,152626,24,0,0.09117835414665386,0.2544410512280098,1
1926,56,130814.0,salaried,,34951.0,392382,12,0,0.24996177779136788,0.2671808827801306,0
1927,40,145752.0,salaried,577.0,15427.0,338675,18,0,0.19363656530727993,0.10584417366485536,1
1928,24,88588.0,salaried,621.0,153.0,208468,6,0,0.19610255715597297,0.0017270962207070935,1
1929,27,28580.0,salaried,,815.0,343070,18,0,1.0003207371121996,0.028516445066480055,1
1930,21,33240.0,self_employed,738.0,,348351,6,1,0.8733228038507822,0.033664259927797834,1
1931,33,98446.0,salaried,709.0,18539.0,474664,36,1,0.40179726279720185,0.18831643743778315,0
1932,42,119533.0,salaried,848.0,37933.0,274642,36,0,0.19146874363843736,0.31734332778395924,0
1933,41,95974.0,salaried,501.0,,257650,18,0,0.22371510339605866,0.012597161731302228,0
1934,42,88401.0,self_employed,702.0,22812.0,115256,24,1,0.10864884635543338,0.2580513795092816,1
1935,48,18646.0,salaried,786.0,,229120,18,0,1.0239908470091887,1.8166899066823983,1
1936,29,57816.0,salaried,616.0,14985.0,400400,6,1,0.5771182141045155,0.25918430884184307,1
1937,46,104460.0,self_employed,799.0,30022.0,63437,18,0,0.05060709043333972,0.2874018763162933,0
1938,29,59112.0,salaried,845.0,27372.0,185291,18,0,0.26121458699869177,0.46305318717011773,1
1939,35,66048.0,salaried,613.0,38032.0,107233,6,0,0.13529680434431524,0.5758236434108527,1
1940,30,147850.0,self_employed,573.0,12565.0,221845,24,0,0.125039454401984,0.08498478187352046,1
1941,44,60752.0,salaried,740.0,27235.0,403810,36,0,0.5539049468878939,0.4482979984198051,1
1942,28,85726.0,self_employed,801.0,1037.0,207262,6,0,0.20147718700666464,0.012096680120383547,0
1943,44,59788.0,salaried,553.0,3333.0,337339,18,1,0.4701877188287505,0.055746972636649496,1
1944,36,19747.0,salaried,658.0,16797.0,439812,12,0,1.8560287638628652,0.8506102192738138,1
1945,46,15045.0,salaried,608.0,,174594,18,0,0.967065470255899,2.8913924891990694,1
1946,47,22758.0,self_employed,779.0,28718.0,456301,18,1,1.6708446846530158,1.2618859302223393,1
1947,57,140076.0,salaried,652.0,7904.0,176823,12,0,0.1051946800308404,0.05642651132242497,1
1948,24,71950.0,salaried,662.0,34707.0,266839,18,0,0.30905605744730136,0.4823766504517026,0
1949,44,34455.0,salaried,556.0,17039.0,112516,12,0,0.27213273351714795,0.4945290959222174,1
1950,39,103552.0,salaried,827.0,15555.0,291618,18,0,0.23467919499381953,0.1502143850432633,0
1951,56,61116.0,self_employed,824.0,7457.0,282678,24,0,0.3854391648668107,0.12201387525361608,1
1952,59,135461.0,contract,713.0,31488.0,264385,36,0,0.16264521399763276,0.23245066845808018,0
1953,30,55484.0,self_employed,527.0,45004.0,294184,24,0,0.4418450964842717,0.8111167183332132,1
1954,45,96638.0,salaried,703.0,18863.0,322673,6,0,0.2782488944997482,0.19519236739170925,0
1955,38,149476.0,salaried,532.0,25923.0,155738,6,0,0.08682441774376265,0.1734258342476384,0
1956,39,115647.0,self_employed,808.0,22305.0,319585,18,0,0.23028771462582975,0.19287141041272146,0
1957,56,80642.0,contract,621.0,31675.0,260021,6,0,0.2686988996635335,0.3927853971875698,1
1958,30,,salaried,515.0,48556.0,480914,6,1,0.6568894206865654,0.7958825747020931,1
1959,53,143824.0,salaried,653.0,42276.0,318910,18,0,0.1847802406645159,0.2939425965068417,0
1960,25,44605.0,salaried,842.0,36374.0,403449,18,1,0.7537439748907073,0.8154691178119045,1
1961,55,,salaried,717.0,5203.0,174957,36,1,0.11582352894446254,0.04133334392551577,1
1962,54,135827.0,salaried,604.0,30068.0,318604,12,1,0.19547169070459727,0.2213698307405744,1
1963,53,20580.0,contract,576.0,31767.0,439631,18,0,1.7801708778749594,1.5435860058309039,1
1964,41,129902.0,salaried,586.0,36826.0,384507,36,1,0.246664793459685,0.28349063139905467,1
1965,37,20400.0,salaried,530.0,37772.0,61290,24,0,0.25036764705882353,1.8515686274509804,1
1966,42,111032.0,salaried,599.0,40783.0,468031,6,0,0.3512733566299205,0.36730852366885225,1
1967,57,142319.0,contract,654.0,16699.0,342260,12,0,0.2004065983225477,0.11733500094857327,0
1968,35,121960.0,salaried,791.0,32293.0,459254,24,0,0.3138009729966109,0.2647835355854378,0
1969,55,54015.0,salaried,814.0,22447.0,381975,18,0,0.5893038970656299,0.4155697491437564,1
1970,48,86713.0,salaried,,22425.0,462941,24,0,0.4448977277532396,0.25861174218398625,1
1971,27,103754.0,salaried,729.0,18645.0,452130,36,0,0.36314262582647416,0.17970391502978197,1
1972,52,58148.0,self_employed,502.0,17228.0,410917,18,0,0.5888952901790833,0.2962784618559538,1
1973,31,137790.0,salaried,721.0,34282.0,453534,18,0,0.27429058712533566,0.24879889687205167,0
1974,30,101078.0,salaried,620.0,33876.0,384143,12,0,0.3167050858412975,0.33514711410989534,1
1975,29,71879.0,salaried,659.0,47488.0,246868,36,0,0.28620784002745353,0.660665841205359,1
1976,34,134894.0,salaried,770.0,21507.0,455347,6,0,0.2812992670788422,0.15943629813038385,0
1977,33,80839.0,salaried,,3185.0,63513,24,0,0.06547272974678064,0.03939929984289761,0
1978,45,44756.0,contract,693.0,17622.0,280741,12,1,0.5227250722435726,0.39373491822325496,1
1979,22,107943.0,salaried,717.0,5455.0,327283,12,1,0.25266653079248613,0.0505359310006207,0
1980,55,51744.0,self_employed,,35692.0,324525,18,0,0.5226451376004947,0.6897804576376005,1
1981,27,139697.0,salaried,751.0,6796.0,161495,24,1,0.09633647584892065,0.048648145629469494,1
1982,41,131072.0,contract,725.0,22423.0,284360,12,0,0.18079121907552084,0.17107391357421875,0
1983,38,148196.0,salaried,,27007.0,183376,18,0,0.1031156936309572,0.18223838700099868,0
1984,23,22176.0,salaried,,48121.0,259723,18,0,0.9759913119288119,2.169958513708514,1
1985,59,106310.0,salaried,589.0,27470.0,91872,36,0,0.07201580284074875,0.2583952591477754,1
1986,31,60177.0,salaried,505.0,47620.0,127347,18,0,0.17635059906608838,0.7913322365687887,1
1987,59,125623.0,salaried,743.0,30846.0,297717,6,0,0.1974936914418538,0.2455442076689778,1
1988,44,15997.0,contract,,13909.0,238471,36,0,1.2422693838428038,0.8694755266612489,1
1989,39,135179.0,self_employed,615.0,34698.0,306238,36,0,0.1887854868976197,0.2566818810614075,1
1990,24,135403.0,salaried,572.0,27692.0,357051,6,0,0.2197458697370073,0.20451540955517972,0
1991,46,,salaried,655.0,47049.0,56363,6,0,0.04258812613151747,0.4266051302510722,0
1992,58,134574.0,salaried,710.0,17006.0,302895,12,0,0.18756409113201658,0.126369135196992,1
1993,52,136509.0,self_employed,568.0,18721.0,337152,12,0,0.20581793141844126,0.13714114087715829,0
1994,59,100447.0,salaried,799.0,10122.0,281282,6,0,0.2333585539305969,0.10076956006650273,0
1995,56,124522.0,salaried,643.0,34026.0,149579,12,0,0.10010212385495468,0.27325291916287886,1
1996,60,96144.0,contract,698.0,4501.0,423267,6,0,0.36686896738225994,0.04681519387585289,1
1997,57,107693.0,salaried,705.0,7840.0,74153,6,1,0.0573799287480771,0.07279953200300855,1
1998,53,109315.0,self_employed,700.0,46584.0,20737,18,0,0.01580829102440958,0.4261446279101679,0
1999,56,42387.0,salaried,738.0,7289.0,129308,12,0,0.2542210268871745,0.17196310189444877,0
2000,23,19090.0,self_employed,567.0,10160.0,358664,36,0,1.5656713811768814,0.5322158198009429,1
2001,29,135846.0,salaried,670.0,18407.0,432418,36,0,0.26526238044059697,0.1354990209501936,1
2002,28,55239.0,salaried,796.0,7190.0,164158,12,0,0.24764809886734615,0.1301616611452054,0
2003,53,18743.0,contract,569.0,10436.0,262867,12,0,1.168734105177044,0.5567945366270074,1
2004,26,45924.0,salaried,786.0,44549.0,123646,12,0,0.22436707023197747,0.9700592282902186,1
2005,59,145160.0,salaried,516.0,28979.0,497299,12,0,0.28548900064296867,0.19963488564342793,1
2006,24,106815.0,salaried,636.0,24920.0,98784,18,1,0.07706782755231006,0.2333005663998502,0
2007,33,120312.0,salaried,718.0,36440.0,498212,6,0,0.3450833388744819,0.30287918079659554,0
2008,22,83860.0,self_employed,810.0,11260.0,108836,12,0,0.10815247634947134,0.13427140472215598,0
2009,25,95399.0,salaried,505.0,18297.0,441953,12,0,0.3860566323196959,0.1917944632543318,0
2010,47,63795.0,self_employed,697.0,2445.0,61486,6,0,0.0803171617420383,0.038325887608746764,0
2011,52,66553.0,salaried,631.0,8976.0,446432,6,1,0.5589930832068677,0.13486995327032592,1
2012,41,118976.0,salaried,843.0,17871.0,457396,6,1,0.32036993455262686,0.1502067643894567,0
2013,28,128566.0,self_employed,683.0,21275.0,296580,24,0,0.1922358944044304,0.16547920912216293,0
2014,58,134968.0,salaried,517.0,28424.0,69094,36,0,0.04266072945685891,0.21059806769011913,0
2015,28,76600.0,self_employed,712.0,14971.0,305962,12,1,0.3328568320278503,0.195443864229765,1
2016,23,65022.0,salaried,547.0,449.0,223481,18,0,0.28641716137102313,0.006905355110577958,1
2017,23,149271.0,salaried,528.0,15107.0,354377,18,0,0.19783760185613192,0.10120519055945228,0
2018,42,65897.0,salaried,652.0,34195.0,286305,6,0,0.36206124709774345,0.5189158838793875,1
2019,26,,salaried,831.0,2595.0,410493,18,0,0.6449668162449564,0.048927184282966926,0
2020,22,138323.0,salaried,737.0,5765.0,257372,36,0,0.15505495591236937,0.04167781207752868,1
2021,43,135278.0,salaried,818.0,34880.0,292187,12,0,0.1799916961122035,0.25783941217345024,0
2022,22,126054.0,self_employed,764.0,44268.0,142765,18,0,0.0943808473617127,0.35118282640773,1
2023,58,22897.0,salaried,698.0,9137.0,347799,36,0,1.2658099314320654,0.39904791020657726,1
2024,37,79541.0,salaried,513.0,14271.0,427796,36,0,0.4481923368661026,0.17941690448950856,1
2025,55,121968.0,salaried,775.0,17410.0,73636,24,0,0.05031101053828327,0.14274235865144955,0
2026,54,29892.0,salaried,509.0,9715.0,163646,24,0,0.45621459476337034,0.3250033453766894,1
2027,43,39815.0,salaried,638.0,3692.0,445007,18,0,0.9314056678806145,0.09272887102850684,1
2028,50,60612.0,salaried,666.0,3049.0,497983,36,0,0.6846595283662201,0.05030357025011549,1
2029,28,31267.0,salaried,646.0,27897.0,411992,6,1,1.0980479952239315,0.8922186330636134,1
2030,42,33268.0,salaried,,27882.0,70942,24,0,0.1777032984649914,0.8381026812552603,1
2031,56,129463.0,salaried,569.0,23968.0,393153,36,0,0.25306651321226914,0.18513397650293906,0
2032,25,110347.0,self_employed,827.0,,331646,24,0,0.2504568920466045,0.36127851232928854,0
2033,33,109542.0,self_employed,820.0,48378.0,30394,12,0,0.02312202929774272,0.44163882346497235,1
2034,49,81612.0,salaried,603.0,24636.0,402289,36,0,0.4107739466418337,0.30186737244522865,1
2035,51,103757.0,contract,728.0,47171.0,259120,36,0,0.20811447259783275,0.45462956716173364,0
2036,36,113075.0,salaried,815.0,28750.0,284394,12,0,0.20959097943842583,0.2542560247623259,1
2037,50,49609.0,salaried,637.0,11590.0,434660,24,0,0.7301430519999731,0.23362696284948295,1
2038,36,117785.0,self_employed,818.0,43374.0,198036,12,0,0.14011121959502484,0.3682472301226812,1
2039,32,38645.0,salaried,535.0,32451.0,174039,18,0,0.37529434596972444,0.8397205330573166,1
2040,37,,contract,617.0,28354.0,301765,6,1,0.3256002399665083,0.36712286198904615,1
2041,36,,contract,754.0,19990.0,370586,24,0,0.24423785157475436,0.15809495187554867,0
2042,32,22771.0,salaried,812.0,6669.0,130005,36,0,0.47576961925255806,0.29287251328444075,1
2043,28,117601.0,contract,834.0,16773.0,44623,18,0,0.03162033769554114,0.14262633821140977,0
2044,40,148014.0,contract,519.0,15648.0,112388,24,0,0.06327554600690925,0.105719729214804,1
2045,23,140224.0,salaried,797.0,4616.0,474356,6,1,0.28190371595922714,0.0329187585577362,1
2046,36,98251.0,contract,520.0,9867.0,74999,36,0,0.06361173592804822,0.10042645876377848,1
2047,50,72042.0,salaried,755.0,42737.0,459261,12,0,0.5312421920546347,0.5932233974625912,1
2048,43,68740.0,self_employed,747.0,252.0,378351,6,1,0.45867398894384637,0.0036659877800407333,1
2049,48,62024.0,salaried,665.0,32482.0,197968,24,0,0.26598306032073604,0.5237005030310847,1
2050,60,71965.0,salaried,848.0,,166088,36,0,0.19232497278769772,0.11188772319877718,0
2051,25,25057.0,salaried,754.0,19550.0,231989,24,0,0.7715375610275239,0.7802210959013449,1
2052,40,23983.0,salaried,577.0,42674.0,392664,6,0,1.364383104699162,1.779343701788767,1
2053,60,145469.0,self_employed,779.0,43010.0,36321,36,0,0.020806838570417065,0.2956643683533949,1
2054,21,34995.0,salaried,781.0,33463.0,293520,6,0,0.6989569938562652,0.9562223174739248,1
2055,50,129587.0,salaried,533.0,22307.0,38276,24,0,0.024614094520798126,0.1721391806276864,1
2056,41,53886.0,salaried,598.0,43532.0,233889,36,0,0.3617034109045021,0.8078536168949263,1
2057,40,104025.0,salaried,642.0,7865.0,447722,36,0,0.358665384923496,0.07560682528238405,1
2058,26,,self_employed,554.0,44628.0,99392,36,0,0.07519511449642453,0.40516028288954054,1
2059,42,109020.0,salaried,502.0,12705.0,307688,24,0,0.2351923194520883,0.11653824986241057,1
2060,38,17673.0,salaried,831.0,46057.0,227802,18,0,1.0741526622531545,2.606065750014146,1
2061,28,92513.0,salaried,718.0,31786.0,80504,24,0,0.07251593469746594,0.34358414493098266,1
2062,59,38466.0,salaried,710.0,37422.0,65701,12,0,0.14233565573060192,0.9728591483387927,1
2063,52,107545.0,salaried,804.0,13218.0,138794,18,0,0.1075472282920328,0.12290669022269747,0
2064,53,,contract,648.0,44237.0,391738,24,0,0.49911068301582934,0.6763446778583004,0
2065,36,,self_employed,731.0,24273.0,317415,12,0,0.176624265491453,0.16207932692307692,0
2066,32,84284.0,salaried,587.0,29792.0,304588,6,0,0.3011524528182494,0.3534715960324617,0
2067,58,129579.0,salaried,710.0,11442.0,107070,12,0,0.06885760810007795,0.08830134512536754,0
2068,54,28665.0,salaried,722.0,43874.0,239738,36,1,0.6969533112390255,1.5305773591487877,1
2069,34,35641.0,self_employed,795.0,15507.0,29662,18,0,0.06935364701701224,0.4350888022221599,1
2070,56,50797.0,salaried,647.0,46151.0,465867,24,0,0.7642626533062976,0.9085379057818375,1
2071,53,60950.0,self_employed,706.0,10456.0,392392,24,1,0.5364943943122779,0.1715504511894996,1
2072,43,144554.0,salaried,726.0,43840.0,228430,36,0,0.13168665919541025,0.3032776678611453,0
2073,22,117339.0,salaried,683.0,11899.0,426468,18,0,0.3028745770800842,0.10140703431936526,0
2074,41,128431.0,self_employed,540.0,32244.0,47214,18,0,0.030635127033192922,0.25106088093996,1
2075,22,36173.0,salaried,681.0,48989.0,186401,36,0,0.4294201936987993,1.3542974041412104,1
2076,47,33095.0,contract,543.0,23584.0,384942,18,0,0.9692853905423781,0.712615198670494,1
2077,29,,salaried,709.0,11020.0,298494,36,0,0.17952928100235288,0.07953577666469391,0
2078,21,147511.0,salaried,836.0,32983.0,302131,12,0,0.1706827513428377,0.2235968843001539,0
2079,31,140614.0,salaried,749.0,14251.0,200610,36,0,0.11888929978522765,0.10134837213933179,0
2080,23,104023.0,self_employed,583.0,6244.0,288905,24,0,0.23144320647036393,0.060025186737548426,1
2081,43,122181.0,self_employed,638.0,32947.0,44358,6,0,0.030254294857629253,0.2696573116933075,0
2082,46,35600.0,salaried,730.0,48460.0,74601,12,0,0.17462780898876404,1.3612359550561797,1
2083,24,17466.0,salaried,511.0,40423.0,146553,24,0,0.6992299324401695,2.3143822283293254,1
2084,38,124934.0,salaried,772.0,16760.0,110249,12,1,0.07353816148259615,0.13415083163910546,1
2085,26,68276.0,salaried,589.0,8045.0,285895,24,1,0.3489452125685941,0.11783057003925244,1
2086,55,21928.0,salaried,524.0,18211.0,419060,18,0,1.592560501033686,0.8304906968259759,1
2087,42,70309.0,salaried,525.0,24156.0,49153,36,0,0.058258307376485706,0.34356910210641595,1
2088,35,131196.0,salaried,652.0,23961.0,421707,24,0,0.26786068172810146,0.182635141315284,0
2089,42,24404.0,salaried,559.0,44186.0,429631,24,0,1.4670784844014642,1.8106048188821504,1
2090,57,128187.0,salaried,559.0,18711.0,28733,18,0,0.018679091223499002,0.14596643965456715,1
2091,32,125449.0,salaried,782.0,26078.0,400288,6,0,0.2659035411468671,0.2078773047214406,0
2092,58,42684.0,salaried,670.0,,312660,6,0,0.6104160809671071,0.3165120419829444,1
2093,38,83591.0,salaried,575.0,29520.0,146283,36,0,0.1458320871864196,0.3531480661793734,1
2094,55,134821.0,self_employed,775.0,25328.0,144971,18,0,0.08960708396070839,0.18786390844156325,0
2095,50,17682.0,salaried,707.0,23968.0,331842,12,0,1.5639350752177354,1.3555027711797307,1
2096,44,126186.0,salaried,,24825.0,135671,24,0,0.08959723476983712,0.19673339356188482,0
2097,50,36832.0,salaried,679.0,48017.0,296903,36,0,0.6717505611062844,1.3036761511728931,1
2098,34,31997.0,self_employed,581.0,7272.0,237132,6,0,0.6175891489827171,0.22727130668500173,1
2099,26,49640.0,salaried,509.0,35588.0,132571,12,0,0.2225540558689229,0.7169218372280419,1
2100,23,55491.0,contract,742.0,37504.0,307099,18,0,0.46118439626846397,0.6758573462363267,1
2101,36,78043.0,salaried,677.0,39238.0,266256,24,0,0.28430480632471844,0.5027741117076483,1
2102,27,127175.0,salaried,785.0,25465.0,280979,24,1,0.1841157198086626,0.20023589541969727,1
2103,34,143568.0,salaried,756.0,46883.0,103835,6,0,0.060270510605891746,0.32655605706006907,0
2104,29,129250.0,salaried,809.0,44962.0,336350,6,0,0.21686009026434558,0.34786847195357834,1
2105,35,87725.0,salaried,503.0,30642.0,439977,36,0,0.4179509831860929,0.349296095753776,1
2106,41,143131.0,salaried,714.0,6520.0,437326,24,0,0.2546187292294006,0.045552675521026195,1
2107,55,60520.0,salaried,529.0,28299.0,32695,24,0,0.045019552764926196,0.4675974884335757,1
2108,22,77919.0,salaried,845.0,44046.0,110296,24,0,0.11796010386854726,0.5652793285334771,0
2109,47,124869.0,salaried,564.0,49027.0,266248,24,1,0.17768488042134825,0.39262747359232475,1
2110,22,79442.0,salaried,623.0,19127.0,95793,12,0,0.10048525968631203,0.24076684877017196,1
2111,55,120246.0,salaried,784.0,4576.0,333016,18,1,0.23078799571988534,0.038055319927482,1
2112,38,124687.0,self_employed,652.0,7183.0,387226,12,0,0.25879869860798105,0.05760825106065588,0
2113,34,138447.0,salaried,539.0,10814.0,478669,18,0,0.28811807647210363,0.07810931258893294,1
2114,40,76477.0,salaried,525.0,,315082,12,0,0.34332980286011916,0.34457418570289106,0
2115,38,15244.0,salaried,772.0,48406.0,445036,36,0,2.4328478964401294,3.175413277355025,1
2116,30,94453.0,salaried,658.0,11596.0,421807,18,0,0.37214893474355853,0.12277005494796353,1
2117,45,142962.0,salaried,688.0,15544.0,68013,24,0,0.039645150459562684,0.10872819350596662,0
2118,22,86303.0,salaried,763.0,24139.0,293928,18,0,0.2838140041481756,0.27970058978251044,0
2119,45,43390.0,salaried,568.0,35864.0,84712,24,0,0.1626949373895675,0.8265498962894676,1
2120,53,25247.0,contract,500.0,24574.0,263442,36,0,0.869548857289975,0.9733433675288153,1
2121,56,44583.0,salaried,578.0,1085.0,179300,18,0,0.335142692655646,0.024336630554247136,0
2122,51,43670.0,salaried,727.0,30689.0,405262,6,0,0.7733417296389589,0.7027478818410808,1
2123,34,139920.0,self_employed,826.0,36497.0,496476,24,0,0.2956903945111492,0.2608419096626644,0
2124,21,25236.0,salaried,545.0,20712.0,476202,18,0,1.572495641147567,0.8207322872087494,1
2125,36,50568.0,self_employed,607.0,1487.0,44466,12,0,0.07327756684068977,0.02940594842588198,1
2126,23,122327.0,salaried,623.0,,253791,18,0,0.1728911033541246,0.0698128785958946,1
2127,55,125188.0,salaried,647.0,40221.0,425029,24,0,0.2829271442417271,0.3212847876793303,0
2128,26,31352.0,self_employed,751.0,24989.0,276521,6,0,0.7349903249128179,0.7970464404184741,1
2129,45,140721.0,contract,501.0,15955.0,374831,6,0,0.22197054218394316,0.11338037677390013,1
2130,33,70904.0,salaried,721.0,27029.0,288764,12,0,0.33938376772349466,0.38120557373349884,0
2131,54,137141.0,salaried,688.0,44412.0,45924,36,1,0.027905586221480084,0.3238418853588642,1
2132,28,31108.0,salaried,570.0,40105.0,263153,6,0,0.7049446016030174,1.2892182075350391,1
2133,41,17853.0,salaried,832.0,46369.0,486674,36,0,2.27167236132116,2.5972665658432756,1
2134,54,99156.0,self_employed,596.0,7102.0,467222,24,0,0.392665765729423,0.07162451087175764,1
2135,24,19176.0,salaried,731.0,1009.0,54857,18,0,0.23839260881657628,0.052617855652899455,1
2136,45,115459.0,salaried,529.0,20766.0,249609,36,1,0.18015702543760123,0.1798560527979629,1
2137,35,138225.0,salaried,529.0,23089.0,168011,24,0,0.10129076988002653,0.16703924760354494,1
2138,24,133458.0,self_employed,714.0,8973.0,243668,24,0,0.15215023952604315,0.06723463561569933,0
2139,32,125893.0,salaried,672.0,3079.0,95682,24,0,0.06333553096677337,0.024457277211600327,0
2140,52,88927.0,self_employed,779.0,20836.0,384181,12,0,0.3600153309268651,0.23430454192764852,1
2141,52,133178.0,salaried,710.0,12167.0,344887,12,0,0.21580578874388662,0.09135893315712805,1
2142,48,55667.0,salaried,816.0,2186.0,482027,36,0,0.7215929844731469,0.039269225932778845,1
2143,33,21611.0,salaried,624.0,44279.0,166150,24,1,0.6406845279410177,2.0489102771736616,1
2144,51,103242.0,salaried,579.0,46620.0,209218,36,0,0.1688734558932734,0.4515604114604521,1
2145,34,99612.0,salaried,683.0,9398.0,387921,6,0,0.3245266634542023,0.09434606272336667,0
2146,40,,self_employed,514.0,4518.0,188786,36,1,0.25414633883665577,0.07298633323640594,0
2147,38,48043.0,salaried,510.0,,135684,18,0,0.2353516641342131,0.9460691463896925,1
2148,49,87867.0,salaried,841.0,49456.0,282989,24,0,0.26838763889363093,0.5628506720384217,1
2149,26,92089.0,salaried,588.0,36222.0,312822,36,0,0.2830794123076589,0.3933368806263506,1
2150,52,73745.0,salaried,502.0,6082.0,419869,12,1,0.474460415395394,0.08247338802630687,1
2151,49,100970.0,salaried,523.0,38117.0,86855,18,0,0.0716838334818923,0.3775081707437853,0
2152,22,39464.0,self_employed,588.0,,106037,36,0,0.22391082167714035,0.851864990877762,1
2153,43,133523.0,salaried,508.0,22111.0,62670,36,0,0.03911311159875078,0.16559693835518974,0
2154,39,35662.0,salaried,545.0,25070.0,41487,36,0,0.09694492737367506,0.7029891761538893,1
2155,51,33228.0,salaried,593.0,19939.0,362012,12,1,0.9078989607158621,0.6000662092211388,1
2156,25,75721.0,salaried,,48819.0,438033,36,0,0.4820690429339285,0.644722071816273,1
2157,39,21862.0,self_employed,687.0,7540.0,350570,6,0,1.33629890525417,0.3448906778885738,1
2158,54,55108.0,salaried,638.0,19533.0,448609,6,0,0.678378517335656,0.35444944472671847,1
2159,30,106788.0,salaried,509.0,47430.0,287657,6,0,0.224476689016244,0.44415102820541635,1
2160,45,95140.0,contract,502.0,3347.0,80842,36,0,0.07080968397449373,0.035179735127181,1
2161,22,83578.0,salaried,518.0,,159716,18,0,0.1592484465608972,0.5800449879154802,1
2162,31,64966.0,self_employed,629.0,,185469,12,0,0.23790521195702366,0.06078564172028446,0
2163,51,25386.0,salaried,720.0,29877.0,128756,6,0,0.4226607841592479,1.1769085322618766,1
2164,35,92228.0,salaried,629.0,16888.0,138000,6,1,0.1246909832155094,0.1831114195255237,1
2165,29,87197.0,self_employed,612.0,29278.0,174592,18,0,0.16685589336024556,0.33576843240019727,1
2166,43,58021.0,salaried,637.0,7765.0,460728,6,0,0.6617259268195999,0.1338308543458403,1
2167,39,133915.0,self_employed,542.0,30084.0,204941,12,0,0.1275317676635677,0.224649964529739,0
2168,29,132174.0,salaried,717.0,36174.0,184398,18,0,0.11625962746077141,0.2736846883653366,1
2169,55,101755.0,salaried,557.0,43664.0,191910,24,0,0.15716672399390694,0.4291091346862562,1
2170,41,81330.0,salaried,612.0,31991.0,213383,12,0,0.21863908356899872,0.3933480880363949,1
2171,29,87322.0,salaried,687.0,44724.0,63675,12,0,0.06076647351182978,0.5121733354710153,0
2172,48,117318.0,salaried,,47634.0,215151,36,1,0.15282607954448593,0.40602465094870355,1
2173,27,60313.0,self_employed,584.0,5257.0,86604,24,1,0.11965911163430769,0.08716197171422413,1
2174,36,42032.0,self_employed,605.0,34347.0,273796,24,0,0.5428324451211776,0.8171631138180434,1
2175,36,76710.0,salaried,598.0,49072.0,456930,18,0,0.4963824794681267,0.6397079911354452,0
2176,53,110326.0,self_employed,508.0,49465.0,193292,6,0,0.1460006405259564,0.44835306274133024,1
2177,24,101157.0,contract,505.0,37083.0,293106,24,0,0.24146129284182014,0.36658857024229663,1
2178,24,43365.0,salaried,607.0,35455.0,216178,18,0,0.41542334447903456,0.8175948345439871,1
2179,59,28189.0,salaried,651.0,38291.0,494224,24,0,1.4610427235209953,1.3583667387988223,1
2180,60,22248.0,salaried,837.0,9910.0,237594,12,0,0.8899451636102121,0.44543329737504495,1
2181,37,19369.0,self_employed,736.0,30604.0,224418,24,0,0.965537714905261,1.580050596313697,1
2182,57,43605.0,self_employed,526.0,20883.0,93532,6,1,0.1787486144555288,0.47891296869625044,1
2183,59,64616.0,self_employed,618.0,28202.0,298977,18,0,0.3855817444595766,0.436455367091742,1
2184,49,118719.0,contract,710.0,31656.0,482391,6,0,0.3386083946124883,0.2666464508629621,1
2185,56,48055.0,salaried,599.0,24111.0,284057,36,1,0.4925900877466792,0.501737592342108,1
2186,58,131680.0,salaried,502.0,41783.0,194829,6,0,0.12329700789793438,0.31730710814094776,1
2187,59,22450.0,salaried,793.0,37083.0,254009,6,1,0.9428693392724573,1.651804008908686,1
2188,57,148997.0,salaried,829.0,35182.0,140661,18,0,0.07867104706806177,0.236125559575025,0
2189,55,65272.0,salaried,828.0,13271.0,77076,12,0,0.09840360338276749,0.20331842137516853,0
2190,27,20310.0,self_employed,516.0,38574.0,221936,24,0,0.9106187428196291,1.899261447562777,1
2191,47,46817.0,salaried,605.0,49139.0,451393,24,0,0.8034706054068679,1.0495973684772626,1
2192,48,97641.0,salaried,729.0,27679.0,71697,18,1,0.06119099558587069,0.28347722780389384,1
2193,42,30457.0,self_employed,803.0,11258.0,244438,18,0,0.6688062952140176,0.3696358800932462,1
2194,34,57311.0,salaried,676.0,1759.0,273646,12,1,0.3978962735484171,0.03069218823611523,1
2195,27,138573.0,salaried,,35893.0,123115,12,0,0.07403739064127451,0.2590187121589343,1
2196,57,112427.0,salaried,762.0,28628.0,475055,36,0,0.3521210800489799,0.25463634180401507,1
2197,42,51181.0,salaried,,29675.0,90863,24,0,0.14794389845189948,0.5798050057638576,1
2198,25,147019.0,contract,748.0,,50118,24,0,0.02840789285738578,0.12695637978764648,0
2199,22,146094.0,salaried,648.0,37997.0,56229,36,0,0.032073528002518926,0.2600859720453954,0
2200,47,16128.0,self_employed,,11226.0,158605,18,0,0.8195116154100529,0.6960565476190477,1
2201,41,94522.0,salaried,,,215143,24,0,0.1896763011080313,0.5076278538329702,1
2202,58,63929.0,salaried,688.0,17507.0,218067,6,0,0.2842567535860095,0.27385067809601277,0
2203,35,96696.0,salaried,705.0,5831.0,405944,18,0,0.3498455641046855,0.06030239099859353,0
2204,41,130245.0,salaried,807.0,,215895,18,0,0.13813390149333948,0.0094744519943184,0
2205,30,24808.0,salaried,768.0,40338.0,239474,12,0,0.8044246479630227,1.6260077394388908,1
2206,43,110148.0,salaried,789.0,5956.0,64178,36,0,0.048554369272857126,0.05407270218251806,0
2207,59,36725.0,salaried,799.0,,263707,18,1,0.5983821193555707,1.3567324710687543,1
2208,25,87534.0,salaried,754.0,27278.0,50411,12,0,0.04799182793733483,0.31162748189275025,1
2209,21,54950.0,salaried,,18689.0,430056,6,1,0.6521929026387625,0.34010919017288443,1
2210,33,98576.0,salaried,613.0,1268.0,421384,6,0,0.35622599145160416,0.012863171563057945,1
2211,41,35557.0,salaried,504.0,21481.0,79228,24,0,0.18568308162480898,0.604128582276345,1
2212,46,36825.0,salaried,841.0,19605.0,189370,36,0,0.4285358678434035,0.5323828920570265,0
2213,41,23998.0,contract,572.0,21103.0,348324,36,0,1.209559129927494,0.8793649470789232,1
2214,38,51080.0,contract,,4194.0,96057,12,0,0.1567100626468285,0.08210649960845733,0
2215,57,57407.0,self_employed,620.0,29798.0,425917,24,0,0.6182710006329077,0.5190656191753619,1
2216,52,135283.0,self_employed,801.0,28370.0,271469,36,0,0.16722290802736978,0.20970853691890334,0
2217,56,28338.0,salaried,,28654.0,92800,24,0,0.2728962288564237,1.0111511045239607,1
2218,37,91289.0,salaried,565.0,10251.0,177858,12,0,0.1623580058933716,0.11229173284842643,0
2219,55,146029.0,self_employed,729.0,,434538,24,0,0.24797471735066323,0.120749988016079,0
2220,31,124367.0,salaried,530.0,4029.0,197588,18,0,0.13239578559156903,0.032396053615508937,1
2221,41,80898.0,salaried,806.0,2860.0,76515,18,0,0.07881838858809859,0.03535316077035279,0
2222,46,149526.0,self_employed,796.0,3513.0,484499,18,0,0.27001937232766654,0.02349424180410096,0
2223,24,132486.0,salaried,550.0,35987.0,368320,18,1,0.23167227732238374,0.2716287003909847,1
2224,54,101540.0,salaried,646.0,41138.0,499486,6,0,0.40992548092705666,0.40514083119952726,1
2225,38,140416.0,salaried,594.0,48134.0,373349,6,0,0.2215731588043148,0.3427956927985415,1
2226,60,54963.0,salaried,828.0,4930.0,88297,36,0,0.1338733936163116,0.08969670505612867,0
2227,55,109929.0,self_employed,537.0,4677.0,472602,6,0,0.35826306070281727,0.042545643096908003,1
2228,49,89935.0,salaried,697.0,5472.0,77379,24,0,0.07169900483682659,0.060843942847612166,1
2229,49,28686.0,contract,740.0,39476.0,346960,24,0,1.0079248878663227,1.3761416718956982,1
2230,58,78528.0,self_employed,672.0,24225.0,165373,6,0,0.1754926056098886,0.3084886919315403,0
2231,41,114811.0,salaried,755.0,13728.0,135157,24,0,0.09810108206821065,0.11957042443668289,1
2232,33,37787.0,salaried,540.0,46684.0,225108,36,0,0.49644057480085746,1.2354513457009024,1
2233,37,130613.0,salaried,628.0,24214.0,222625,12,0,0.14203856686036867,0.18538736572929188,0
2234,29,119887.0,contract,553.0,46649.0,412527,6,0,0.28674710352248367,0.3891080767722939,1
2235,21,76086.0,salaried,585.0,12483.0,370022,18,0,0.4052672852649195,0.1640643482375207,1
2236,22,,self_employed,711.0,31044.0,92383,24,0,0.06567020099916689,0.2648105023415308,0
2237,49,78308.0,salaried,768.0,35297.0,356660,24,1,0.37954827944356473,0.450745773101088,1
2238,53,30797.0,salaried,,26831.0,36674,12,0,0.09923585630635019,0.8712212228463811,1
2239,30,20302.0,contract,,9127.0,380877,36,0,1.5633804551275736,0.44956161954487245,1
2240,60,53059.0,salaried,714.0,25532.0,413813,24,0,0.649925868687059,0.48120017339188453,1
2241,41,146980.0,self_employed,688.0,2473.0,257426,18,0,0.1459529641221028,0.01682541842427541,0
2242,48,29239.0,salaried,660.0,33853.0,188367,12,0,0.5368600157324122,1.1578029344368823,1
2243,31,42313.0,self_employed,700.0,40130.0,447541,24,0,0.8814095746776011,0.9484082905962706,1
2244,54,57103.0,self_employed,528.0,4662.0,108709,18,0,0.15864461295086657,0.08164194525681663,1
2245,28,103771.0,self_employed,743.0,36202.0,204824,24,0,0.16448397593418843,0.34886432625685404,1
2246,42,141228.0,salaried,682.0,40496.0,372119,18,0,0.21957343208617744,0.2867420058345371,0
2247,28,,salaried,531.0,,184512,12,0,0.1441522523789434,0.024984765386959172,0
2248,35,25534.0,salaried,766.0,11184.0,169034,36,0,0.5516631419545182,0.4380042296545782,1
2249,37,58060.0,salaried,535.0,25677.0,234424,6,0,0.3364680215868642,0.44224939717533585,1
2250,43,32189.0,salaried,592.0,45942.0,385969,6,0,0.999225926040987,1.427257758861723,1
2251,44,143431.0,salaried,658.0,8475.0,290376,36,0,0.16870829876386556,0.059087644930314924,1
2252,39,101067.0,salaried,679.0,29752.0,286623,24,0,0.23633084983228947,0.29437897632263743,0
2253,25,25967.0,self_employed,805.0,37239.0,104853,12,1,0.33649439673431664,1.4340894211884314,1
2254,52,80563.0,self_employed,717.0,22903.0,496450,18,1,0.5135215090467502,0.28428683142385464,1
2255,21,23660.0,contract,828.0,43779.0,202039,12,0,0.7116053817976895,1.8503381234150464,1
2256,43,133671.0,salaried,842.0,17171.0,188118,36,0,0.11727674663913638,0.12845718218611366,0
2257,57,144909.0,salaried,726.0,12660.0,108827,24,0,0.06258352943341454,0.08736517400575533,0
2258,28,90976.0,salaried,711.0,42658.0,201287,24,0,0.18437738158049008,0.46889289482940555,1
2259,33,28107.0,salaried,662.0,23289.0,328822,36,0,0.9749113506718374,0.8285836268545202,1
2260,28,109182.0,salaried,657.0,,424704,12,0,0.3241559964096646,0.07316224286054478,1
2261,43,106787.0,contract,609.0,39974.0,418620,6,0,0.32667834099656323,0.3743339545075711,1
2262,21,30954.0,salaried,554.0,32052.0,257902,12,0,0.6943152204346235,1.0354719906958714,1
2263,44,31943.0,salaried,849.0,,425641,24,0,1.110418036293815,0.8532698869861941,1
2264,55,55725.0,salaried,713.0,34901.0,484345,24,0,0.7243083595035142,0.6263077613279497,1
2265,44,60434.0,salaried,514.0,,458759,36,0,0.632589546723147,0.7471621934672535,1
2266,37,100751.0,salaried,652.0,2421.0,213087,12,0,0.1762488709789481,0.02402953816835565,1
2267,25,25110.0,salaried,519.0,46574.0,481428,6,1,1.5977299880525686,1.8547988849064119,1
2268,40,31462.0,salaried,551.0,3931.0,110012,12,0,0.29138855338715486,0.12494437734409765,1
2269,41,94232.0,salaried,,6025.0,472193,24,0,0.41758019214987124,0.06393794040241108,0
2270,60,81567.0,salaried,820.0,41584.0,418481,12,0,0.4275432057899232,0.5098140179239153,1
2271,51,,salaried,583.0,39894.0,377249,24,0,0.22072962377859692,0.2801053185887309,1
2272,56,71063.0,salaried,825.0,26176.0,460728,24,0,0.5402811589716168,0.36834921126324527,1
2273,31,128394.0,salaried,723.0,,390173,18,0,0.2532393777487006,0.3702665233577893,0
2274,35,70240.0,contract,628.0,29357.0,103028,6,0,0.1222332953682612,0.41795273348519363,1
2275,39,96352.0,salaried,849.0,45305.0,136274,36,0,0.11786124487988486,0.4702030056459648,0
2276,27,95989.0,salaried,515.0,37273.0,470142,6,0,0.408156142891373,0.38830490993759703,1
2277,48,37222.0,self_employed,773.0,23265.0,449845,12,0,1.007121684308563,0.6250335822900436,1
2278,25,94794.0,salaried,576.0,42369.0,483706,18,0,0.42522557686492113,0.4469586682701437,1
2279,25,78924.0,self_employed,799.0,44827.0,348792,24,1,0.3682783437230754,0.5679767877958543,1
2280,50,114854.0,contract,805.0,13395.0,86648,6,1,0.06286822110389421,0.11662632559597402,1
2281,52,93513.0,salaried,591.0,29161.0,128762,24,0,0.1147451869437048,0.311838995647664,1
2282,28,,self_employed,769.0,43930.0,167805,24,0,0.2007745983431205,0.6307341096067424,1
2283,30,117986.0,salaried,551.0,43547.0,187802,18,0,0.13264426852903452,0.36908616276507383,1
2284,58,98749.0,salaried,848.0,798.0,234915,6,0,0.19824251384824151,0.008081094492096123,0
2285,52,54369.0,self_employed,620.0,3462.0,262068,18,1,0.40168110504147586,0.06367599183358164,1
2286,48,101379.0,contract,549.0,40263.0,109979,24,0,0.09040251597142078,0.39715325659160183,1
2287,37,84392.0,self_employed,772.0,46559.0,273725,6,0,0.2702912203368408,0.5516992131955636,1
2288,51,27661.0,salaried,619.0,30666.0,436928,24,0,1.3163178000313318,1.1086367087234734,1
2289,28,86718.0,salaried,594.0,7449.0,216650,24,0,0.2081939927888866,0.08589912128969764,1
2290,60,22970.0,salaried,648.0,45190.0,261113,6,1,0.9472971992453926,1.9673487157161516,1
2291,45,62922.0,salaried,788.0,30163.0,222485,36,0,0.29465714164627105,0.47937128508311877,0
2292,29,45755.0,contract,,31080.0,177953,18,0,0.3241048337158052,0.6792700251338651,1
2293,22,135926.0,salaried,683.0,47672.0,353654,12,1,0.21681772925464346,0.35072024483910363,1
2294,35,34416.0,salaried,759.0,48242.0,297662,24,0,0.7207451960328529,1.4017317526731752,1
2295,23,28672.0,salaried,649.0,32953.0,428707,18,1,1.2460094633556547,1.1493094308035714,1
2296,56,143145.0,salaried,704.0,,199758,18,0,0.11629117328582905,0.1750183380488316,0
2297,24,89095.0,self_employed,671.0,39799.0,266611,6,0,0.2493695867706755,0.44670295751725686,1
2298,34,15064.0,salaried,812.0,12288.0,52344,6,0,0.2895645246946362,0.8157195963887414,1
2299,45,83835.0,self_employed,721.0,27473.0,361036,6,0,0.35887556907417345,0.3277032265760124,1
2300,30,,salaried,667.0,27591.0,66069,18,0,0.05366541903035265,0.26893385578103984,0
2301,41,,salaried,743.0,39452.0,66273,6,0,0.041865656933199914,0.2990691045817035,1
2302,56,135308.0,self_employed,717.0,28391.0,201510,12,0,0.12410574393236172,0.20982499187039938,0
2303,32,97516.0,salaried,555.0,9877.0,341970,18,0,0.2922340949177571,0.10128594281963986,0
2304,47,79666.0,salaried,562.0,25567.0,360497,6,0,0.3770920677160478,0.3209273717771697,1
2305,60,133294.0,self_employed,,7591.0,337302,24,0,0.21087595840773027,0.056949300043512834,0
2306,22,25866.0,salaried,666.0,,162632,18,1,0.5239568030103868,1.3731152864764555,1
2307,33,18889.0,salaried,506.0,32503.0,101396,36,0,0.44733266274904265,1.720736936841548,1
2308,52,133194.0,self_employed,641.0,35713.0,269450,36,0,0.1685824186274657,0.26812769343964443,1
2309,51,139714.0,contract,624.0,22946.0,472676,18,0,0.2819307060614303,0.1642355096840689,1
2310,36,46335.0,salaried,589.0,24770.0,70200,18,0,0.12625445127873097,0.5345850868673788,1
2311,52,65547.0,self_employed,810.0,40828.0,202839,36,0,0.25787984194547425,0.622881291287168,1
2312,52,113756.0,salaried,715.0,10494.0,430112,24,0,0.3150837464983532,0.09225007911670594,1
2313,54,25995.0,salaried,,78.0,304641,24,0,0.976601269474899,0.0030005770340450085,0
2314,31,17631.0,salaried,,12138.0,495318,24,0,2.341132096874823,0.6884464863025354,1
2315,30,103294.0,contract,652.0,,363938,12,0,0.2936101483790604,0.16946773287896683,1
2316,35,102278.0,salaried,748.0,35989.0,54869,12,0,0.044705769243304196,0.3518743033692485,1
2317,37,79471.0,salaried,613.0,8977.0,233151,24,0,0.24448226397050496,0.11295944432560305,1
2318,60,52116.0,salaried,595.0,32593.0,326561,36,0,0.5221700949164684,0.6253933532888173,1
2319,38,107116.0,contract,,25022.0,287712,12,0,0.2238321072482169,0.2335972217035737,1
2320,29,148014.0,salaried,835.0,4218.0,389377,6,1,0.2192230689889695,0.028497304309051848,1
2321,45,62664.0,salaried,,5729.0,325415,12,0,0.432751127707562,0.09142410315332568,1
2322,60,102342.0,self_employed,648.0,,301196,36,0,0.2452528450359253,0.026606867170858493,0
2323,34,29407.0,salaried,610.0,9773.0,148953,36,0,0.42210188050464176,0.33233583840582176,1
2324,45,128926.0,salaried,519.0,49510.0,64013,18,0,0.04137580213972873,0.38401873943192216,1
2325,42,74201.0,salaried,702.0,1765.0,252756,36,0,0.2838640988665921,0.023786741418579265,1
2326,50,95093.0,contract,681.0,,301643,24,0,0.26434034751944585,0.353043862324251,1
2327,40,32878.0,contract,830.0,14067.0,241384,36,0,0.6118174260397024,0.42785449236571566,1
2328,41,98100.0,salaried,726.0,5649.0,21307,12,0,0.018099728168535507,0.057584097859327214,0
2329,52,93629.0,salaried,791.0,19114.0,358066,12,1,0.3186922143068209,0.20414615129927693,1
2330,41,58168.0,salaried,575.0,38759.0,304087,12,0,0.43564474166781275,0.6663285655343144,1
2331,55,69862.0,salaried,816.0,29340.0,359347,36,0,0.4286390789461128,0.41997079957630756,1
2332,52,43004.0,self_employed,815.0,14539.0,368870,24,1,0.7147978482621772,0.33808482931820294,1
2333,50,35471.0,salaried,722.0,40593.0,278041,24,0,0.6532120135697707,1.1443996504186518,1
2334,59,106820.0,self_employed,535.0,45022.0,95497,18,0,0.07449993758971478,0.4214753791424827,1
2335,32,117229.0,self_employed,823.0,32910.0,236247,6,0,0.16793839408337527,0.2807325832345239,0
2336,38,80308.0,self_employed,799.0,28135.0,55362,24,1,0.05744757682920755,0.35033869602032175,1
2337,41,98969.0,contract,832.0,42083.0,275890,12,0,0.23230338119343769,0.4252139558851762,0
2338,33,29568.0,salaried,589.0,33051.0,168688,18,0,0.47542388167388167,1.1177962662337662,1
2339,41,24466.0,salaried,528.0,31246.0,24967,24,0,0.08503978310035695,1.2771192675549743,1
2340,28,72324.0,self_employed,675.0,16767.0,61534,24,0,0.07090085356635879,0.23183175709308113,1
2341,60,117208.0,self_employed,719.0,28448.0,36465,6,0,0.025926131322094054,0.24271380793119923,0
2342,27,90955.0,salaried,635.0,19329.0,470822,6,0,0.43136899199237716,0.2125116816007916,0
2343,43,109791.0,self_employed,674.0,45242.0,408862,6,0,0.31033357318298704,0.41207384940477815,1
2344,52,123718.0,salaried,625.0,15367.0,407994,24,0,0.27481449748621867,0.12420989670056096,1
2345,31,37650.0,salaried,,623.0,395846,24,0,0.8761531651173086,0.016547144754316068,1
2346,42,103290.0,salaried,765.0,33312.0,388925,12,0,0.3137807790363701,0.3225094394423468,0
2347,42,92701.0,contract,633.0,7586.0,142902,36,0,0.12846139739592885,0.08183298993538365,0
2348,45,25683.0,salaried,771.0,17297.0,408691,6,0,1.3260749652818336,0.6734805124011992,1
2349,42,95978.0,salaried,525.0,18927.0,97718,12,0,0.08484409621649405,0.19720144199712433,1
2350,48,19860.0,contract,776.0,44955.0,39929,12,0,0.16754363880496811,2.263595166163142,1
2351,49,149801.0,self_employed,599.0,18131.0,132623,18,1,0.07377732235877375,0.1210339049806076,1
2352,33,46351.0,self_employed,529.0,15020.0,304974,12,0,0.5483053224310155,0.3240491035792108,1
2353,38,77744.0,salaried,632.0,9235.0,237293,6,0,0.25435296185772105,0.11878730191397407,0
2354,22,135198.0,salaried,850.0,32634.0,463823,36,0,0.2858911867532557,0.2413793103448276,0
2355,49,89155.0,salaried,638.0,,36478,12,0,0.03409604995046081,0.10663451292692502,1
2356,41,136449.0,self_employed,690.0,27884.0,137210,24,0,0.08379809794624121,0.20435474059905165,0
2357,35,91700.0,salaried,686.0,5708.0,85086,24,0,0.07732279171210468,0.06224645583424209,0
2358,47,21955.0,salaried,639.0,24798.0,377751,12,0,1.4338077886586198,1.1294921430198133,1
2359,51,36662.0,self_employed,819.0,4531.0,149174,6,0,0.3390749731784045,0.12358845671267252,1
2360,35,21408.0,salaried,736.0,31782.0,464405,36,0,1.8077548891380169,1.484585201793722,1
2361,43,16225.0,self_employed,796.0,45382.0,298132,36,0,1.5312378017462762,2.797041602465331,1
2362,44,32279.0,salaried,699.0,29904.0,379102,6,0,0.9787116494728255,0.9264227516341894,1
2363,33,125401.0,salaried,783.0,18537.0,292585,24,0,0.19443292584057012,0.14782178770504223,0
2364,42,,salaried,,35467.0,246222,24,0,0.19104037093590556,0.330220475959927,1
2365,57,63481.0,self_employed,,19704.0,35609,18,0,0.0467449578088982,0.3103920858209543,1
2366,53,59552.0,self_employed,600.0,566.0,154742,12,0,0.21653624843274225,0.00950429876410532,1
2367,23,89474.0,salaried,531.0,,95073,12,0,0.08854806983034177,0.28170194693430495,0
2368,39,40168.0,salaried,776.0,32605.0,41028,24,0,0.08511750647281419,0.8117157936666003,0
2369,43,,salaried,620.0,35503.0,465052,12,0,0.8228270947012322,0.7537951973502622,1
2370,49,76455.0,contract,554.0,10709.0,356871,6,0,0.38897717611666993,0.14006932182329476,0
2371,50,69240.0,self_employed,517.0,17108.0,264709,36,1,0.3185887252070094,0.24708261120739458,1
2372,59,89796.0,contract,808.0,28936.0,244421,18,0,0.22682988848798016,0.32224152523497707,0
2373,45,69592.0,self_employed,620.0,34232.0,422432,6,0,0.5058435835536652,0.4918956201862283,1
2374,57,137181.0,salaried,609.0,25883.0,427471,6,0,0.2596757811455911,0.18867773233902654,1
2375,28,116611.0,salaried,830.0,15120.0,172913,6,1,0.12356824541995752,0.12966186723379441,1
2376,36,73046.0,salaried,560.0,42914.0,163650,12,0,0.18669742354133012,0.5874928127481314,1
2377,28,31488.0,salaried,763.0,45754.0,433766,36,0,1.1479664210704608,1.4530614837398375,1
2378,21,133521.0,salaried,767.0,46798.0,89739,18,0,0.05600804367852248,0.3504916829562391,1
2379,25,146467.0,salaried,796.0,,68617,24,0,0.03904007956285944,0.3330852683539637,1
2380,23,33394.0,self_employed,626.0,38382.0,399477,6,1,0.9968781817092891,1.14936814996706,1
2381,21,108993.0,salaried,636.0,23473.0,213716,6,0,0.16340193101086004,0.2153624544695531,0
2382,24,74332.0,salaried,577.0,32921.0,268856,6,0,0.3014134782686685,0.4428913523112522,1
2383,60,57628.0,salaried,706.0,39227.0,447817,24,0,0.6475686009115939,0.6806934129242729,1
2384,55,36352.0,salaried,683.0,29995.0,281270,12,0,0.6447834140258216,0.8251265404929577,1
2385,52,97971.0,self_employed,,44471.0,287528,12,0,0.2445689710900845,0.4539200375621357,1
2386,54,66993.0,self_employed,819.0,20450.0,251626,36,0,0.3130003632220282,0.30525577299120804,0
2387,45,118027.0,salaried,728.0,33578.0,367698,12,0,0.25961432553568253,0.28449422589746415,1
2388,30,135212.0,salaried,563.0,49302.0,242682,12,0,0.14956882525219656,0.364627399934917,1
2389,41,23539.0,salaried,825.0,8137.0,353799,18,0,1.2525277199541187,0.34568163473384594,1
2390,59,147335.0,salaried,554.0,15765.0,475899,18,0,0.26917059761767403,0.10700105202429837,1
2391,47,68817.0,salaried,792.0,26798.0,495704,12,0,0.6002683445466479,0.38940959355973087,1
2392,47,64107.0,contract,780.0,9270.0,385649,18,0,0.5013090094165483,0.1446019935420469,1
2393,22,144240.0,salaried,778.0,778.0,179907,36,0,0.10393961453133665,0.005393788130892956,0
2394,33,114655.0,salaried,687.0,46390.0,303553,12,0,0.220627825505502,0.4046051197069469,1
2395,29,71132.0,self_employed,690.0,20633.0,37676,18,0,0.044138596787193764,0.29006635550806953,0
2396,56,140701.0,salaried,772.0,40435.0,180950,24,0,0.10717170927475048,0.2873824635219366,0
2397,42,120494.0,salaried,594.0,14307.0,214477,18,0,0.14833172882743817,0.11873620263249622,0
2398,46,67979.0,self_employed,589.0,37364.0,155347,18,0,0.19043503631023306,0.5496403301019432,1
2399,32,73013.0,salaried,746.0,7357.0,159035,24,1,0.18151447915667987,0.10076287784367167,1
2400,37,78797.0,self_employed,574.0,2553.0,219253,36,1,0.2318753675055311,0.03239971064888257,0
2401,34,66798.0,self_employed,561.0,28820.0,126967,24,0,0.15839670848428597,0.43145004341447346,1
2402,34,91421.0,self_employed,721.0,20487.0,224445,36,0,0.20458920816880147,0.22409512037715623,1
2403,54,22434.0,contract,766.0,13971.0,363084,24,1,1.3487117767674066,0.6227600962824285,1
2404,40,45028.0,self_employed,620.0,22188.0,80965,36,0,0.14984195019395338,0.49276006040685794,1
2405,31,81558.0,self_employed,811.0,12880.0,241715,36,0,0.24697658925754268,0.15792442188381275,0
2406,36,39331.0,self_employed,808.0,31310.0,128485,6,0,0.27223013229598364,0.7960641732984161,0
2407,51,82573.0,contract,840.0,4564.0,462976,6,0,0.4672390894521615,0.05527230450631562,0
2408,26,144473.0,contract,527.0,,93061,18,0,0.05367842664950083,0.2715524700116977,1
2409,39,97979.0,self_employed,841.0,23099.0,455258,24,0,0.38720712261470996,0.2357546004756121,0
2410,57,19123.0,salaried,801.0,29122.0,78318,36,0,0.3412905924802594,1.5228782094859594,1
2411,24,31603.0,self_employed,773.0,20062.0,176622,6,0,0.4657311014777078,0.6348131506502547,1
2412,24,80941.0,salaried,522.0,14135.0,57087,18,0,0.05877429238581189,0.17463337492741626,0
2413,40,57597.0,salaried,598.0,,146861,18,1,0.21248357842711715,0.21554942097678698,1
2414,30,99238.0,salaried,784.0,3705.0,26953,18,0,0.022633299072263986,0.03733448880469175,0
2415,44,56751.0,contract,807.0,36126.0,114266,6,0,0.16778852648705161,0.6365702806998995,1
2416,55,141462.0,salaried,609.0,,385575,12,0,0.22713696964555852,0.06393236346156565,1
2417,46,101978.0,self_employed,702.0,36950.0,267267,18,0,0.2184024985781247,0.3623330522269509,1
2418,57,32693.0,salaried,605.0,20349.0,434520,12,0,1.1075765454378612,0.6224268191967699,1
2419,58,109524.0,salaried,545.0,37968.0,376757,12,0,0.2866624362392413,0.34666374493261753,1
2420,41,112869.0,salaried,756.0,37397.0,58739,12,0,0.04336812292716925,0.3313310120582268,1
2421,60,78825.0,self_employed,643.0,22717.0,148020,18,1,0.1564858864573422,0.2881953694893752,1
2422,59,145475.0,self_employed,524.0,38371.0,126879,36,0,0.07268087300223407,0.2637635332531363,0
2423,41,60406.0,salaried,561.0,4474.0,44987,12,0,0.062061991634385104,0.0740654901830944,1
2424,30,138371.0,salaried,729.0,8647.0,138064,6,0,0.08314844391768024,0.0624914179994363,0
2425,58,16617.0,self_employed,581.0,14190.0,288182,6,1,1.4452167459027903,0.8539447553710056,1
2426,24,58016.0,salaried,835.0,39943.0,22775,12,0,0.03271367668689097,0.6884824875896305,1
2427,40,39276.0,salaried,710.0,45373.0,420693,12,0,0.8925998064976067,1.1552347489561055,1
2428,37,87240.0,salaried,696.0,14669.0,354054,12,0,0.33819922054103624,0.16814534617148097,0
2429,27,121292.0,self_employed,846.0,32997.0,87819,6,0,0.06033580120700458,0.2720459717046466,1
2430,24,32959.0,salaried,697.0,23191.0,37046,24,0,0.09366687905175117,0.7036317849449316,1
2431,49,43522.0,salaried,661.0,45563.0,492643,36,0,0.9432834734923333,1.046895822802261,1
2432,34,41567.0,contract,707.0,32723.0,433741,24,0,0.869561992285547,0.7872350662785382,1
2433,23,77708.0,self_employed,808.0,37787.0,400867,6,0,0.42988602632075634,0.48626911000154427,1
2434,44,141206.0,salaried,543.0,36245.0,61181,6,0,0.0361062325019239,0.25668172740535106,0
2435,57,37560.0,salaried,787.0,15304.0,151823,18,0,0.336845491657792,0.40745473908413204,1
2436,36,73390.0,salaried,,17143.0,427707,24,0,0.4856554026434119,0.23358768224553753,0
2437,24,140772.0,salaried,774.0,42750.0,440958,12,0,0.26103557525644305,0.30368255050720316,0
2438,44,60104.0,salaried,720.0,34134.0,68736,12,0,0.09530147743910555,0.5679156129375749,1
2439,54,72805.0,salaried,784.0,24900.0,213329,6,0,0.24417851338049126,0.3420094773710597,0
2440,50,39496.0,salaried,645.0,166.0,383602,18,0,0.8093688812369185,0.004202957261494835,1
2441,38,106257.0,contract,568.0,20048.0,332564,24,0,0.260817326544761,0.18867462849506386,0
2442,39,18515.0,contract,639.0,7350.0,335401,18,0,1.5095913223512467,0.39697542533081287,1
2443,51,19454.0,salaried,509.0,29510.0,63096,36,0,0.2702786059422227,1.516911689112779,1
2444,39,37873.0,salaried,610.0,38463.0,371908,18,0,0.818322639699346,1.0155783803765215,1
2445,39,88920.0,salaried,536.0,30534.0,444844,36,0,0.41689533663217876,0.343387314439946,1
2446,42,,salaried,580.0,44587.0,235365,24,0,0.6827636021860967,1.5520938489922373,1
2447,44,143376.0,salaried,595.0,25748.0,96061,12,0,0.05583279860878622,0.17958375181341368,0
2448,32,84070.0,contract,554.0,41731.0,44790,36,0,0.04439752587129773,0.49638396574283333,0
2449,50,114059.0,self_employed,631.0,927.0,135683,12,0,0.09913217428406935,0.008127372675545112,0
2450,58,139564.0,salaried,722.0,48950.0,488815,18,0,0.2918702769577637,0.3507351465994096,1
2451,51,132213.0,self_employed,562.0,11100.0,180839,18,1,0.11398210967655727,0.08395543554718522,1
2452,56,40465.0,salaried,511.0,13243.0,287471,24,0,0.592015733761687,0.32727048066230074,1
2453,39,74799.0,salaried,645.0,30778.0,400042,12,0,0.44568554838077157,0.4114760892525301,1
2454,56,111129.0,salaried,763.0,41565.0,249109,24,0,0.18680167493033623,0.37402478201009637,1
2455,50,122288.0,self_employed,531.0,12098.0,251040,36,0,0.17107156875572418,0.0989303938244145,1
2456,53,27875.0,self_employed,548.0,47186.0,209397,18,0,0.626,1.6927713004484304,1
2457,38,42219.0,self_employed,686.0,47652.0,200625,18,0,0.3960006158364717,1.1286861365735805,1
2458,48,51182.0,salaried,842.0,46558.0,389251,18,0,0.633769359019447,0.909655738345512,1
2459,31,94781.0,self_employed,598.0,31244.0,403498,18,0,0.35476343711644037,0.3296441269874764,1
2460,53,21457.0,contract,666.0,25577.0,345971,18,0,1.3436601885942427,1.192011930838421,1
2461,37,48064.0,salaried,805.0,20357.0,77225,36,0,0.13389265701287173,0.42353944740346205,1
2462,26,130256.0,salaried,712.0,413.0,209321,36,0,0.13391641587847522,0.0031706792777300087,0
2463,24,113297.0,self_employed,698.0,29386.0,294788,24,1,0.21682539402337808,0.25937138670926857,1
2464,40,84918.0,contract,745.0,22312.0,444313,6,1,0.4360216130070578,0.26274759179443696,0
2465,47,105179.0,salaried,653.0,18398.0,99163,18,1,0.07856685586793308,0.17492084921895054,1
2466,35,89944.0,salaried,595.0,42447.0,374161,18,0,0.34666107059207213,0.47192697678555545,1
2467,26,104142.0,salaried,562.0,8718.0,409384,6,1,0.32758477207402714,0.08371262314916172,1
2468,34,42603.0,self_employed,693.0,0.0,444846,24,0,0.8701382531746591,0.0,0
2469,31,61458.0,contract,821.0,41230.0,272917,36,0,0.3700589562519661,0.6708646555371148,0
2470,59,85605.0,salaried,,35299.0,91410,18,0,0.08898428830091701,0.4123474096139244,1
2471,29,34623.0,salaried,771.0,17455.0,278047,24,0,0.6692251778682764,0.5041446437339341,1
2472,46,59440.0,contract,589.0,47078.0,283250,6,0,0.39710912965455364,0.7920255720053836,1
2473,36,97427.0,salaried,827.0,,394564,36,0,0.3374868705115967,0.15952456711178625,1
2474,25,108826.0,self_employed,771.0,11770.0,230501,36,0,0.17650576761680725,0.10815430136180693,0
2475,30,42460.0,salaried,584.0,47773.0,159491,24,0,0.3130220599780185,1.1251295336787566,1
2476,23,125373.0,salaried,794.0,34763.0,249035,12,0,0.165529393622763,0.27727660660588804,1
2477,33,19870.0,salaried,535.0,3577.0,136676,12,0,0.573209193088408,0.18002013085052843,1
2478,50,33909.0,salaried,517.0,47675.0,338473,12,0,0.8318170200635033,1.4059689168067475,1
2479,26,24117.0,contract,576.0,34477.0,60908,6,1,0.21046011803568715,1.4295725007256292,1
2480,37,82474.0,contract,548.0,14322.0,320931,12,1,0.3242749230060383,0.17365472755050076,1
2481,39,108926.0,self_employed,735.0,38885.0,468055,24,0,0.35808331650233494,0.3569854763784588,1
2482,55,142463.0,salaried,543.0,8528.0,409031,36,1,0.239261539253467,0.05986115693197532,0
2483,46,116536.0,salaried,608.0,7970.0,434240,24,1,0.3105192100867257,0.06839088350380998,0
2484,25,35128.0,salaried,628.0,17139.0,372499,24,0,0.8836706710696121,0.48790138920519244,1
2485,49,84001.0,contract,506.0,31864.0,389889,18,0,0.3867900382138308,0.3793288175140772,1
2486,57,,salaried,803.0,43561.0,42755,6,0,0.23075885146804836,2.8213082901554403,1
2487,40,138491.0,contract,,9911.0,468756,36,1,0.2820616502155375,0.07156421716934674,1
2488,41,96662.0,contract,712.0,7212.0,266203,18,0,0.22949642396529488,0.07461049843785562,1
2489,30,15005.0,salaried,803.0,34867.0,192646,6,1,1.0698989225813618,2.3236921026324557,1
2490,25,22038.0,self_employed,806.0,33180.0,48356,36,0,0.18285083340896027,1.5055812687176695,1
2491,56,21414.0,contract,565.0,28188.0,133526,18,0,0.5196211201394726,1.3163351078733538,1
2492,26,84506.0,self_employed,530.0,47672.0,266584,12,0,0.2628846866889136,0.564125624216032,1
2493,46,91586.0,self_employed,794.0,48625.0,97260,24,0,0.08849605834952941,0.5309217566003538,1
2494,24,148678.0,self_employed,,16146.0,291271,12,1,0.16325605222920225,0.10859710246304094,0
2495,59,31482.0,salaried,796.0,2993.0,455920,36,0,1.206827181669949,0.09507019884378375,1
2496,59,48948.0,salaried,818.0,11654.0,360349,18,0,0.6134894854403312,0.2380894009969764,0
2497,55,104987.0,salaried,513.0,246.0,161950,18,0,0.1285476614564978,0.002343147246801985,1
2498,21,35875.0,salaried,,44738.0,454697,18,1,1.0562067363530778,1.2470522648083624,1
2499,44,28057.0,self_employed,,39745.0,254313,24,0,0.7553462594005061,1.4165805324874363,1
2500,56,47400.0,salaried,,24987.0,83041,18,0,0.14599331926863574,0.5271518987341772,1
2501,26,83607.0,salaried,747.0,30235.0,478597,6,0,0.4770304320611113,0.36163239920102386,0
2502,51,102561.0,salaried,597.0,13656.0,382324,6,0,0.31064764709132453,0.1331500277883406,1
2503,40,42503.0,contract,661.0,15178.0,284349,6,0,0.5575077053384467,0.3571042044091005,1
2504,44,116096.0,self_employed,746.0,28906.0,346911,12,0,0.24901159385336274,0.24898359977949283,0
2505,45,61612.0,salaried,825.0,2689.0,44401,36,0,0.06005458893289186,0.0436440953061092,0
2506,56,,contract,841.0,33355.0,53314,12,0,0.039206775034269344,0.2943486471699112,0
2507,41,99335.0,salaried,503.0,1468.0,456729,12,0,0.3831554839683898,0.014778275532289727,1
2508,50,115989.0,self_employed,805.0,232.0,145748,24,0,0.10471395275988815,0.0020001896731586615,0
2509,44,108012.0,self_employed,760.0,39653.0,241350,12,1,0.1862061622782654,0.3671166166722216,1
2510,50,96748.0,contract,830.0,14232.0,87605,24,0,0.07545806287123936,0.1471038160995576,1
2511,42,80195.0,self_employed,544.0,23524.0,75362,6,0,0.07831119978386017,0.2933349959473783,1
2512,48,104846.0,salaried,710.0,34654.0,76005,6,0,0.06041002994868665,0.33052286210251225,0
2513,27,117404.0,salaried,743.0,16693.0,116867,12,0,0.08295217085164616,0.14218425266600798,0
2514,55,54142.0,salaried,702.0,24464.0,180591,12,0,0.27795888589265266,0.4518488419341731,1
2515,48,86540.0,salaried,702.0,25519.0,494723,6,0,0.4763914567444727,0.2948809798936908,0
2516,34,91948.0,salaried,526.0,25483.0,370794,18,0,0.3360540740418497,0.2771457780484622,1
2517,30,73951.0,salaried,617.0,2748.0,203159,6,1,0.22893424925513742,0.03715974090952117,1
2518,36,26755.0,salaried,725.0,43485.0,314928,18,0,0.980900766211923,1.6253036815548496,1
2519,36,132985.0,salaried,704.0,1600.0,284953,6,0,0.17856211853467183,0.012031432116404105,0
2520,51,99553.0,salaried,746.0,43059.0,261918,36,0,0.21924502526292527,0.4325233795063936,1
2521,45,149962.0,self_employed,548.0,49697.0,375515,24,0,0.20867230809582873,0.3313972873127859,1
2522,33,109376.0,salaried,752.0,,290663,24,0,0.2214554990735323,0.03495282328847279,0
2523,26,32175.0,contract,577.0,43648.0,269211,36,0,0.6972571872571872,1.3565811965811967,1
2524,29,80687.0,salaried,756.0,29027.0,456173,18,0,0.47113434216994887,0.3597481626532155,0
2525,56,99983.0,salaried,619.0,37698.0,438137,12,0,0.36517624662859355,0.3770440974965744,0
2526,40,61629.0,salaried,,,476943,12,0,0.6449114864755229,0.09295948336010644,1
2527,38,131779.0,salaried,811.0,38329.0,254968,24,0,0.16123459225926234,0.29085817922430734,0
2528,41,,salaried,642.0,45932.0,481106,12,0,0.48007096699515844,0.549998203872451,1
2529,24,97762.0,contract,696.0,15066.0,163535,18,0,0.13939891437027338,0.15410895849102924,0
2530,53,147731.0,salaried,759.0,18020.0,165720,12,0,0.09348071833264515,0.1219784608511416,1
2531,47,72941.0,salaried,583.0,13430.0,362921,6,0,0.4146284896925826,0.1841214131969674,0
2532,27,58473.0,salaried,691.0,40344.0,389183,36,1,0.5546477291513462,0.6899594684726283,1
2533,26,31040.0,self_employed,521.0,1790.0,210798,24,0,0.5659310567010309,0.05766752577319588,1
2534,35,84806.0,salaried,523.0,,105370,12,0,0.10354023693292141,0.03707284861920147,0
2535,38,127076.0,self_employed,574.0,44480.0,433305,18,0,0.2841508231294658,0.3500267556422928,1
2536,52,70916.0,salaried,633.0,39735.0,330083,12,0,0.38788026209412074,0.5603107902306955,1
2537,31,148363.0,salaried,666.0,30166.0,453691,36,0,0.25483161794607373,0.20332562700942958,1
2538,40,18811.0,salaried,609.0,49307.0,256419,6,0,1.1359443942374143,2.6211790973366647,1
2539,44,46276.0,self_employed,589.0,23298.0,153820,24,0,0.27699743567580026,0.5034575157749157,1
2540,35,96049.0,self_employed,536.0,41893.0,455532,24,0,0.3952253537257025,0.4361627919082968,1
2541,27,88062.0,salaried,809.0,25151.0,238251,18,1,0.22545763212282255,0.2856055960573233,1
2542,41,69499.0,salaried,550.0,37111.0,267566,6,0,0.3208271581845302,0.5339789061713118,0
2543,46,61281.0,salaried,559.0,42411.0,115516,12,0,0.15708512154392607,0.6920742154990943,1
2544,34,59852.0,salaried,571.0,20932.0,193398,12,1,0.2692725389293591,0.34972933235313775,1
2545,57,19595.0,salaried,627.0,38006.0,223020,18,0,0.9484562388364378,1.9395764225567746,1
2546,41,,self_employed,806.0,39604.0,112965,6,0,0.08486207518254756,0.35701793924096276,0
2547,38,107676.0,self_employed,561.0,13196.0,93913,18,0,0.0726817799076241,0.12255284371633418,0
2548,25,34405.0,salaried,804.0,939.0,401037,36,0,0.9713631739572737,0.027292544688272052,1
2549,23,73122.0,contract,678.0,11651.0,176414,36,0,0.2010498436403089,0.15933645140997238,0
2550,43,143909.0,contract,527.0,,339522,12,0,0.19660688351666677,0.06451993968410592,0
2551,46,18447.0,salaried,739.0,7090.0,323015,36,0,1.4592029417610812,0.38434433783270994,1
2552,57,25662.0,salaried,731.0,27077.0,484093,18,0,1.5720163406333618,1.0551398955654274,1
2553,44,73282.0,contract,652.0,4362.0,78989,24,0,0.08982310344513887,0.05952348462105292,1
2554,39,43582.0,salaried,,47834.0,60708,36,0,0.11608003304116378,1.0975632141709881,1
2555,45,82471.0,salaried,506.0,44733.0,310305,18,0,0.3135496113785452,0.542408846746129,1
2556,41,138513.0,self_employed,564.0,,124169,24,0,0.0747035777628574,0.17557196797412516,0
2557,32,122578.0,salaried,622.0,25786.0,168253,24,0,0.11438499023750863,0.21036401311817782,1
2558,53,,self_employed,,19682.0,174722,36,1,0.16022896927145808,0.2165927523632402,0
2559,24,98205.0,salaried,737.0,49212.0,272534,6,0,0.2312628345467814,0.5011150145104628,1
2560,27,89081.0,salaried,572.0,2215.0,212521,36,0,0.19880876206299136,0.02486501049606538,1
2561,42,120783.0,salaried,529.0,6275.0,498792,36,1,0.3441378339667006,0.051952675459294766,1
2562,53,98805.0,salaried,726.0,43791.0,304880,6,0,0.25713948349442506,0.4432063154698649,1
2563,37,139698.0,salaried,802.0,4817.0,95387,36,0,0.05690071917040091,0.034481524431273176,0
2564,44,25712.0,salaried,846.0,20486.0,314949,18,0,1.0207587896701928,0.7967485998755445,1
2565,54,96527.0,self_employed,784.0,12810.0,251354,6,0,0.21699800746595943,0.13270898297885567,1
2566,48,144453.0,salaried,504.0,38599.0,34429,18,0,0.019861708191130218,0.2672080192173233,0
2567,59,141888.0,salaried,564.0,49402.0,166664,24,0,0.09788471658397234,0.34817602616147947,1
2568,42,102185.0,salaried,734.0,15027.0,340374,6,1,0.2775798796300827,0.14705680872926555,1
2569,37,114851.0,salaried,,30335.0,344770,24,0,0.2501574503777358,0.2641248225962334,1
2570,54,27210.0,salaried,818.0,7429.0,84139,12,0,0.25768406223202256,0.2730246233002573,0
2571,26,51972.0,salaried,745.0,18551.0,194761,12,0,0.31228514071679625,0.3569421996459632,1
2572,26,49136.0,contract,848.0,22575.0,255617,18,0,0.4335195511776837,0.45943910778248126,0
2573,54,131445.0,salaried,,11332.0,445904,24,0,0.2826936488011462,0.08621096276008977,1
2574,21,30945.0,self_employed,806.0,30584.0,220062,24,0,0.5926159314913556,0.9883341412182906,1
2575,30,94180.0,salaried,536.0,42245.0,254050,6,0,0.2247911800099101,0.44855595667870035,1
2576,41,85453.0,self_employed,843.0,15077.0,121664,12,0,0.11864611735886003,0.1764361695903011,0
2577,25,100404.0,salaried,718.0,42747.0,342151,18,1,0.28397855995113075,0.4257499701207123,1
2578,22,18052.0,self_employed,636.0,17852.0,499372,18,0,2.305247802644213,0.9889208951916685,1
2579,42,42272.0,salaried,745.0,6600.0,122602,6,0,0.24169268861973253,0.1561317183951552,1
2580,22,56150.0,salaried,,4814.0,66567,6,0,0.09879341050756901,0.08573463935886019,1
2581,30,112095.0,salaried,750.0,44397.0,23475,18,0,0.017451715063116106,0.3960658370132477,1
2582,54,83774.0,self_employed,552.0,5044.0,411134,6,1,0.4089713594512219,0.06020961157399671,1
2583,36,58175.0,self_employed,845.0,16411.0,387008,24,0,0.5543732989543045,0.28209712075633864,1
2584,59,146637.0,salaried,808.0,24282.0,72529,18,0,0.04121799636744705,0.16559258577303138,0
2585,42,31375.0,salaried,702.0,41860.0,303569,36,0,0.8062921646746348,1.3341832669322709,1
2586,32,40710.0,self_employed,548.0,41808.0,497320,12,1,1.0180135920740194,1.0269712601326455,1
2587,44,122026.0,self_employed,,100.0,459046,12,0,0.31348920175481726,0.0008194974841427237,1
2588,60,42597.0,salaried,825.0,15383.0,336296,36,1,0.657902356190968,0.3611287179848346,1
2589,58,89289.0,contract,515.0,20894.0,196745,36,0,0.18362190938040146,0.23400418864585784,1
2590,30,,salaried,768.0,36008.0,377273,24,0,0.31224901592724646,0.357623129103062,1
2591,55,133968.0,salaried,735.0,48616.0,256673,18,0,0.15966064035192484,0.3628926310760779,1
2592,52,55274.0,salaried,620.0,11509.0,263460,6,0,0.397203024930347,0.20821724499764807,1
2593,27,63634.0,self_employed,638.0,46915.0,440464,12,0,0.5768195199631224,0.7372630983436528,1
2594,41,45041.0,salaried,586.0,32766.0,35169,36,0,0.06506849315068493,0.7274705268533114,1
2595,40,100365.0,salaried,629.0,,266899,18,1,0.22160696790049653,0.014825885517859811,1
2596,46,148275.0,salaried,751.0,34221.0,89769,6,0,0.05045186309222728,0.2307941325240263,0
2597,24,66986.0,salaried,849.0,8084.0,22462,12,0,0.02794364991689806,0.1206819335383513,0
2598,42,40370.0,salaried,774.0,28692.0,301760,18,0,0.6229047972917183,0.7107257864751053,1
2599,35,50247.0,salaried,800.0,29307.0,63627,12,0,0.10552371285847911,0.5832587020120604,1
2600,60,139403.0,contract,546.0,44400.0,241431,24,0,0.14432436891602046,0.31850103656305817,1
2601,41,134544.0,salaried,578.0,37327.0,44430,12,0,0.02751887858247116,0.2774334046854561,0
2602,35,146506.0,salaried,797.0,6240.0,314021,24,0,0.17861668919134144,0.042592112268439515,0
2603,42,77982.0,self_employed,841.0,7817.0,135213,24,0,0.14449167756661793,0.10024108127516607,0
2604,48,80180.0,self_employed,718.0,34283.0,115821,24,0,0.12037602893489649,0.4275754552257421,1
2605,34,123534.0,salaried,610.0,44881.0,314158,6,1,0.21192411265994246,0.3633088866223064,1
2606,47,39644.0,salaried,726.0,15712.0,204544,6,0,0.42995997712978845,0.39632731308646957,0
2607,60,53493.0,self_employed,774.0,,144024,24,0,0.22436580487166546,0.29843157048585794,0
2608,48,98824.0,salaried,755.0,27742.0,106750,18,0,0.09001693245905178,0.2807212822796082,1
2609,46,62289.0,salaried,538.0,34195.0,49392,24,0,0.0660790829841545,0.5489733339755013,1
2610,22,50481.0,salaried,634.0,6085.0,257482,18,0,0.4250477077184155,0.12054040133911768,0
2611,45,92097.0,self_employed,794.0,32391.0,118766,12,0,0.10746459349019694,0.3517052672725496,0
2612,23,37578.0,salaried,597.0,,432563,6,0,0.959255858924548,0.8127361754217893,1
2613,28,87048.0,contract,533.0,44164.0,141071,18,0,0.13505096804827987,0.5073522654167816,1
2614,53,110737.0,salaried,567.0,47157.0,392756,18,0,0.29556215778526296,0.425846826264031,1
2615,55,33687.0,self_employed,690.0,17397.0,346079,18,0,0.8561141290903513,0.5164306705850922,1
2616,26,137540.0,salaried,,40047.0,222524,36,0,0.13482380883137027,0.29116620619456157,0
2617,59,45183.0,salaried,547.0,36994.0,357850,6,0,0.660001180384953,0.8187592678662329,1
2618,43,35758.0,salaried,758.0,,98271,36,0,0.22901868113429164,1.1571955925946642,1
2619,45,147154.0,salaried,712.0,3349.0,314492,12,0,0.17809686903969085,0.022758470717751472,0
2620,39,111368.0,salaried,661.0,47879.0,308683,18,0,0.23097822833608697,0.4299170318224266,0
2621,25,,self_employed,612.0,38844.0,294686,6,0,0.40329714845653164,0.6379267872099325,1
2622,31,61901.0,self_employed,636.0,12157.0,275137,6,0,0.37039923964610155,0.19639424241934703,0
2623,32,118912.0,salaried,816.0,37955.0,380750,6,0,0.26682897156440616,0.3191856162540366,0
2624,30,86062.0,salaried,511.0,,173339,18,0,0.16784314408991968,0.1613371755246218,1
2625,28,87008.0,salaried,737.0,42386.0,151848,24,0,0.1454349025376977,0.4871506068407503,1
2626,44,148847.0,self_employed,783.0,7018.0,457435,24,0,0.2560991040016482,0.04714908597418826,1
2627,48,32974.0,salaried,675.0,20654.0,413839,24,0,1.0458720001617436,0.6263722933220113,1
2628,56,95591.0,self_employed,724.0,13591.0,213565,36,0,0.18617948691125036,0.1421786569865364,0
2629,57,33615.0,salaried,574.0,8655.0,277808,18,0,0.68870048093609,0.2574743418116912,1
2630,41,37838.0,salaried,634.0,389.0,301914,12,0,0.6649267931708864,0.010280670225699033,1
2631,28,55728.0,salaried,581.0,39659.0,125334,36,0,0.18741925064599482,0.7116530289979902,1
2632,29,131249.0,salaried,582.0,16519.0,296867,6,0,0.18848842022923348,0.12586000655243088,1
2633,35,93000.0,self_employed,641.0,35224.0,188615,24,0,0.16900985663082438,0.378752688172043,0
2634,60,67798.0,self_employed,708.0,18655.0,51327,6,0,0.06308814419304404,0.27515560931000915,1
2635,38,25248.0,self_employed,714.0,23497.0,212646,36,1,0.7018575728770595,0.9306479721166033,1
2636,40,60291.0,self_employed,809.0,,447045,24,1,0.6178990230714368,0.41787331442503856,1
2637,26,97629.0,salaried,754.0,9768.0,315199,18,0,0.2690448876187745,0.10005223857665244,1
2638,32,140612.0,salaried,687.0,28345.0,49764,24,0,0.029492504195943448,0.20158307968025488,0
2639,22,32177.0,self_employed,746.0,11117.0,395529,24,0,1.0243574602977281,0.34549522951176304,1
2640,27,58815.0,self_employed,754.0,38274.0,334935,24,0,0.4745600612088753,0.6507523590920683,1
2641,36,53533.0,self_employed,822.0,9395.0,60723,36,0,0.09452580651187119,0.1754992247772402,0
2642,23,15026.0,salaried,661.0,9913.0,435935,24,0,2.4176704822751676,0.659723146545987,1
2643,23,119997.0,salaried,844.0,8785.0,381591,36,1,0.26500037500937523,0.07321016358742302,1
2644,47,75611.0,salaried,666.0,11952.0,226223,6,0,0.249327699232475,0.15807223816640437,0
2645,60,102242.0,self_employed,577.0,41565.0,298026,18,0,0.24290898065374308,0.406535474658164,1
2646,58,,contract,674.0,22404.0,360876,24,0,0.25079015619657585,0.1868354557053864,1
2647,53,57082.0,salaried,519.0,34237.0,465453,36,0,0.6795093024070635,0.5997862723800848,1
2648,48,118613.0,salaried,595.0,14451.0,257089,24,0,0.1806217137525679,0.12183318860495898,0
2649,21,113315.0,salaried,679.0,30964.0,230517,24,0,0.1695252173145656,0.2732559678771566,0
2650,28,104690.0,salaried,594.0,34074.0,47092,24,0,0.03748527398350686,0.32547521253223805,0
2651,57,110220.0,salaried,570.0,5332.0,270748,12,0,0.2047027157805601,0.048375975322083105,0
2652,52,30389.0,contract,689.0,26263.0,399033,18,1,1.0942364013294283,0.8642271874691501,1
2653,57,106860.0,self_employed,631.0,38565.0,41673,18,0,0.03249812839228897,0.36089275687815836,0
2654,24,36797.0,self_employed,,47554.0,149980,36,0,0.33965631256171247,1.2923336141533277,1
2655,50,126975.0,salaried,774.0,20367.0,192710,6,0,0.1264750278926298,0.1604016538688718,0
2656,26,112169.0,salaried,601.0,11918.0,170913,6,0,0.1269758132817445,0.10625039003646283,1
2657,39,81332.0,contract,782.0,,55512,6,0,0.05687798160625584,0.5165002704962376,1
2658,52,,salaried,528.0,18119.0,38737,24,0,0.08342162841981944,0.4682396113293364,1
2659,29,17024.0,contract,517.0,19743.0,496784,36,0,2.4317825814536342,1.1597156954887218,1
2660,32,105998.0,self_employed,743.0,8876.0,314205,24,0,0.2470211702107587,0.08373742900809449,0
2661,31,20285.0,salaried,674.0,6327.0,165761,12,0,0.6809670528304987,0.3119053487798866,1
2662,36,22370.0,salaried,588.0,47354.0,188842,36,0,0.7034793622410968,2.1168529280286097,1
2663,21,32903.0,salaried,519.0,26914.0,238322,36,1,0.6035974429889879,0.8179801233930036,1
2664,41,,salaried,,25524.0,23966,36,0,0.0176890691797161,0.22606816410401756,1
2665,50,37995.0,salaried,517.0,39709.0,410846,12,0,0.9010966355222179,1.0451111988419528,1
2666,33,120160.0,self_employed,537.0,28006.0,379197,36,1,0.2629806091877497,0.23307256990679096,1
2667,54,103377.0,self_employed,588.0,10863.0,202965,12,0,0.16361231221645048,0.1050814010853478,0
2668,24,52822.0,salaried,839.0,33072.0,328678,6,0,0.5185307889389522,0.6261027602135474,1
2669,48,122412.0,salaried,649.0,2397.0,214202,36,0,0.14582039887157033,0.019581413586903244,1
2670,58,66222.0,salaried,703.0,15698.0,233845,24,0,0.2942690243926993,0.23705113104406392,0
2671,51,109088.0,salaried,732.0,22451.0,222943,18,0,0.1703082221081451,0.20580632150190672,0
2672,47,105450.0,salaried,603.0,35294.0,389232,12,1,0.3075960170697013,0.33469890943575153,1
2673,25,124366.0,self_employed,610.0,46544.0,39790,6,0,0.0266618958021753,0.37425019699917983,0
2674,45,125078.0,salaried,724.0,39927.0,72104,6,0,0.048039356774705916,0.3192168087113641,0
2675,23,78853.0,salaried,720.0,12417.0,134507,18,0,0.14214952717926607,0.15747022941422648,1
2676,53,138794.0,salaried,525.0,32954.0,205287,36,1,0.12325640877847746,0.23743101286799143,1
2677,24,67442.0,salaried,563.0,32239.0,111131,24,0,0.1373167561262517,0.4780255627057323,1
2678,45,24675.0,salaried,753.0,1564.0,295329,18,0,0.9973961499493414,0.06338399189463019,1
2679,40,104590.0,salaried,748.0,39581.0,226384,36,1,0.18037415941613283,0.3784396213787169,1
2680,54,123570.0,salaried,723.0,34677.0,254287,36,1,0.17148647190526287,0.28062636562272397,1
2681,46,46661.0,self_employed,813.0,26858.0,30806,12,0,0.05501739496938914,0.575598465527957,0
2682,25,79289.0,self_employed,630.0,41237.0,169327,24,0,0.17796394623886458,0.5200847532444601,1
2683,55,32184.0,self_employed,529.0,,143970,24,0,0.3727783992045737,0.9894668158090977,1
2684,48,62963.0,salaried,774.0,17866.0,299154,12,0,0.39593888474183253,0.28375395073297016,1
2685,49,20267.0,salaried,509.0,21266.0,24766,36,1,0.10183220670712653,1.0492919524349928,1
2686,29,77814.0,salaried,588.0,23362.0,28217,36,0,0.030218426846925574,0.30022875061043,1
2687,58,51025.0,self_employed,646.0,46311.0,186888,24,0,0.30522292993630573,0.9076139147476727,1
2688,26,136246.0,salaried,626.0,42837.0,323725,24,0,0.19800275482093663,0.3144092303627262,1
2689,39,92605.0,salaried,685.0,47377.0,393825,24,1,0.35439501106851684,0.5116030451919443,1
2690,31,147053.0,salaried,623.0,12652.0,375741,24,0,0.2129283319619457,0.08603700706547979,1
2691,22,58436.0,contract,606.0,13789.0,225516,36,0,0.3215996988157985,0.23596755424738175,1
2692,29,92192.0,contract,840.0,49088.0,333956,24,0,0.3018663947703344,0.5324540090246442,0
2693,41,135591.0,salaried,505.0,12755.0,355347,36,0,0.2183939199504392,0.09406966539077077,0
2694,44,99511.0,self_employed,550.0,42608.0,464109,12,0,0.3886580378048658,0.42817376973399923,1
2695,54,24665.0,salaried,813.0,34692.0,399904,6,0,1.3511183188053246,1.406527468072167,1
2696,42,106277.0,salaried,635.0,30667.0,322815,12,0,0.2531239120411754,0.28855726074315236,0
2697,23,67474.0,salaried,501.0,2698.0,125029,12,0,0.15441626898262045,0.039985772297477545,0
2698,32,90911.0,salaried,517.0,44759.0,302261,18,0,0.27706676493126975,0.49233866088812134,1
2699,48,107643.0,salaried,748.0,47929.0,313322,12,0,0.24256260664108828,0.4452588649517386,0
2700,50,45484.0,contract,684.0,43868.0,352144,18,1,0.6451792571746842,0.9644710227772404,1
2701,46,116165.0,self_employed,721.0,26807.0,342262,18,0,0.2455286302529448,0.23076658201695863,1
2702,41,40835.0,salaried,727.0,15253.0,152917,18,0,0.3120627729480429,0.37352761111791355,1
2703,48,,salaried,,14135.0,97965,12,0,0.07324836478156711,0.12682476021282513,0
2704,46,68790.0,salaried,693.0,,175091,6,0,0.21210810679846878,0.38674225904928045,1
2705,53,24643.0,salaried,811.0,16655.0,121062,18,0,0.4093860325447389,0.6758511544860609,1
2706,41,90846.0,self_employed,709.0,40519.0,495666,24,0,0.4546760451753517,0.44601853686458404,1
2707,55,28200.0,salaried,798.0,35011.0,76729,24,0,0.2267405437352246,1.2415248226950355,1
2708,54,67275.0,salaried,828.0,15117.0,231770,36,0,0.2870927783971262,0.2247045707915273,1
2709,38,104001.0,salaried,571.0,19336.0,469685,24,0,0.3763465415396647,0.1859212892183729,1
2710,31,57448.0,salaried,616.0,16714.0,240933,24,0,0.3494943253028826,0.29094137306781787,1
2711,43,106685.0,salaried,763.0,38639.0,432478,18,0,0.337815375482339,0.3621783755916952,0
2712,42,25619.0,contract,504.0,10859.0,416620,12,0,1.3551790988459087,0.4238651001210039,1
2713,37,120454.0,self_employed,768.0,10738.0,215657,24,0,0.14919734227727321,0.08914606405764856,1
2714,25,16766.0,salaried,506.0,11663.0,241621,12,1,1.2009473537715216,0.6956340212334486,1
2715,31,18549.0,self_employed,520.0,40332.0,69534,6,0,0.3123888080219958,2.1743490215105936,1
2716,50,122938.0,contract,536.0,1827.0,74162,24,0,0.050270597103146845,0.01486114952252355,1
2717,35,142673.0,salaried,672.0,,461694,6,0,0.26966910347437845,0.07027959039201531,0
2718,47,63328.0,salaried,561.0,31843.0,324393,6,0,0.42686884158665994,0.5028265538150581,1
2719,55,40301.0,salaried,705.0,24333.0,112964,36,0,0.233583947462015,0.6037815438822858,0
2720,53,59763.0,salaried,600.0,45916.0,156140,12,0,0.21772110949361087,0.7683014574234894,1
2721,40,,self_employed,618.0,7184.0,197808,12,0,0.27571211132854967,0.12015990098181879,1
2722,36,135675.0,salaried,678.0,24256.0,423445,36,0,0.2600853755911799,0.1787801732080339,0
2723,54,22425.0,salaried,631.0,48339.0,240086,18,0,0.8921813452248235,2.1555852842809364,1
2724,22,27857.0,salaried,841.0,44896.0,359588,36,0,1.07569611468093,1.6116595469720358,1
2725,55,107999.0,salaried,574.0,18557.0,456628,36,0,0.35233968215755085,0.1718256650524542,1
2726,60,56457.0,salaried,789.0,30517.0,373141,36,0,0.5507746308399903,0.5405352746337921,1
2727,48,146776.0,self_employed,544.0,36477.0,64454,6,0,0.03659431151323559,0.2485215566577642,0
2728,59,20452.0,salaried,643.0,129.0,219622,12,0,0.8948676576047983,0.0063074515939761395,1
2729,26,126153.0,salaried,636.0,16016.0,400814,18,0,0.2647671214054891,0.1269569491014879,1
2730,29,53862.0,salaried,707.0,1558.0,319086,24,0,0.4936782889606773,0.028925773272436967,1
2731,40,33300.0,contract,730.0,10453.0,372564,24,0,0.9323423423423424,0.3139039039039039,1
2732,21,16845.0,salaried,771.0,19584.0,340214,24,0,1.6830612446819035,1.16260017809439,1
2733,28,134342.0,salaried,594.0,13835.0,350784,18,0,0.21759390213038365,0.10298343034940674,0
2734,43,54181.0,salaried,760.0,36492.0,170393,24,0,0.26207372818269625,0.6735202377217105,1
2735,23,49404.0,salaried,626.0,44088.0,34017,18,0,0.05737895716945996,0.8923973767306291,1
2736,24,37564.0,salaried,666.0,4693.0,324817,24,0,0.7205857558655451,0.1249334469172612,1
2737,45,112898.0,salaried,517.0,48401.0,228671,24,0,0.1687887887001246,0.4287144147814842,0
2738,58,33227.0,self_employed,647.0,25190.0,279406,18,0,0.700750393756082,0.7581183976886268,1
2739,35,110259.0,salaried,746.0,32605.0,396262,12,0,0.29949331422680536,0.29571282162907336,0
2740,41,139451.0,salaried,,21646.0,233942,18,0,0.13979940385272724,0.15522298154907457,1
2741,55,32215.0,self_employed,795.0,45478.0,70587,18,0,0.18259351233897253,1.4117026230017073,1
2742,34,145577.0,salaried,765.0,26957.0,417781,36,0,0.23915236152231006,0.1851734820747783,1
2743,56,86074.0,salaried,819.0,16324.0,98761,6,0,0.09561636886090263,0.18965076562028022,1
2744,32,,salaried,541.0,49839.0,437537,6,1,0.2949451684314693,0.4031596573397724,1
2745,37,121759.0,self_employed,702.0,,341685,12,0,0.23385334964971788,0.19451539516586042,0
2746,59,143471.0,self_employed,680.0,44887.0,71352,12,1,0.04144391549511748,0.31286462072474575,0
2747,29,36711.0,salaried,848.0,39175.0,279800,12,0,0.635141147521633,1.0671188472120072,1
2748,55,63398.0,salaried,680.0,37010.0,50623,6,0,0.06654126838911847,0.5837723587494874,1
2749,33,16286.0,self_employed,795.0,44467.0,178699,12,0,0.9143794260919399,2.7303819231241557,1
2750,35,123304.0,salaried,643.0,10251.0,70822,12,0,0.0478640865935682,0.0831359891001103,1
2751,38,119959.0,self_employed,560.0,22343.0,196701,18,0,0.1366446035728874,0.18625530389549763,1
2752,53,74967.0,salaried,708.0,22407.0,281918,18,0,0.3133801094703892,0.2988915122653968,1
2753,26,112803.0,contract,,6198.0,244318,6,0,0.1804901760886974,0.05494534719821281,0
2754,47,144745.0,self_employed,799.0,30949.0,367428,18,0,0.21153753152095064,0.21381740301910257,0
2755,43,69583.0,salaried,642.0,49107.0,497251,12,0,0.59551303239776,0.7057327220729201,1
2756,47,139077.0,salaried,850.0,,61184,18,0,0.03666074668469026,0.33219727201478316,0
2757,54,126359.0,salaried,560.0,27484.0,151918,36,0,0.10018940742909752,0.21750726105777982,0
2758,58,42086.0,salaried,762.0,27880.0,445608,18,0,0.8823361687972248,0.6624530722805684,1
2759,34,119132.0,self_employed,623.0,10401.0,84801,6,0,0.05931865493738039,0.08730651714065071,0
2760,56,74263.0,salaried,737.0,34385.0,395659,12,0,0.44398399382375253,0.46301657622234493,1
2761,28,135155.0,self_employed,529.0,38848.0,231190,12,0,0.14254621237344778,0.2874329473567386,0
2762,55,75664.0,salaried,754.0,45002.0,205659,6,0,0.22650467857898077,0.5947610488475364,1
2763,39,135474.0,self_employed,589.0,46638.0,384517,18,0,0.2365257048092869,0.34425793879268346,1
2764,50,91968.0,salaried,638.0,1899.0,399788,12,1,0.362252812572489,0.020648486430062632,0
2765,34,149563.0,self_employed,847.0,15138.0,73539,12,0,0.040974372003770985,0.10121487266235633,0
2766,40,149464.0,salaried,706.0,34802.0,306175,36,0,0.17070721600742209,0.2328453674463416,0
2767,45,82804.0,salaried,592.0,44531.0,374517,6,0,0.37691113955847544,0.5377880295637892,1
2768,60,53400.0,salaried,633.0,13983.0,157983,18,0,0.24654026217228464,0.26185393258426964,1
2769,44,43088.0,salaried,703.0,22706.0,193615,18,0,0.3744565385567521,0.5269680653546231,1
2770,34,102893.0,salaried,806.0,40297.0,141436,12,0,0.11454941865173854,0.39163985888252845,0
2771,46,20969.0,salaried,835.0,7375.0,266730,24,0,1.0600171682006772,0.3517096666507702,1
2772,58,23981.0,contract,609.0,20357.0,404517,36,0,1.4056857512197156,0.8488803636212001,1
2773,43,69091.0,salaried,537.0,27528.0,376228,36,0,0.4537831748466998,0.39843105469598067,1
2774,42,122154.0,self_employed,521.0,29223.0,70368,36,0,0.04800497732370614,0.23923080701409696,0
2775,39,39408.0,salaried,724.0,49877.0,238098,12,0,0.5034891392610638,1.2656567194478279,1
2776,23,62940.0,salaried,845.0,36271.0,140241,6,0,0.18568080711789006,0.5762789958690817,1
2777,39,18657.0,salaried,667.0,44487.0,243305,6,0,1.0867458147969484,2.3844669561022673,1
2778,29,36230.0,self_employed,634.0,48631.0,174697,36,0,0.40182399484773207,1.3422853988407397,1
2779,48,99731.0,salaried,609.0,8031.0,98448,24,0,0.08226128285086884,0.08052661659865037,1
2780,40,19329.0,self_employed,723.0,25753.0,137399,24,1,0.5923698415162019,1.332350354389777,1
2781,27,50865.0,salaried,667.0,28661.0,95014,18,0,0.15566368491759233,0.5634719355155805,1
2782,34,52869.0,self_employed,606.0,11601.0,342645,24,0,0.5400849268947776,0.21942915508142768,1
2783,29,135185.0,salaried,523.0,,183897,36,0,0.11336131967304065,0.13850649110478233,0
2784,39,98984.0,salaried,796.0,10675.0,226484,18,0,0.1906739136291387,0.10784571243837388,0
2785,34,140172.0,salaried,806.0,39307.0,211904,36,0,0.1259785596743049,0.280419769996861,0
2786,58,116069.0,salaried,710.0,45221.0,494923,6,1,0.3553367680718653,0.3896044594163816,1
2787,56,104711.0,salaried,670.0,28099.0,21304,36,0,0.016954602031623547,0.26834812006379466,1
2788,60,81252.0,salaried,568.0,29455.0,70782,18,0,0.07259513611972629,0.36251415349776006,0
2789,37,94386.0,salaried,721.0,23484.0,335376,36,1,0.29610323564935476,0.24880808594494946,1
2790,50,133728.0,salaried,652.0,49101.0,106223,12,0,0.06619344241046503,0.36717067480258436,1
2791,29,147783.0,salaried,849.0,16784.0,419219,18,0,0.23639333797978568,0.11357192640560822,0
2792,53,40801.0,salaried,,36978.0,406190,24,0,0.8296161041804531,0.9063013161442122,1
2793,45,105709.0,self_employed,700.0,29022.0,430012,6,0,0.3389903729420705,0.27454615974041946,1
2794,34,,self_employed,718.0,19715.0,332914,24,0,0.4063693179043992,0.28877984473414386,1
2795,31,70535.0,salaried,603.0,27441.0,270931,36,0,0.32009049880673895,0.38904090168001704,1
2796,55,31220.0,salaried,798.0,37739.0,90672,24,0,0.24202434336963485,1.2088084561178731,1
2797,34,28392.0,salaried,814.0,17633.0,22777,18,0,0.06685275194890579,0.6210552268244576,1
2798,50,148318.0,self_employed,809.0,48613.0,217347,12,0,0.12211767958036111,0.32776197090036274,0
2799,24,35010.0,self_employed,834.0,4226.0,467267,24,0,1.1122226982766827,0.12070836903741788,1
2800,24,141951.0,salaried,,22791.0,376770,36,0,0.22118547949644596,0.16055540292072618,1
2801,48,83358.0,self_employed,553.0,22027.0,265159,24,0,0.26508053616129623,0.26424578324815856,1
2802,28,111190.0,salaried,688.0,34722.0,135606,24,1,0.10163234103786312,0.31227628383847467,1
2803,22,130795.0,salaried,721.0,,440040,18,1,0.28036239917428035,0.17860774494437862,0
2804,42,137790.0,contract,574.0,41308.0,60353,36,0,0.0365005926893582,0.2997895347993323,1
2805,36,140223.0,self_employed,848.0,43478.0,197593,36,1,0.11742783518633415,0.3100632563844733,1
2806,49,90205.0,self_employed,671.0,41073.0,310802,12,0,0.28712562127007,0.4553295271880716,1
2807,50,16082.0,salaried,541.0,6161.0,91157,18,0,0.47235522115823075,0.38309911702524563,1
2808,32,,salaried,656.0,31929.0,445041,18,0,0.41164962871699246,0.3544004528653725,1
2809,55,66952.0,self_employed,834.0,38229.0,175263,6,0,0.21814508901899868,0.5709911578444259,0
2810,31,51719.0,self_employed,580.0,9677.0,163439,12,1,0.2633445477806351,0.1871072526537636,1
2811,41,63737.0,salaried,707.0,1628.0,21503,12,0,0.028114229829873803,0.025542463561196792,0
2812,41,122271.0,salaried,813.0,7980.0,334523,36,0,0.22799287375311125,0.06526486247761121,0
2813,25,82839.0,self_employed,585.0,37006.0,282971,36,0,0.28465960075165886,0.44672195463489417,1
2814,40,62931.0,contract,731.0,31374.0,301759,12,0,0.3995897623322899,0.4985460266005625,1
2815,57,54925.0,self_employed,676.0,46892.0,231697,18,0,0.35153542709755725,0.8537460172963132,1
2816,23,102745.0,self_employed,606.0,11875.0,334169,6,0,0.2710342757960647,0.11557740036011485,1
2817,53,141298.0,salaried,638.0,22980.0,160881,36,0,0.09488280088890147,0.16263499837223458,1
2818,29,108709.0,salaried,601.0,18882.0,98891,6,0,0.07580712421847931,0.1736930704909437,0
2819,29,57287.0,self_employed,809.0,34763.0,406209,12,0,0.5908975858397193,0.6068217920296053,1
2820,24,122252.0,salaried,529.0,10301.0,369916,18,0,0.25215402065678544,0.08426038019827896,1
2821,55,124323.0,self_employed,693.0,595.0,165019,6,0,0.11061173984969261,0.004785920545675378,1
2822,37,27803.0,contract,820.0,17323.0,287776,24,0,0.8625448093131437,0.6230622594684027,1
2823,54,133819.0,salaried,743.0,21798.0,291030,12,0,0.1812336065880032,0.16289166710257885,0
2824,44,108361.0,self_employed,813.0,46146.0,40400,18,0,0.031068988535235615,0.425854320281282,1
2825,52,28698.0,self_employed,684.0,26670.0,443008,12,0,1.2864078797593328,0.9293330545682627,1
2826,21,30376.0,salaried,792.0,35784.0,136756,12,0,0.37517557721007816,1.1780352910192258,1
2827,28,28117.0,self_employed,746.0,9589.0,115586,6,1,0.342574480444808,0.34103922893623073,1
2828,43,63786.0,salaried,617.0,35637.0,83414,6,0,0.10897636890017663,0.5586962656382278,0
2829,60,128005.0,self_employed,572.0,45715.0,42008,24,0,0.027347890056378006,0.35713448693410416,1
2830,32,81480.0,salaried,568.0,15097.0,495034,36,0,0.5062939780723286,0.1852847324496809,1
2831,32,147583.0,self_employed,741.0,42120.0,156595,24,0,0.08842199530659584,0.28539872478537504,0
2832,35,68233.0,salaried,651.0,48222.0,160510,18,0,0.19603173440026575,0.7067254847361247,1
2833,39,126022.0,salaried,818.0,6381.0,257967,18,0,0.17058331085048642,0.050634016282871244,0
2834,46,107529.0,salaried,593.0,25371.0,411156,12,0,0.31863962279943087,0.23594565187065814,1
2835,49,115919.0,salaried,770.0,48959.0,265197,6,1,0.1906482112509597,0.4223552653145731,1
2836,42,98533.0,salaried,728.0,36898.0,432207,12,1,0.36553489693808167,0.3744735266357464,1
2837,60,84407.0,salaried,529.0,30588.0,330303,36,1,0.3261015081687538,0.3623870058170531,1
2838,41,88809.0,self_employed,612.0,2917.0,445975,12,0,0.4184776693052881,0.03284577013590965,1
2839,58,32229.0,self_employed,,27115.0,213000,18,0,0.5507462223463341,0.8413230320518787,1
2840,40,57176.0,contract,647.0,4353.0,85823,18,0,0.12508599179142763,0.07613334266125647,0
2841,49,,self_employed,556.0,10626.0,297940,24,0,0.22607178086349494,0.09675392670157068,0
2842,24,149332.0,self_employed,676.0,4365.0,398235,12,0,0.2222313368869365,0.02923017169796159,0
2843,27,,salaried,811.0,26576.0,352212,6,1,0.26077029008040514,0.23611567678024076,1
2844,48,18145.0,self_employed,555.0,47970.0,63137,36,0,0.28996509598603837,2.643703499586663,1
2845,48,112289.0,self_employed,764.0,19502.0,315352,36,0,0.23403301599741144,0.1736768516951794,0
2846,24,17263.0,salaried,736.0,23133.0,304140,6,0,1.4681689161791114,1.3400335978682731,1
2847,42,72788.0,self_employed,777.0,43701.0,155957,36,0,0.1785516385484787,0.6003874264988734,1
2848,32,146994.0,salaried,576.0,9145.0,238084,6,0,0.1349737631014418,0.06221342367715689,0
2849,23,60344.0,contract,623.0,26301.0,381716,6,1,0.5271388483803968,0.4358511202439348,1
2850,42,137819.0,self_employed,,42546.0,141907,24,0,0.08580517441958897,0.30870924908757136,0
2851,22,88352.0,contract,641.0,18125.0,26864,12,1,0.02533804177230472,0.20514532777978994,0
2852,44,55324.0,salaried,657.0,48943.0,469375,18,0,0.7070093148241872,0.8846612681657147,1
2853,54,109075.0,salaried,666.0,2458.0,427781,18,0,0.3268248147299259,0.022534953013981205,1
2854,47,92169.0,contract,684.0,27468.0,347865,12,0,0.3145173539910382,0.29801777170198224,1
2855,21,38384.0,salaried,511.0,39123.0,106177,36,1,0.2305148846741698,1.0192528136723635,1
2856,28,18512.0,salaried,668.0,46000.0,167420,6,0,0.7536552866609046,2.4848746758859117,1
2857,43,138775.0,salaried,818.0,7063.0,128944,18,0,0.07742989251185972,0.0508953341740227,0
2858,58,93743.0,self_employed,605.0,36105.0,318455,24,0,0.28309224866567817,0.3851487577739138,1
2859,26,100642.0,salaried,753.0,6003.0,127975,36,1,0.10596553460119366,0.059647065837324376,0
2860,42,144587.0,salaried,597.0,11024.0,188726,24,0,0.10877303399798506,0.07624475229446631,0
2861,45,94858.0,salaried,618.0,17173.0,244246,18,0,0.21457160527665914,0.18103902675578232,0
2862,38,,salaried,725.0,6458.0,385088,12,0,0.45975167144221585,0.09252148997134671,1
2863,37,115364.0,salaried,651.0,41259.0,145340,12,0,0.1049865353720976,0.3576418986858986,1
2864,32,17387.0,self_employed,702.0,17705.0,309298,24,0,1.4824198155710204,1.0182895266578478,1
2865,26,147871.0,self_employed,662.0,47035.0,119448,36,0,0.067315430341311,0.31808130059308454,1
2866,46,134095.0,self_employed,796.0,,171620,18,0,0.10665324334737811,0.3014504642231254,0
2867,47,50548.0,salaried,621.0,2109.0,182084,6,0,0.30018332410118437,0.041722718999762605,1
2868,28,105450.0,self_employed,515.0,13365.0,476406,12,0,0.37648648648648647,0.1267425320056899,1
2869,39,120669.0,contract,835.0,36214.0,86170,24,1,0.05950851779109244,0.30011021886317113,1
2870,21,,salaried,605.0,15212.0,420793,18,1,0.36845345045584615,0.15983860629813704,1
2871,49,60414.0,salaried,761.0,29145.0,430903,36,1,0.5943752000088279,0.48242129307776344,1
2872,55,88071.0,contract,519.0,12399.0,131157,6,0,0.12410157713662841,0.14078414006880813,1
2873,60,127808.0,salaried,743.0,5085.0,495668,6,0,0.3231852987815056,0.03978624186279419,0
2874,34,93591.0,self_employed,743.0,23820.0,341369,12,0,0.30395461814348246,0.2545116517613873,0
2875,55,19297.0,salaried,711.0,14659.0,432297,6,0,1.8668575426232057,0.7596517593408302,1
2876,40,124513.0,self_employed,723.0,33386.0,393289,18,0,0.2632181646360889,0.2681326447840788,1
2877,33,143668.0,contract,761.0,21274.0,443836,12,0,0.25744308637506846,0.1480775120416516,0
2878,58,101479.0,salaried,719.0,9074.0,217560,12,0,0.17865765330758088,0.08941751495383281,0
2879,28,113752.0,salaried,507.0,1703.0,55573,12,0,0.040712104695595094,0.01497116534214783,1
2880,40,130481.0,salaried,513.0,40521.0,109506,18,0,0.06993738551973085,0.31055096144266214,0
2881,53,82156.0,salaried,629.0,10987.0,329275,24,0,0.3339936624632812,0.13373338526705292,1
2882,46,75263.0,salaried,521.0,29780.0,405593,6,0,0.4490841006426354,0.3956791517744443,1
2883,59,133996.0,self_employed,724.0,44788.0,125086,6,0,0.07779212314795467,0.3342487835457775,0
2884,41,114252.0,salaried,734.0,25083.0,114635,24,0,0.08361268657587322,0.2195410145993068,1
2885,29,133632.0,salaried,840.0,22755.0,244006,12,0,0.1521629050925926,0.17028107040229884,1
2886,44,89855.0,salaried,,10227.0,260783,36,1,0.24185539665757794,0.11381670469089088,1
2887,57,31575.0,salaried,633.0,34185.0,176627,18,0,0.46615729743995776,1.0826603325415678,1
2888,37,27204.0,salaried,677.0,38926.0,123516,12,0,0.3783634759594177,1.4308925158064991,1
2889,44,26952.0,self_employed,543.0,7148.0,286274,12,1,0.8851353022657564,0.26521222914811515,1
2890,41,98323.0,self_employed,507.0,,216187,12,0,0.1832285765622828,0.36235672223182774,1
2891,59,41437.0,salaried,779.0,30900.0,175398,6,0,0.3527403045587277,0.7457103554794025,1
2892,59,142129.0,salaried,526.0,11771.0,334837,6,0,0.1963222377792944,0.08281912910102794,0
2893,33,102681.0,salaried,550.0,2385.0,194605,36,0,0.15793655431222264,0.02322727671136822,1
2894,31,22903.0,salaried,568.0,925.0,23386,18,0,0.08509074502612467,0.04038772213247173,1
2895,39,41863.0,salaried,780.0,38989.0,146435,12,0,0.2914964686397694,0.9313474906241789,1
2896,31,58381.0,self_employed,543.0,32996.0,457053,6,0,0.65239975334441,0.5651838783165756,1
2897,33,43548.0,salaried,674.0,15389.0,62697,24,0,0.1199768072012492,0.35338017819417655,0
2898,21,26467.0,salaried,618.0,26997.0,46999,6,0,0.1479798743088878,1.0200249367136434,1
2899,60,72954.0,self_employed,768.0,29488.0,260449,12,1,0.29750367811680417,0.4041999067905804,0
2900,39,38901.0,self_employed,680.0,44216.0,298293,12,0,0.6390002827690805,1.1366288784350016,1
2901,32,38301.0,salaried,552.0,22975.0,473263,6,0,1.0297011392217783,0.5998537897182841,1
2902,28,139686.0,self_employed,792.0,45924.0,379266,24,0,0.22626104262417135,0.3287659464799622,0
2903,28,100180.0,contract,690.0,37310.0,360974,24,0,0.3002711785452852,0.3724296266719904,1
2904,32,84903.0,salaried,693.0,6575.0,292871,12,0,0.2874564699323542,0.07744131538343757,1
2905,53,118955.0,salaried,539.0,40104.0,277519,6,0,0.19441455452341921,0.33713589172376107,1
2906,46,34755.0,salaried,577.0,27728.0,91626,18,0,0.21969500791253058,0.7978132642785211,1
2907,59,74817.0,self_employed,688.0,37661.0,91031,18,0,0.10139295436420422,0.5033749014261465,1
2908,48,17093.0,salaried,594.0,25809.0,148298,12,0,0.7229957682482108,1.5099163400222313,1
2909,25,111319.0,contract,524.0,40194.0,333696,24,0,0.24980461556427924,0.3610704372119764,0
2910,28,37940.0,self_employed,602.0,43995.0,294291,18,1,0.6463956246705325,1.1595940959409594,1
2911,45,143714.0,salaried,801.0,2596.0,220160,6,0,0.12766095625107274,0.018063654202095828,0
2912,47,106544.0,salaried,658.0,7221.0,168434,36,0,0.13174056414877108,0.06777481603844421,0
2913,43,99437.0,salaried,707.0,25429.0,452531,36,1,0.3792443121440376,0.2557297585405835,0
2914,50,107969.0,salaried,846.0,38883.0,438194,24,0,0.3382097330406567,0.3601311487556613,1
2915,43,122001.0,contract,593.0,17507.0,30996,36,0,0.02117195760690486,0.14349882378013296,0
2916,40,102725.0,salaried,823.0,34388.0,37898,6,1,0.030743895513912548,0.3347578486249696,1
2917,38,130784.0,salaried,538.0,20358.0,95275,12,0,0.06070760439605252,0.15566124296550038,0
2918,38,125675.0,salaried,835.0,14933.0,36777,12,0,0.024386313904913467,0.11882235925999603,0
2919,22,109266.0,salaried,663.0,46654.0,399462,6,0,0.30465561107755385,0.42697636959346913,1
2920,24,24236.0,salaried,840.0,34238.0,134791,12,0,0.46346688122352425,1.4126918633437862,1
2921,50,87597.0,salaried,,48319.0,164369,6,0,0.15636855904502056,0.5516056485952715,0
2922,53,149974.0,salaried,554.0,10653.0,480495,6,0,0.26698794457706004,0.0710323122674597,0
2923,56,114656.0,salaried,571.0,15300.0,295680,36,0,0.21490371197320682,0.13344264582751883,1
2924,38,49364.0,salaried,541.0,,353116,36,0,0.5961091753774681,0.5921724333522405,1
2925,57,,self_employed,825.0,9848.0,50589,24,0,0.03453522949758747,0.08067436164199523,0
2926,39,109410.0,salaried,631.0,3110.0,151493,36,0,0.11538631447460622,0.028425189653596562,1
2927,48,73473.0,salaried,520.0,37409.0,255792,12,0,0.29012018020225117,0.5091530221986308,1
2928,60,59153.0,salaried,500.0,19813.0,75349,36,0,0.10614987123786339,0.3349449732050784,1
2929,40,53502.0,salaried,665.0,7176.0,336588,6,0,0.5242607752981197,0.13412582707188517,1
2930,53,,contract,559.0,,67350,36,0,0.18296658516707417,0.27315403422982887,1
2931,32,133384.0,salaried,575.0,45663.0,420024,12,0,0.2624152821927668,0.34234240988424397,1
2932,35,93229.0,self_employed,590.0,6788.0,450697,24,0,0.4028583738250258,0.0728099625652962,1
2933,59,104049.0,salaried,706.0,6282.0,279230,18,1,0.22363661992586825,0.06037540005189863,1
2934,22,104157.0,salaried,,46682.0,252553,6,0,0.2020611512748383,0.44818879191989014,0
2935,49,120711.0,self_employed,581.0,5375.0,56544,12,0,0.03903538202814988,0.04452783921929236,1
2936,30,125090.0,salaried,516.0,32403.0,106310,12,0,0.07082234124763503,0.25903749300503637,1
2937,22,108321.0,self_employed,828.0,18610.0,405299,18,0,0.3118039592199727,0.17180417462911163,0
2938,31,41465.0,salaried,709.0,1340.0,239720,24,1,0.48177177539290167,0.03231641143132762,1
2939,33,47286.0,salaried,811.0,41638.0,371274,6,0,0.654305714164869,0.8805566129509792,1
2940,30,69795.0,self_employed,552.0,41575.0,265619,24,0,0.3171418678510877,0.5956730424815532,1
2941,34,123139.0,salaried,627.0,7983.0,372449,18,0,0.2520518817488096,0.0648291767839596,1
2942,38,,self_employed,645.0,41809.0,281760,6,1,0.19756826118052925,0.3517943539904918,1
2943,29,64986.0,salaried,803.0,34775.0,491350,36,0,0.6300716051662409,0.5351152555935125,1
2944,59,90396.0,self_employed,809.0,48411.0,376971,24,0,0.34751814239568124,0.5355436081242533,0
2945,48,70178.0,salaried,747.0,32088.0,48594,36,0,0.05770326883068768,0.4572373108381544,0
2946,23,25745.0,self_employed,500.0,45782.0,297124,6,0,0.9617530912151226,1.778287046028355,1
2947,40,94637.0,contract,540.0,27360.0,69401,18,0,0.0611115807418522,0.2891046842144193,1
2948,26,63566.0,salaried,572.0,8527.0,392107,36,1,0.5140418357822316,0.1341440392662744,1
2949,47,58722.0,salaried,659.0,25379.0,451035,36,0,0.6400710125676918,0.4321889581417527,1
2950,22,101623.0,self_employed,711.0,46661.0,216198,12,0,0.1772876218966179,0.4591578678055165,1
2951,49,126074.0,salaried,832.0,8554.0,58879,6,0,0.03891828079804982,0.06784904103938956,1
2952,58,89974.0,salaried,795.0,6333.0,286535,18,1,0.2653868524981291,0.07038700068908796,0
2953,23,99084.0,contract,,40407.0,241421,12,0,0.20304405016618896,0.4078054983650236,1
2954,36,132353.0,self_employed,803.0,18405.0,126091,24,1,0.07939059434492103,0.13905993819558302,0
2955,50,119417.0,salaried,542.0,46185.0,105640,18,0,0.07371926386807015,0.3867539797516267,1
2956,60,83099.0,salaried,678.0,2569.0,40393,12,0,0.04050690541803552,0.030914932791008317,1
2957,22,40107.0,salaried,688.0,23765.0,90441,24,0,0.1879160745007106,0.59253995561872,1
2958,37,148768.0,salaried,745.0,27606.0,120640,18,0,0.06757725675772568,0.18556409980640998,1
2959,32,68839.0,salaried,,47620.0,71736,12,0,0.08684030854602769,0.6917590319441015,1
2960,55,104241.0,self_employed,653.0,11578.0,279701,18,0,0.22360123815645155,0.11106954077570245,0
2961,21,38397.0,salaried,603.0,38822.0,333061,36,0,0.722845100745718,1.0110685730656042,1
2962,35,22704.0,contract,510.0,48880.0,478742,12,0,1.7571866925064599,2.15292459478506,1
2963,46,31442.0,self_employed,524.0,30202.0,345887,36,0,0.9167329262345483,0.9605623051968705,1
2964,57,144576.0,contract,795.0,14427.0,393256,12,0,0.22667201564113915,0.09978834661354581,0
2965,41,24765.0,salaried,524.0,,78486,36,0,0.2641025641025641,0.9844942459115688,1
2966,51,130828.0,salaried,583.0,,276118,6,0,0.17587850714933603,0.28454153545112665,0
2967,45,25002.0,salaried,605.0,18469.0,479866,36,1,1.5994253793029891,0.7387009039276858,1
2968,43,26390.0,salaried,,19095.0,164082,6,0,0.5181318681318682,0.7235695339143615,1
2969,44,21641.0,salaried,618.0,39615.0,149849,18,0,0.5770258614050491,1.8305531167690956,1
2970,58,126119.0,self_employed,,31210.0,201363,24,0,0.1330509280917229,0.2474646960410406,1
2971,48,30624.0,salaried,829.0,5802.0,421183,24,0,1.1461136145942181,0.18945924764890282,1
2972,41,24966.0,salaried,679.0,37997.0,401494,24,0,1.340135918182061,1.521949851798446,1
2973,38,86301.0,salaried,630.0,49295.0,400348,6,0,0.3865810747654527,0.5711984797395163,1
2974,56,130123.0,self_employed,794.0,11841.0,132747,24,0,0.08501379464045557,0.09099851678796216,0
2975,55,93183.0,contract,,15169.0,456152,24,0,0.4079356391902672,0.16278720367448998,0
2976,29,19959.0,salaried,740.0,36036.0,198764,36,0,0.8298845967566846,1.8055012776191193,1
2977,58,65802.0,salaried,746.0,42029.0,128092,24,0,0.16221898017284175,0.6387191878666302,0
2978,50,139125.0,contract,667.0,46651.0,316057,6,0,0.18931236897274634,0.3353171608265948,1
2979,54,138795.0,salaried,722.0,34953.0,87163,36,0,0.052333177227806,0.25183183832270617,0
2980,52,,self_employed,777.0,18921.0,292194,6,0,0.5767973469146038,0.4482056141182044,1
2981,23,70046.0,salaried,689.0,47505.0,135933,12,0,0.16171872769323017,0.6781971847071924,1
2982,23,109593.0,salaried,518.0,6745.0,488426,24,0,0.37139385423034926,0.06154590165430274,1
2983,48,94036.0,salaried,513.0,31443.0,238753,6,0,0.21157943057268846,0.33437194266025777,1
2984,35,124864.0,self_employed,742.0,15016.0,472081,6,0,0.3150634557064753,0.12025884161968221,0
2985,43,135333.0,salaried,608.0,13219.0,397201,36,0,0.24458249897167234,0.09767758048665144,0
2986,60,31772.0,salaried,689.0,47728.0,296408,12,0,0.7774350581224558,1.5022031977842125,1
2987,31,66943.0,salaried,717.0,29012.0,205079,12,0,0.2552905705849255,0.43338362487489357,0
2988,52,83868.0,salaried,798.0,22081.0,398617,24,0,0.39607577780957376,0.2632827776982878,1
2989,56,64855.0,self_employed,810.0,301.0,183033,18,0,0.23518232981265902,0.0046411225040474905,1
2990,53,116124.0,self_employed,735.0,18549.0,69726,18,0,0.05003702938238435,0.15973442182494574,1
2991,44,72205.0,salaried,667.0,34528.0,35759,36,0,0.04127022597696374,0.4781940308842878,1
2992,59,40874.0,self_employed,767.0,12438.0,265464,24,0,0.5412242501345599,0.3043010226549885,0
2993,54,146007.0,salaried,692.0,5286.0,25504,36,0,0.01455637971695421,0.036203743656126074,0
2994,48,16301.0,salaried,741.0,35422.0,388468,24,0,1.9859108848127927,2.172995521747132,1
2995,57,73017.0,self_employed,661.0,21251.0,83699,12,0,0.09552455820790592,0.29104181218072506,0
2996,27,58319.0,salaried,838.0,30466.0,269463,18,1,0.38504175311648003,0.5224026475076733,1
2997,24,37455.0,salaried,778.0,37860.0,67172,6,0,0.1494504516530948,1.0108129755706847,1
2998,57,72033.0,salaried,634.0,6580.0,246427,18,0,0.2850857708735348,0.09134702150403287,0
2999,21,121924.0,self_employed,692.0,17015.0,343960,24,0,0.23509180582439335,0.13955414848594205,1
3000,21,47735.0,salaried,588.0,48201.0,150704,18,1,0.2630913725079432,1.0097622289724522,1
3001,40,87781.0,salaried,541.0,12383.0,84807,6,1,0.08051001925245782,0.14106697349084654,1
3002,39,141031.0,self_employed,,28963.0,435077,12,0,0.25708118546040704,0.20536619608454879,1
3003,49,143305.0,self_employed,714.0,15536.0,347296,12,0,0.2019562006443134,0.10841212797878651,0
3004,30,123049.0,self_employed,848.0,34842.0,173361,24,0,0.11740648034522833,0.2831554909019984,0
3005,38,20630.0,salaried,500.0,15156.0,333411,18,0,1.3467886572952013,0.734658264663112,1
3006,48,80488.0,salaried,834.0,4400.0,275854,24,0,0.28560572176390686,0.05466653414173541,1
3007,55,149278.0,salaried,663.0,43877.0,163343,18,1,0.0911850149832304,0.29392810728975466,1
3008,51,71289.0,self_employed,605.0,25344.0,127652,36,0,0.14921890707776328,0.3555106678449691,1
3009,47,33953.0,self_employed,731.0,48045.0,135773,24,0,0.33323761277844866,1.4150443259800312,1
3010,31,,contract,545.0,32573.0,470720,18,0,0.33835926807668865,0.28096642859607357,1
3011,58,93930.0,salaried,704.0,24780.0,92729,36,1,0.0822678235565492,0.26381347812200573,1
3012,25,16067.0,salaried,520.0,661.0,454934,24,0,2.359567228895666,0.04114022530652891,1
3013,28,65658.0,salaried,676.0,678.0,183779,12,0,0.2332528658604689,0.010326235949922324,0
3014,54,67165.0,salaried,666.0,6363.0,330717,36,1,0.4103290404228393,0.09473684210526316,1
3015,32,95781.0,salaried,793.0,33067.0,29021,24,0,0.02524944056406455,0.34523548511709,1
3016,58,44164.0,contract,764.0,16641.0,291184,6,0,0.5494369471364309,0.37680010868580743,1
3017,21,119946.0,salaried,775.0,,224507,12,0,0.15597782891189924,0.15962182982342055,0
3018,51,142580.0,salaried,839.0,33007.0,125285,36,0,0.07322497311450882,0.23149810632627296,0
3019,24,114251.0,self_employed,507.0,,177624,18,0,0.12955685289406657,0.38953707188558523,1
3020,25,35773.0,salaried,769.0,23707.0,155416,6,0,0.362042136061648,0.6627065104967433,1
3021,50,48939.0,self_employed,817.0,27088.0,361082,18,0,0.6148504600965828,0.5535053842538671,1
3022,44,113475.0,salaried,711.0,37058.0,158275,6,0,0.11623338473966366,0.32657413527208634,0
3023,23,,salaried,662.0,30989.0,360998,24,1,1.0814280921226065,1.1139909411172622,1
3024,31,24335.0,salaried,810.0,5647.0,128025,24,1,0.43841175261968357,0.2320525991370454,1
3025,24,70008.0,salaried,544.0,14064.0,418656,18,0,0.4983430465089704,0.20089132670551937,1
3026,46,86745.0,salaried,732.0,39474.0,325353,18,1,0.31255691970718774,0.4550579284108594,1
3027,47,18577.0,salaried,552.0,45411.0,22892,18,1,0.1026897059087402,2.4444743500026913,1
3028,47,88916.0,salaried,732.0,31195.0,367688,36,0,0.3446023962691379,0.35083674479283816,1
3029,26,74314.0,salaried,841.0,45620.0,26687,12,0,0.029925944864583612,0.6138816373765374,1
3030,35,56205.0,salaried,670.0,28979.0,406701,18,1,0.6030024019215372,0.5155946979806068,1
3031,50,128583.0,salaried,505.0,39539.0,174879,24,0,0.11333729964303213,0.30749788074628837,1
3032,57,99715.0,salaried,543.0,23992.0,386752,24,0,0.32321449464306606,0.24060572632001204,1
3033,57,,self_employed,590.0,33288.0,363069,18,1,0.4220947265625,0.46439732142857143,1
3034,57,43400.0,contract,695.0,5642.0,50152,18,0,0.09629800307219662,0.13,1
3035,55,122345.0,self_employed,503.0,46698.0,149285,24,0,0.10168308199490511,0.3816911193755364,1
3036,43,102110.0,salaried,620.0,3884.0,253830,36,0,0.20715404955440211,0.03803741063558907,0
3037,26,135120.0,self_employed,562.0,48385.0,45875,6,0,0.02829275212157095,0.35808910597986976,0
3038,24,43562.0,salaried,,35509.0,186011,24,0,0.3558357436909845,0.815137046049309,0
3039,38,33510.0,salaried,746.0,31649.0,48939,6,0,0.12170247687257535,0.9444643390032826,1
3040,29,76608.0,salaried,718.0,,421685,18,0,0.45870426935394043,0.17597378863826232,1
3041,49,67182.0,self_employed,836.0,,102943,12,0,0.1276916932114753,0.5403233008841654,0
3042,33,41883.0,self_employed,730.0,30532.0,212587,18,0,0.4229778987496916,0.7289831196428145,1
3043,37,26094.0,contract,793.0,33418.0,483373,18,0,1.5436913977670474,1.2806775503947267,1
3044,52,148479.0,salaried,687.0,11036.0,491657,18,1,0.27594081766894085,0.07432700920668917,1
3045,42,27644.0,self_employed,807.0,2158.0,373455,24,0,1.1257867891766749,0.07806395601215453,1
3046,24,100834.0,salaried,667.0,19035.0,234709,24,0,0.1939730976985276,0.18877561140091637,1
3047,25,123982.0,salaried,763.0,43227.0,469571,12,0,0.3156177240782264,0.3486554499846752,1
3048,57,67748.0,contract,604.0,9220.0,333276,6,1,0.40994568105331525,0.13609257837869754,1
3049,33,74021.0,salaried,723.0,9747.0,136278,6,0,0.15342267734832007,0.13167884789451642,0
3050,54,77651.0,salaried,614.0,46692.0,204321,6,0,0.2192727717608273,0.6013058428094937,1
3051,42,51807.0,salaried,,40230.0,344863,18,0,0.5547239433538582,0.7765359893450692,1
3052,43,43669.0,self_employed,771.0,24513.0,432220,12,0,0.824803254787912,0.5613364171380155,1
3053,23,41539.0,salaried,773.0,39806.0,373642,18,0,0.7495807153117151,0.958280170442235,1
3054,54,149379.0,salaried,729.0,41472.0,90762,12,0,0.05063295376190763,0.2776293856566184,0
3055,52,,salaried,716.0,16502.0,287397,36,0,0.7314017407237746,0.503954802259887,1
3056,41,49555.0,salaried,533.0,49411.0,394168,24,0,0.6628459960313456,0.9970941378266572,1
3057,41,147145.0,contract,696.0,5518.0,263138,18,0,0.14902420514911596,0.03750042475109586,0
3058,31,47683.0,salaried,816.0,40349.0,28726,36,1,0.05020307726723011,0.8461925633873708,1
3059,59,40741.0,salaried,713.0,6277.0,78952,6,1,0.16149169959827528,0.1540708377310326,1
3060,24,18599.0,salaried,545.0,10341.0,382846,36,1,1.7153520798609245,0.555997634281413,1
3061,21,143513.0,salaried,832.0,47558.0,240187,24,0,0.1394687821544622,0.33138461324061236,0
3062,48,42293.0,salaried,739.0,23613.0,237624,24,0,0.4682098692455016,0.5583193436266048,1
3063,44,30389.0,salaried,753.0,959.0,211330,24,0,0.5795134204262508,0.03155747145348646,0
3064,55,27318.0,contract,727.0,49717.0,322144,36,0,0.9826976108548698,1.8199355736144667,1
3065,33,18055.0,salaried,720.0,5936.0,197345,6,0,0.9108511031108649,0.32877319302132374,1
3066,54,136164.0,salaried,665.0,28678.0,461642,18,0,0.28252817680640013,0.21061367174877355,1
3067,31,97579.0,salaried,572.0,13155.0,49735,6,0,0.04247413207076659,0.13481384314247943,0
3068,56,119817.0,salaried,724.0,23042.0,216630,12,1,0.15066726758306417,0.19230993932413598,1
3069,37,19642.0,salaried,585.0,18763.0,61648,12,0,0.26154838271730646,0.9552489563180939,1
3070,55,24321.0,salaried,,11642.0,445735,18,0,1.5272638186478078,0.478680975288845,1
3071,38,94968.0,contract,714.0,41404.0,147103,24,0,0.12908119928116138,0.4359784348412097,0
3072,60,117770.0,salaried,663.0,19923.0,21286,18,0,0.015061843706659873,0.16916871868897002,1
3073,42,124762.0,salaried,739.0,16296.0,482612,36,0,0.32235509743885693,0.13061669418572963,1
3074,44,129183.0,salaried,568.0,18719.0,95810,24,0,0.06180508787275932,0.14490296710867528,1
3075,39,132159.0,salaried,636.0,9227.0,161798,18,0,0.1020223115086121,0.06981741689934094,0
3076,57,40727.0,salaried,651.0,3044.0,343684,18,0,0.7032271793486712,0.07474157193016917,1
3077,59,88820.0,salaried,596.0,48231.0,272644,36,1,0.25580199654732416,0.5430195901823913,0
3078,41,124062.0,salaried,,34054.0,245890,36,0,0.16516607287753973,0.2744917863648821,0
3079,28,42476.0,salaried,685.0,9650.0,246385,6,0,0.48338081112471354,0.22718711743101988,1
3080,48,135355.0,self_employed,667.0,10412.0,45916,12,1,0.02826887320995407,0.07692364522921208,1
3081,25,85047.0,salaried,743.0,34398.0,99826,18,0,0.09781454176318193,0.40445871106564607,1
3082,37,18881.0,salaried,618.0,31040.0,22377,6,0,0.09876330702822944,1.6439807213600974,1
3083,57,30668.0,contract,695.0,20411.0,437987,24,0,1.1901303204208513,0.6655471501239076,1
3084,56,43106.0,salaried,787.0,48842.0,374717,24,0,0.7244099815957562,1.1330673224145131,1
3085,39,30729.0,self_employed,564.0,,331148,12,0,0.8980333452656014,0.6345797129747145,1
3086,47,,salaried,661.0,38433.0,74780,24,0,0.043169338339544915,0.2662413234132757,0
3087,54,85320.0,salaried,584.0,14546.0,488448,12,0,0.4770745428973277,0.17048757618377872,1
3088,31,69913.0,salaried,558.0,27530.0,71267,24,0,0.0849472439555829,0.39377512050691577,1
3089,32,74402.0,salaried,781.0,13024.0,394152,24,0,0.44146662724120317,0.1750490578210263,1
3090,41,136649.0,salaried,649.0,29088.0,254768,18,0,0.1553664254159684,0.21286654128460508,0
3091,31,118930.0,self_employed,620.0,49415.0,41802,36,0,0.02929033885478853,0.4154965105524258,1
3092,59,74739.0,self_employed,768.0,22828.0,235910,18,0,0.26303759304602237,0.30543625148851333,0
3093,48,19507.0,self_employed,754.0,38343.0,273783,6,0,1.1695929666273646,1.965602091556877,1
3094,25,117552.0,self_employed,723.0,23777.0,458200,36,1,0.324820788530466,0.20226793248945146,1
3095,37,94059.0,contract,554.0,36967.0,45446,18,0,0.040263735173313206,0.393019275135819,0
3096,40,145514.0,salaried,635.0,8412.0,181932,36,0,0.10418928762868178,0.05780887062413238,1
3097,32,102680.0,self_employed,689.0,49485.0,372440,36,0,0.30226593948837815,0.48193416439423453,1
3098,26,40530.0,salaried,752.0,42284.0,226489,36,0,0.46568179949008964,1.0432765852454973,1
3099,37,30305.0,self_employed,811.0,46564.0,103132,24,0,0.283594566353187,1.5365121267117636,0
3100,39,124097.0,self_employed,583.0,42440.0,293981,36,0,0.19741344808227973,0.34199053965849296,1
3101,46,67044.0,salaried,676.0,33203.0,213554,24,0,0.26544010898315534,0.49524193067239425,1
3102,52,145436.0,salaried,593.0,23261.0,58992,36,0,0.03380180973074067,0.15993976732033335,0
3103,26,104363.0,contract,534.0,42.0,159761,24,1,0.12756835915666154,0.000402441478301697,1
3104,56,73817.0,salaried,711.0,47313.0,283709,36,0,0.32028417121620584,0.6409499166858583,1
3105,58,118038.0,salaried,625.0,,144542,6,0,0.10204482172407756,0.14697809180094545,0
3106,31,61666.0,salaried,729.0,28682.0,306937,18,1,0.4147842138833933,0.46511854182207374,1
3107,53,33909.0,salaried,667.0,215.0,417836,36,0,1.0268561935376055,0.006340499572384912,1
3108,44,37525.0,salaried,513.0,11427.0,85200,6,0,0.18920719520319787,0.30451698867421717,1
3109,43,127293.0,salaried,573.0,20704.0,308081,18,1,0.20168757643127797,0.16264837815119448,0
3110,35,116046.0,salaried,551.0,30432.0,392856,12,0,0.2821122658256209,0.2622408355307378,1
3111,47,52403.0,self_employed,706.0,2705.0,272372,36,0,0.4331367797009077,0.05161918210789459,1
3112,31,149902.0,salaried,795.0,16062.0,404371,12,0,0.22479742320538307,0.10715000466971755,0
3113,37,146605.0,salaried,542.0,41732.0,496641,18,1,0.2823010811363869,0.2846560485658743,1
3114,34,38504.0,salaried,502.0,20495.0,407182,18,0,0.88125476141007,0.5322823602742572,1
3115,47,125551.0,salaried,594.0,29704.0,79400,36,0,0.05270102720541188,0.2365891151802853,0
3116,38,70715.0,contract,737.0,31233.0,327421,6,0,0.3858457658676848,0.4416743265219543,1
3117,48,51855.0,self_employed,666.0,27731.0,307516,36,1,0.49419213833445824,0.5347796740912159,1
3118,24,56721.0,salaried,518.0,8122.0,418172,6,0,0.6143697513560528,0.14319211579485552,0
3119,27,,salaried,706.0,8249.0,212466,36,0,0.13985718460942992,0.0651595219475975,0
3120,55,115659.0,salaried,729.0,29656.0,294055,6,0,0.21186923052536624,0.2564089262400678,1
3121,29,49723.0,salaried,713.0,4946.0,395915,24,0,0.663534313429734,0.09947106972628361,0
3122,28,20539.0,salaried,555.0,30207.0,363376,6,1,1.4743333820211955,1.4707142509372413,1
3123,37,131360.0,salaried,833.0,11881.0,333547,6,0,0.21159853329273243,0.09044610231425092,1
3124,37,116140.0,contract,631.0,4743.0,419886,18,0,0.30127862924057175,0.04083864301704839,1
3125,53,84180.0,salaried,508.0,18227.0,79844,12,0,0.07904094400886988,0.21652411499168447,1
3126,52,131985.0,salaried,730.0,49612.0,83137,36,0,0.05249144473488149,0.3758911997575482,1
3127,28,100981.0,salaried,,9160.0,249299,18,0,0.20573094608556725,0.09071013358948714,1
3128,39,50934.0,salaried,804.0,32068.0,43473,12,0,0.07112635960262301,0.6295990890171594,1
3129,58,146255.0,salaried,783.0,13521.0,67298,18,1,0.03834512780189851,0.09244812143174592,1
3130,23,24475.0,salaried,689.0,7292.0,303489,18,0,1.0333299284984678,0.29793667007150154,1
3131,25,,contract,515.0,7629.0,45608,36,0,0.05096298680111384,0.10229695482521421,0
3132,33,,salaried,842.0,289.0,262903,24,0,0.534251446872155,0.0070474053843152555,0
3133,51,57756.0,salaried,702.0,27861.0,458020,18,0,0.6608548606782556,0.48239143985040517,1
3134,36,95730.0,salaried,673.0,15791.0,383632,36,0,0.3339531320728438,0.1649535150945367,0
3135,52,97702.0,self_employed,667.0,42080.0,255124,6,0,0.21760387027218822,0.4306974268694602,1
3136,42,61840.0,salaried,838.0,22776.0,388979,12,0,0.5241739435101337,0.3683053040103493,0
3137,49,53623.0,salaried,533.0,32246.0,292430,36,0,0.45445362375597537,0.6013464371631576,1
3138,42,78303.0,self_employed,728.0,25308.0,229708,24,0,0.24446487788888463,0.3232060074326654,0
3139,23,61062.0,salaried,500.0,19960.0,430088,36,0,0.5869553350146846,0.3268808751760506,0
3140,30,71690.0,contract,821.0,15450.0,455521,36,0,0.5295031850095318,0.21551122890221788,0
3141,41,113980.0,salaried,614.0,39616.0,192822,6,0,0.14097648710300054,0.34756974907878574,0
3142,36,60266.0,salaried,713.0,3782.0,109185,12,0,0.15097650416486907,0.06275511897255501,0
3143,32,102643.0,salaried,753.0,39683.0,64476,12,0,0.05234648246836121,0.38661184883528343,0
3144,22,73704.0,salaried,644.0,45631.0,196220,24,0,0.22185589203661493,0.619111581460979,1
3145,44,132374.0,self_employed,546.0,4937.0,243018,12,0,0.15298699140314564,0.037295843594663605,0
3146,55,23382.0,salaried,,10983.0,140059,6,0,0.49916958914264536,0.4697202976648704,0
3147,50,104609.0,salaried,677.0,30434.0,266946,24,0,0.21265378695905707,0.2909309906413406,1
3148,50,61698.0,contract,712.0,10230.0,123581,6,0,0.16691653970415032,0.16580764368374987,1
3149,55,16110.0,self_employed,784.0,30886.0,229033,6,0,1.184735154148562,1.9171942892613283,1
3150,39,130266.0,salaried,744.0,,375711,36,0,0.2403485944145057,0.24560514639276557,1
3151,28,146458.0,salaried,752.0,11710.0,204631,36,0,0.11643326641995203,0.07995466277021399,0
3152,46,62801.0,salaried,705.0,46265.0,223041,36,0,0.29596264390694416,0.7366920908902724,1
3153,60,129012.0,self_employed,571.0,20442.0,493152,18,1,0.31854401140979133,0.15845037670914333,1
3154,27,111085.0,self_employed,721.0,44477.0,355621,6,0,0.26677844293408953,0.4003870909663771,1
3155,50,46566.0,salaried,841.0,31881.0,236261,12,0,0.42280669730418474,0.6846411544904007,1
3156,27,38798.0,salaried,714.0,18540.0,267466,24,0,0.5744840799353919,0.4778596834888396,1
3157,23,38027.0,salaried,640.0,47529.0,433199,18,0,0.9493232878393422,1.2498750887527283,1
3158,21,20631.0,salaried,655.0,4437.0,328160,36,0,1.3255133860048793,0.21506470844845135,0
3159,56,71878.0,self_employed,721.0,44010.0,298404,18,0,0.34596121205375774,0.6122874871309719,1
3160,45,60206.0,salaried,829.0,3920.0,107576,18,0,0.14889988816175576,0.06510978972195462,0
3161,57,118473.0,salaried,730.0,14713.0,447257,6,0,0.3145984035743728,0.1241886336971293,1
3162,21,73334.0,salaried,641.0,1127.0,479290,6,0,0.5446427759747638,0.015368042108708103,1
3163,35,87323.0,salaried,574.0,9182.0,326857,12,0,0.3119233573438078,0.10514984597414198,1
3164,57,68619.0,salaried,539.0,19870.0,351892,24,0,0.42735005367803863,0.2895699441845553,1
3165,33,118536.0,self_employed,772.0,37495.0,235931,24,0,0.16586451935839464,0.3163174056826618,1
3166,60,21734.0,self_employed,569.0,42385.0,440406,36,0,1.688621514677464,1.9501702401766816,1
3167,28,54008.0,salaried,816.0,5509.0,118789,12,0,0.18328920406853305,0.10200340690268109,1
3168,25,64349.0,self_employed,610.0,5481.0,168842,24,0,0.21865400653726813,0.08517614881350137,1
3169,29,139478.0,self_employed,733.0,26033.0,70201,18,0,0.04194269586123499,0.1866459226544688,0
3170,21,147672.0,salaried,696.0,36222.0,119087,18,0,0.06720242609747729,0.24528685194214203,1
3171,56,71614.0,salaried,838.0,23658.0,293395,24,1,0.3414078718313924,0.330354399977658,1
3172,55,18692.0,salaried,698.0,30487.0,252300,18,0,1.1248127541194093,1.6310186175904131,1
3173,22,141745.0,salaried,523.0,,143499,18,0,0.08436452784930686,0.13856573424106672,1
3174,60,35373.0,self_employed,806.0,35010.0,273937,36,0,0.6453533297524477,0.98973793571368,1
3175,43,,salaried,646.0,4867.0,238604,18,0,0.15605681262246918,0.03819861395618972,1
3176,29,29507.0,contract,561.0,9063.0,410500,24,0,1.1593294246562962,0.3071474565357373,1
3177,54,77931.0,self_employed,566.0,16511.0,445371,6,0,0.476245011612837,0.21186690790571147,1
3178,34,90499.0,salaried,529.0,38783.0,82939,18,0,0.07637193044490363,0.42854617178090365,1
3179,24,129362.0,self_employed,606.0,24681.0,28061,24,1,0.018076534582540982,0.1907901856804935,0
3180,50,112449.0,salaried,665.0,30111.0,453273,18,0,0.3359100570036194,0.2677747245417923,0
3181,51,111819.0,salaried,620.0,47455.0,252908,12,0,0.188480192692357,0.4243912036415994,1
3182,58,54423.0,salaried,510.0,34174.0,306552,36,1,0.46939712988993626,0.6279330430149018,1
3183,31,118612.0,salaried,571.0,21984.0,253900,6,0,0.17838273811531155,0.18534381006980744,1
3184,55,101120.0,salaried,846.0,26937.0,147218,18,0,0.12132285073839662,0.26638647151898737,0
3185,28,132409.0,self_employed,752.0,44554.0,408498,24,0,0.25709355104260284,0.336487700987093,1
3186,23,105918.0,self_employed,784.0,16238.0,431404,6,0,0.33941665565185647,0.15330727543949094,0
3187,34,81600.0,salaried,618.0,8182.0,435995,18,0,0.4452563316993464,0.10026960784313725,1
3188,33,56848.0,salaried,507.0,32736.0,242282,12,0,0.35516054507927575,0.5758513931888545,1
3189,52,21820.0,salaried,714.0,9192.0,306831,24,0,1.171826306141155,0.4212648945921173,1
3190,54,23512.0,self_employed,720.0,11623.0,437430,36,0,1.550378530112283,0.4943433140523988,1
3191,39,66534.0,salaried,579.0,,147757,18,0,0.18506452841153898,0.6050440376348935,1
3192,58,140191.0,contract,571.0,12671.0,348649,24,0,0.20724642333197804,0.09038383348431782,0
3193,36,75945.0,self_employed,699.0,5097.0,234625,18,0,0.25745056729650845,0.06711435907564685,0
3194,22,,salaried,672.0,36880.0,257927,36,0,0.21838972431077694,0.37472058524690105,1
3195,60,98488.0,contract,788.0,1871.0,434462,12,0,0.367609928789971,0.0189972382422224,1
3196,37,24711.0,contract,733.0,17473.0,446902,36,0,1.5070953556445847,0.7070940067176561,1
3197,54,101009.0,salaried,760.0,13173.0,36551,36,0,0.030154903688450203,0.1304141215139245,0
3198,36,24597.0,salaried,644.0,29808.0,170777,36,0,0.5785834315837974,1.21185510428101,1
3199,58,75067.0,self_employed,521.0,16003.0,245087,6,0,0.2720758344767563,0.2131828899516432,1
3200,22,63022.0,contract,577.0,,80149,24,0,0.10598018681307057,0.08782647329503983,1
3201,22,127673.0,self_employed,729.0,47004.0,374516,18,0,0.24445001422905913,0.36815928191551855,1
3202,46,66782.0,salaried,659.0,27708.0,166874,12,0,0.20823225819332555,0.41490221916085174,1
3203,33,125716.0,self_employed,513.0,37307.0,147763,18,0,0.0979476226839331,0.29675618059753733,0
3204,51,133030.0,salaried,735.0,32057.0,476607,6,0,0.2985585958054574,0.2409757197624596,1
3205,54,87036.0,contract,647.0,10722.0,424247,12,1,0.406198775985416,0.12319040397077072,0
3206,59,50342.0,salaried,649.0,3315.0,75341,6,0,0.12471528081257532,0.06584958881252234,0
3207,23,100745.0,contract,529.0,43524.0,41521,18,0,0.03434496335632869,0.43202144026998857,1
3208,28,,salaried,660.0,1393.0,369038,12,0,0.42479096451000975,0.019241394552185202,1
3209,43,129836.0,contract,760.0,27668.0,45333,18,0,0.029096321513293694,0.21309960257555685,1
3210,34,121998.0,salaried,517.0,10937.0,131965,24,1,0.09014150505199539,0.08964901063951868,1
3211,47,65021.0,self_employed,562.0,17104.0,84731,6,0,0.1085944028339562,0.2630534750311438,1
3212,49,145672.0,contract,634.0,4326.0,450767,24,0,0.2578664167902319,0.029696853204459334,0
3213,59,133559.0,salaried,656.0,3597.0,188333,24,0,0.11750924061026713,0.026931917729243256,0
3214,59,81836.0,self_employed,556.0,37727.0,261385,18,0,0.2661674975968197,0.46100738061488833,1
3215,21,92017.0,salaried,764.0,40526.0,21973,18,1,0.019899402646612403,0.44041861829879264,0
3216,37,117689.0,salaried,753.0,24020.0,30900,36,1,0.02187969988699029,0.20409723933417737,1
3217,50,95291.0,self_employed,686.0,28341.0,200321,36,0,0.17518356053212442,0.2974152858087333,0
3218,33,105450.0,salaried,826.0,3880.0,39460,12,0,0.03118381539434171,0.03679468942626837,0
3219,41,71006.0,self_employed,698.0,12850.0,374175,18,0,0.43913542517533727,0.18097062220094076,1
3220,39,119268.0,self_employed,670.0,21248.0,153278,6,0,0.10709634324937675,0.17815340242143743,0
3221,39,65138.0,salaried,814.0,,208354,18,0,0.26655459690707933,0.23247566704534986,0
3222,45,77398.0,salaried,505.0,23057.0,478838,18,0,0.5155581108900316,0.2979017545673015,1
3223,42,72228.0,salaried,755.0,8481.0,292102,24,0,0.33701380812611914,0.1174198371822562,1
3224,51,77670.0,salaried,808.0,46297.0,293527,24,1,0.3149296167546457,0.5960731299085876,1
3225,37,140613.0,contract,819.0,32700.0,147418,36,0,0.08736627006986078,0.23255317787117835,0
3226,43,,self_employed,747.0,6243.0,89213,12,0,0.06350348648825642,0.05332661376429688,0
3227,52,125572.0,salaried,718.0,39060.0,307401,12,0,0.20400049374064283,0.31105660497563153,0
3228,30,18107.0,salaried,503.0,,362250,18,0,1.6671729165516098,0.8694979842050036,1
3229,30,101388.0,self_employed,500.0,44978.0,355325,6,0,0.2920505056482687,0.44362251943030734,1
3230,56,110719.0,salaried,825.0,24970.0,196248,24,0,0.1477072589167171,0.22552588083346128,0
3231,28,133018.0,salaried,530.0,375.0,98320,6,0,0.061595673768462415,0.0028191673307371933,0
3232,40,42617.0,salaried,820.0,39013.0,147587,24,1,0.28859179826516806,0.9154328085036488,1
3233,52,89258.0,self_employed,616.0,38514.0,178117,18,0,0.16629415103781547,0.43149073472405836,1
3234,34,65075.0,salaried,774.0,21261.0,159398,12,1,0.20412088615699833,0.3267153284671533,1
3235,48,141998.0,salaried,696.0,18523.0,48986,18,0,0.028748057484377715,0.13044549923238355,1
3236,44,37631.0,contract,824.0,18358.0,255588,24,0,0.5659961202200313,0.48784247030373895,1
3237,35,138120.0,salaried,676.0,43418.0,292581,12,0,0.1765258470894874,0.31434984071821603,1
3238,42,112158.0,self_employed,786.0,4501.0,125264,6,0,0.09307108424425067,0.04013088678471442,0
3239,50,61221.0,salaried,735.0,22548.0,466157,6,0,0.6345276402977192,0.3683049933846229,1
3240,24,120922.0,salaried,578.0,43639.0,245290,36,0,0.16904147577226092,0.3608855295148939,0
3241,33,48550.0,salaried,742.0,22546.0,426372,6,0,0.7318434603501545,0.4643872296601442,1
3242,43,29642.0,salaried,,46615.0,309921,36,0,0.8712890493219081,1.5725996896295797,1
3243,28,121093.0,salaried,704.0,26776.0,45310,12,1,0.03118126839151176,0.2211193049969858,1
3244,38,108885.0,salaried,710.0,45356.0,399930,18,1,0.30607980897276943,0.4165495706479313,1
3245,32,94538.0,salaried,832.0,30571.0,433071,18,0,0.38174332014639617,0.3233726120713364,0
3246,51,77014.0,salaried,590.0,24988.0,484191,12,0,0.5239209754070688,0.3244604877035344,1
3247,34,34523.0,self_employed,665.0,6345.0,187105,12,0,0.4516433488785254,0.18379051646728267,1
3248,54,125285.0,self_employed,660.0,14474.0,480720,24,0,0.319750967793431,0.11552859480384722,0
3249,38,120879.0,self_employed,505.0,47127.0,387961,6,1,0.2674582295794417,0.3898692080510262,1
3250,54,105629.0,salaried,,38923.0,212527,6,0,0.16766781218541627,0.3684878205795757,1
3251,31,91830.0,contract,704.0,22662.0,203368,6,0,0.18455116338161096,0.24678209735380593,0
3252,32,60538.0,salaried,519.0,15271.0,387539,36,0,0.5334652064268173,0.2522547821203211,1
3253,35,62310.0,salaried,599.0,17762.0,361619,6,0,0.4836288985181619,0.2850585780773552,1
3254,51,130266.0,salaried,664.0,46283.0,447208,24,0,0.2860864180471753,0.3552960864692245,0
3255,49,27699.0,self_employed,544.0,23519.0,191652,18,0,0.5765912126791581,0.8490920249828514,1
3256,46,81912.0,self_employed,836.0,32022.0,447171,18,0,0.45493029104404725,0.39093173161441547,1
3257,38,,salaried,726.0,710.0,396838,36,1,0.35112316801687493,0.007538515443339031,1
3258,52,75282.0,salaried,814.0,28026.0,251484,24,1,0.27837995802449456,0.37228022634892804,1
3259,42,73249.0,self_employed,551.0,23845.0,494463,12,0,0.5625366899206815,0.3255334543816298,1
3260,58,53176.0,salaried,645.0,4892.0,238012,18,0,0.37299408254350336,0.0919963893485783,0
3261,37,23163.0,salaried,780.0,35995.0,440324,24,0,1.5841500093539984,1.5539869619652031,1
3262,43,69210.0,salaried,622.0,17114.0,311447,12,1,0.37500240812984637,0.24727640514376537,1
3263,44,138844.0,salaried,706.0,22804.0,343010,36,0,0.20587253800428298,0.16424188297657802,0
3264,28,119587.0,salaried,796.0,40200.0,340925,6,0,0.23757111280211618,0.33615694013563346,0
3265,26,86979.0,self_employed,601.0,38960.0,201159,24,1,0.19272755492705135,0.44792421159130363,1
3266,25,93860.0,salaried,773.0,41569.0,174654,18,0,0.15506605582782867,0.44288301725974855,0
3267,49,19920.0,salaried,628.0,17851.0,372815,36,0,1.5596343708165998,0.8961345381526105,1
3268,48,97911.0,salaried,666.0,,196218,24,0,0.16700370744860127,0.35058369335416856,1
3269,31,52996.0,contract,701.0,43479.0,320549,36,0,0.5040459028354342,0.8204204090874783,1
3270,21,109071.0,salaried,601.0,38025.0,307165,12,0,0.23468276015928463,0.34862612426767886,0
3271,39,62252.0,salaried,570.0,16613.0,283452,24,0,0.37944162436548223,0.2668669279701857,1
3272,29,137734.0,salaried,,23365.0,381864,6,0,0.23103953998286553,0.1696385787096868,1
3273,47,67756.0,salaried,661.0,5524.0,139733,12,0,0.17185808882854162,0.08152783517326878,0
3274,54,65235.0,salaried,572.0,45412.0,478323,6,1,0.6110255231087607,0.6961293784011651,1
3275,24,105546.0,salaried,,41500.0,38289,36,0,0.030230894586246754,0.3931934890948023,1
3276,56,,salaried,526.0,2874.0,260778,6,0,0.14875215617556062,0.01967253511485913,1
3277,38,140802.0,salaried,668.0,40789.0,282118,12,0,0.16697087636065774,0.2896904873510319,0
3278,35,,salaried,,6957.0,77673,12,0,0.0524444786543619,0.05636804109511347,0
3279,33,81635.0,self_employed,787.0,19076.0,289926,12,0,0.2959576162185337,0.2336742818643964,1
3280,39,38225.0,contract,,29198.0,124406,36,0,0.27121430128624374,0.7638456507521256,1
3281,26,121885.0,contract,708.0,11261.0,269157,18,0,0.18402387496410552,0.09239036796980761,1
3282,32,100333.0,self_employed,598.0,37992.0,40062,36,0,0.03327419692424227,0.37865906531250937,0
3283,57,25807.0,salaried,530.0,27474.0,439345,12,0,1.4186880820449232,1.064594877358856,1
3284,37,21402.0,self_employed,835.0,27983.0,180788,36,0,0.7039373267295891,1.3074946266704046,1
3285,43,19521.0,self_employed,532.0,12711.0,484782,24,0,2.0694892679678296,0.6511449208544644,1
3286,46,129693.0,self_employed,712.0,39534.0,383450,24,0,0.24638312527789985,0.30482755430131153,0
3287,49,23382.0,salaried,644.0,10090.0,272382,18,1,0.9707681122230776,0.4315285262167479,1
3288,53,125996.0,salaried,598.0,32771.0,130025,36,0,0.08599810046879795,0.26009555858916156,0
3289,47,30065.0,contract,809.0,12756.0,383013,36,0,1.0616248129053716,0.42428072509562614,1
3290,45,100470.0,contract,809.0,4759.0,153655,24,0,0.12744683321721242,0.0473673733452772,0
3291,30,29425.0,salaried,679.0,28201.0,63232,12,0,0.17907674879637497,0.9584027187765506,1
3292,43,28111.0,contract,634.0,37401.0,489563,6,0,1.4512794516974374,1.3304756145281207,1
3293,41,68257.0,self_employed,689.0,7361.0,132411,12,0,0.1616574124265643,0.10784241909254728,0
3294,41,138990.0,salaried,529.0,2567.0,42235,18,0,0.02532256517255438,0.018468954601050434,0
3295,33,142813.0,salaried,581.0,10177.0,174953,6,0,0.1020874616923296,0.07126101965507342,1
3296,57,96046.0,salaried,556.0,35917.0,136502,12,0,0.11843456954653672,0.3739562293067905,1
3297,53,52851.0,salaried,673.0,24211.0,351598,36,0,0.5543855997679009,0.45809918449982023,1
3298,44,23816.0,contract,707.0,32577.0,33869,36,0,0.1185092654797895,1.3678619415518978,1
3299,31,17175.0,salaried,825.0,47171.0,157583,24,0,0.7645948568655992,2.7464919941775836,1
3300,37,26341.0,self_employed,821.0,46946.0,165188,36,0,0.5225946876225909,1.7822406134922744,1
3301,24,78908.0,self_employed,682.0,39606.0,55981,36,1,0.059120536996671226,0.5019262939118974,1
3302,45,74696.0,salaried,734.0,1357.0,220495,18,1,0.24599153011316982,0.018166970118881867,1
3303,50,98115.0,salaried,606.0,22612.0,76909,6,0,0.06532215597343254,0.2304642511338735,1
3304,29,45194.0,self_employed,685.0,21999.0,217830,12,0,0.40165729964154534,0.4867681550648316,1
3305,41,99358.0,salaried,765.0,26150.0,393758,12,0,0.3302518837604085,0.26318967773103324,1
3306,40,117548.0,self_employed,631.0,1605.0,222354,18,0,0.15763347738796066,0.013653996665192092,1
3307,39,49579.0,salaried,829.0,45211.0,498243,6,0,0.8374563827426935,0.9118981826983199,1
3308,39,111554.0,salaried,828.0,7284.0,104433,36,0,0.07801378704483927,0.06529573121537552,0
3309,32,68294.0,salaried,817.0,27562.0,147547,18,0,0.1800389980574184,0.40357864526898407,1
3310,57,64777.0,salaried,670.0,49179.0,475093,36,0,0.6111904431099516,0.7592046559735709,1
3311,37,55751.0,salaried,797.0,45665.0,434452,12,0,0.6493934338995414,0.8190884468440028,1
3312,57,123750.0,contract,523.0,46029.0,131182,18,1,0.08833804713804713,0.37195151515151514,0
3313,59,89180.0,salaried,760.0,,270736,18,1,0.25298646931299995,0.19887867234806011,0
3314,48,46644.0,contract,695.0,3734.0,427648,18,0,0.7640282422891118,0.08005316868193123,1
3315,55,48521.0,contract,598.0,7531.0,79895,12,0,0.13721721866133565,0.15521114568949526,1
3316,38,26564.0,contract,832.0,33186.0,48014,12,1,0.15062365105656778,1.2492847462731516,1
3317,34,120155.0,salaried,600.0,45077.0,494927,24,0,0.34325593330836557,0.3751570887603512,1
3318,55,103747.0,self_employed,619.0,41220.0,90519,12,0,0.07270812650004338,0.39731269337908565,1
3319,27,26202.0,salaried,820.0,18491.0,226997,12,0,0.7219455257868356,0.7057094878253568,1
3320,33,124407.0,salaried,702.0,,368202,36,0,0.2466380509135338,0.3532277122669946,0
3321,38,149757.0,self_employed,589.0,6306.0,37704,12,0,0.02098065532829851,0.042108215308800254,1
3322,57,105197.0,salaried,694.0,48241.0,65968,6,0,0.05225751051202347,0.45857771609456544,1
3323,33,57637.0,contract,676.0,4291.0,169822,36,0,0.24553382954236572,0.0744487048250256,1
3324,56,39276.0,self_employed,614.0,46124.0,270073,24,1,0.5730238143734936,1.1743558407169772,1
3325,51,95946.0,salaried,832.0,14960.0,474350,6,0,0.41199389934616,0.15592103891772455,0
3326,22,90214.0,salaried,531.0,9096.0,481287,24,0,0.4445790010419669,0.10082692265058639,0
3327,36,56230.0,self_employed,714.0,34994.0,108209,18,0,0.16036664888256566,0.6223368308731994,1
3328,29,139086.0,salaried,807.0,40428.0,71527,18,1,0.04285537964520752,0.2906690824382037,0
3329,29,144526.0,self_employed,778.0,12612.0,145186,18,0,0.083713887697254,0.08726457523213817,0
3330,58,50059.0,salaried,742.0,47473.0,268373,12,0,0.44676115517023246,0.9483409576699494,1
3331,31,16532.0,salaried,785.0,46958.0,97942,12,0,0.49369908863618034,2.8404306798935397,1
3332,42,117666.0,salaried,569.0,17162.0,118034,36,0,0.08359395803942232,0.14585351758366902,0
3333,53,96551.0,salaried,570.0,22642.0,164525,6,0,0.142001809061187,0.23450818738283394,1
3334,56,86880.0,salaried,610.0,31076.0,499521,6,0,0.47912925874769796,0.3576887661141805,1
3335,43,121734.0,salaried,,27814.0,341150,18,0,0.2335351394570676,0.2284817717318087,1
3336,54,128997.0,salaried,536.0,14450.0,180637,18,0,0.11669328227271435,0.11201810894827012,1
3337,29,67168.0,self_employed,803.0,11671.0,481552,12,0,0.5974471970779737,0.17375833730347784,1
3338,44,128123.0,salaried,825.0,1849.0,21280,24,1,0.01384086645905367,0.014431444783528329,1
3339,28,102897.0,salaried,534.0,47901.0,278292,6,0,0.2253807205263516,0.46552377620338786,1
3340,27,119599.0,salaried,823.0,34711.0,476879,6,0,0.3322763289548129,0.29022817916537763,1
3341,56,,salaried,558.0,40476.0,265090,24,0,0.23441285808776974,0.4295037086556521,1
3342,38,33642.0,salaried,706.0,41001.0,249897,6,0,0.6190104631115867,1.2187444266095953,1
3343,23,121862.0,salaried,565.0,12861.0,365682,6,0,0.25006564802809733,0.10553741117001197,1
3344,48,51509.0,salaried,761.0,24218.0,49834,12,0,0.08062345091796255,0.4701702615076977,0
3345,26,94417.0,salaried,769.0,,474774,6,0,0.41904000338922015,0.019276189669233296,0
3346,41,64237.0,salaried,732.0,8632.0,470174,18,0,0.6099470191115193,0.13437738375079783,0
3347,48,78176.0,salaried,656.0,29884.0,228482,18,0,0.2435551405375904,0.382265656979124,1
3348,60,143633.0,salaried,605.0,47388.0,37985,36,0,0.022038227055528093,0.32992418176881355,1
3349,21,94865.0,self_employed,653.0,41063.0,415522,12,0,0.36501168326920713,0.43285721815211087,1
3350,56,132181.0,salaried,517.0,568.0,158894,12,0,0.1001745081870062,0.004297138015297206,1
3351,41,77059.0,self_employed,759.0,41416.0,262234,18,0,0.28358573733546155,0.5374583111641729,0
3352,55,64150.0,self_employed,812.0,310.0,179475,12,1,0.23314497272018705,0.0048324240062353856,1
3353,33,103367.0,salaried,,34675.0,132488,12,0,0.1068103617853538,0.3354552226532646,1
3354,30,56091.0,contract,808.0,9899.0,471775,36,0,0.7009071568225443,0.17648107539533972,1
3355,30,15903.0,salaried,,3455.0,283086,24,1,1.4833993586115828,0.2172546060491731,1
3356,33,69235.0,contract,524.0,40100.0,318843,6,0,0.38376904744710044,0.5791868274716545,1
3357,57,70342.0,salaried,679.0,4502.0,177853,36,0,0.2107003402424346,0.06400159222086378,0
3358,58,50572.0,salaried,661.0,43852.0,56517,24,0,0.09312959740567903,0.8671201455350787,1
3359,44,32610.0,salaried,849.0,16964.0,274341,6,0,0.701065624041705,0.5202085249923336,1
3360,22,49052.0,contract,714.0,6862.0,352420,18,0,0.5987183669031504,0.1398923591290875,1
3361,42,113993.0,salaried,623.0,4055.0,429589,24,0,0.31404633033022494,0.035572359706297754,1
3362,37,,self_employed,791.0,40351.0,199723,6,0,0.16307166488672029,0.3953538500729941,0
3363,56,112540.0,self_employed,655.0,27220.0,163491,36,0,0.1210614003909721,0.24186955749067,0
3364,34,68533.0,salaried,692.0,18244.0,364471,6,0,0.4431818734526919,0.26620752046459367,1
3365,30,138989.0,salaried,827.0,11876.0,333339,12,0,0.19985934138672845,0.08544561080373267,0
3366,55,135388.0,salaried,552.0,40186.0,90808,6,1,0.055893678415615364,0.29682098856619493,1
3367,45,43702.0,salaried,669.0,3291.0,493369,18,0,0.9407826491541196,0.07530547801015972,1
3368,23,138482.0,self_employed,834.0,27807.0,356438,36,0,0.21449117334142104,0.2007986597536142,0
3369,58,23631.0,contract,597.0,2943.0,100639,24,0,0.3548975216170849,0.12453979941602132,0
3370,37,102388.0,self_employed,646.0,12219.0,337053,6,0,0.27432658123998904,0.11934015704965426,0
3371,32,,contract,799.0,42582.0,460365,36,1,0.27442273852272564,0.30459663228372363,0
3372,44,85043.0,salaried,529.0,26953.0,164045,18,0,0.16074711224517793,0.3169337864374493,1
3373,49,50764.0,salaried,573.0,23027.0,64330,24,0,0.10560305203162346,0.45360885667008116,1
3374,45,144014.0,self_employed,671.0,18274.0,185819,6,0,0.10752368982645205,0.12689044120710485,0
3375,56,128076.0,self_employed,583.0,29161.0,112064,18,0,0.07291504002831652,0.22768512445735345,1
3376,46,114007.0,salaried,,48108.0,435764,12,0,0.31852137734232694,0.4219740893103055,0
3377,58,39940.0,salaried,731.0,8471.0,433438,36,0,0.9043523618761475,0.21209313970956434,1
3378,21,122418.0,self_employed,789.0,33622.0,387588,36,0,0.2638419186720907,0.274649152902351,1
3379,40,86792.0,salaried,626.0,30530.0,426692,6,1,0.40968829692444775,0.35176053092450915,1
3380,48,23367.0,salaried,584.0,,481067,18,1,1.7156210325102352,0.22608807292335345,1
3381,36,126764.0,self_employed,753.0,29676.0,388740,24,0,0.25555362721277336,0.23410431983843993,1
3382,37,23573.0,contract,651.0,16781.0,24756,24,0,0.08751537776269461,0.7118737538709541,1
3383,60,30582.0,self_employed,811.0,15427.0,59564,24,0,0.162306803566368,0.5044470603623046,1
3384,48,80296.0,self_employed,506.0,29099.0,99850,24,0,0.1036269967785859,0.3623966324598984,1
3385,32,80841.0,salaried,806.0,3503.0,64404,6,0,0.06638957954503284,0.04333197263764674,0
3386,47,36881.0,self_employed,635.0,,216640,6,0,0.48950227307647115,0.8843849136411702,1
3387,50,85233.0,salaried,683.0,20854.0,335627,36,0,0.3281465707726663,0.24467049147630612,1
3388,54,80285.0,contract,813.0,12063.0,427749,18,0,0.44399016005480474,0.15025222644329575,1
3389,57,74547.0,salaried,840.0,23543.0,409626,12,1,0.457905750734436,0.31581418434008074,1
3390,26,22933.0,salaried,726.0,33399.0,207114,6,0,0.7526054157763921,1.4563729123969824,1
3391,27,98385.0,self_employed,,16272.0,487275,24,0,0.4127280581389439,0.16539106571123646,0
3392,52,113706.0,salaried,743.0,12984.0,269276,12,0,0.1973481317315416,0.1141892248430162,0
3393,52,99590.0,contract,763.0,927.0,237573,36,0,0.1987925494527563,0.009308163470227934,0
3394,45,121399.0,salaried,750.0,16087.0,220823,24,1,0.15158211078070385,0.13251344739248264,1
3395,53,74145.0,salaried,669.0,26241.0,298685,18,0,0.3356991930226808,0.35391462674489177,1
3396,27,72520.0,salaried,553.0,41037.0,342596,12,0,0.3936799043941901,0.5658714837286266,1
3397,32,19544.0,self_employed,631.0,37351.0,303473,36,0,1.2939734274798744,1.911123618501842,1
3398,36,69812.0,self_employed,814.0,27817.0,407215,6,0,0.48608524799938885,0.39845585286197216,1
3399,36,134090.0,salaried,593.0,17445.0,400460,18,0,0.24887513361672509,0.13009918711313298,0
3400,56,,salaried,545.0,39478.0,335078,24,0,0.2448240891741339,0.3461342872674347,1
3401,33,147689.0,contract,849.0,,466189,12,0,0.26304655954968437,0.10350127633066782,0
3402,27,115834.0,salaried,,3361.0,39072,36,0,0.02810919073847057,0.029015660341523215,1
3403,56,149405.0,salaried,733.0,31277.0,45268,12,0,0.025249043427819237,0.20934373012951374,1
3404,29,,salaried,,28842.0,406075,18,0,0.6152427790504588,0.5243809316024872,1
3405,52,,self_employed,536.0,21121.0,385492,6,0,0.2191545631712636,0.1440890144150413,1
3406,31,127850.0,salaried,574.0,5701.0,48459,6,0,0.0315858427845131,0.044591317950723505,1
3407,28,145011.0,salaried,,49443.0,148578,18,0,0.08538317782788891,0.34096034093965283,0
3408,53,136548.0,contract,518.0,16964.0,248081,24,0,0.15140036226577222,0.12423470135044087,0
3409,43,46786.0,salaried,687.0,29093.0,457098,12,1,0.8141644936519472,0.6218313170606592,1
3410,45,,salaried,638.0,4200.0,477971,24,0,0.7772796164754248,0.08196081492467411,1
3411,28,82261.0,salaried,642.0,31285.0,289990,36,0,0.29377023538898545,0.38031387899490643,1
3412,42,33477.0,contract,607.0,30101.0,189225,24,1,0.4710323505690474,0.8991546434865729,1
3413,24,23496.0,self_employed,720.0,879.0,382546,18,0,1.3567770400635568,0.03741062308478039,1
3414,60,135522.0,salaried,644.0,1482.0,333452,6,1,0.2050417398405179,0.010935493868154247,0
3415,23,35724.0,self_employed,845.0,31594.0,412589,18,0,0.9624458813869294,0.8843914455268167,1
3416,49,45416.0,salaried,504.0,10487.0,156526,18,0,0.2872078856203394,0.2309098115201691,0
3417,49,50575.0,contract,555.0,7070.0,241317,12,0,0.397622343054869,0.1397923875432526,1
3418,54,91614.0,salaried,754.0,6452.0,269510,18,1,0.2451499406931983,0.0704259174361997,0
3419,54,108566.0,self_employed,721.0,28020.0,116236,36,0,0.08922068910463067,0.2580918519610191,1
3420,48,142192.0,salaried,547.0,5980.0,54895,12,0,0.032171875586062035,0.042055811860020255,0
3421,33,34359.0,salaried,803.0,49466.0,49678,12,0,0.12048759665104727,1.4396810151634216,1
3422,35,58634.0,self_employed,662.0,8800.0,248962,24,0,0.35383622699002854,0.15008356926015623,1
3423,43,132255.0,salaried,735.0,36693.0,131023,18,0,0.08255705518379898,0.2774413065668595,0
3424,46,57864.0,self_employed,747.0,43952.0,265400,24,0,0.3822180745656482,0.7595741739250657,1
3425,24,109482.0,self_employed,599.0,18970.0,336896,24,1,0.25643180309700836,0.1732704919530151,1
3426,46,52355.0,salaried,520.0,2119.0,76183,12,0,0.1212603062426384,0.04047368923694012,1
3427,60,52690.0,salaried,601.0,24953.0,289906,24,0,0.45850888846713483,0.4735813247295502,0
3428,29,71630.0,contract,504.0,24709.0,433797,24,0,0.5046733212341198,0.34495323188608124,1
3429,25,36658.0,salaried,696.0,3245.0,24426,12,0,0.05552676087075127,0.08852092312728463,0
3430,52,30797.0,salaried,648.0,26392.0,245655,12,0,0.6647157190635451,0.8569665876546417,1
3431,40,73799.0,self_employed,844.0,37256.0,87010,6,0,0.09825110548020073,0.5048306887627204,1
3432,31,133301.0,contract,829.0,35903.0,295195,18,0,0.1845416263443885,0.2693378144199968,0
3433,35,67236.0,salaried,710.0,31715.0,419205,6,1,0.5195691296329348,0.471696710095782,1
3434,52,21265.0,salaried,659.0,6546.0,256864,12,0,1.0065992632651461,0.3078297672231366,1
3435,48,140611.0,self_employed,645.0,1136.0,212935,36,1,0.12619626724319813,0.008079026534197183,1
3436,42,136754.0,salaried,557.0,22592.0,29240,24,0,0.0178178822313546,0.16520174912616817,1
3437,37,,salaried,739.0,18135.0,477272,24,0,0.37371193755911775,0.1704000902035217,0
3438,46,124681.0,contract,578.0,4961.0,331711,12,0,0.22170646155655901,0.03978954291351529,0
3439,27,58826.0,salaried,651.0,39312.0,147277,24,1,0.20863365405319642,0.6682759324108387,1
3440,46,70597.0,salaried,504.0,41249.0,377475,6,0,0.4455748827853875,0.5842882842047112,0
3441,45,112375.0,salaried,680.0,40355.0,58275,24,0,0.0432146829810901,0.35911012235817574,1
3442,30,32084.0,salaried,700.0,14220.0,136854,36,0,0.35545754893404813,0.44321156962972197,0
3443,39,104447.0,salaried,632.0,25914.0,25782,18,0,0.02057024136643465,0.24810669526171167,0
3444,31,19383.0,salaried,621.0,15448.0,459887,6,0,1.977192213107706,0.7969870505081773,1
3445,33,107313.0,self_employed,668.0,47862.0,235370,18,1,0.18277530836587055,0.4460037460512706,1
3446,28,,self_employed,845.0,43851.0,176309,18,0,0.29765233011216685,0.8883734122080185,1
3447,60,95294.0,salaried,807.0,14996.0,32646,36,0,0.02854849203517535,0.15736562637731652,1
3448,24,76331.0,salaried,597.0,39268.0,486045,36,0,0.5306330324507736,0.5144436729507016,1
3449,51,110057.0,self_employed,781.0,37741.0,69440,36,1,0.05257881521999207,0.3429223038970715,1
3450,48,136685.0,salaried,767.0,17135.0,120904,36,0,0.07371206301593689,0.12536123202984967,0
3451,31,111917.0,salaried,825.0,36357.0,496861,6,0,0.369962412621258,0.32485681353145635,0
3452,21,45932.0,self_employed,839.0,748.0,427548,36,0,0.7756901506574937,0.016284942959157014,1
3453,58,16908.0,salaried,518.0,49516.0,182231,6,0,0.8981497910259443,2.928554530399811,1
3454,44,45412.0,salaried,631.0,16650.0,77918,24,0,0.1429834992219384,0.3666431780146217,0
3455,51,143319.0,contract,595.0,45461.0,446700,18,0,0.2597352758531667,0.3172014875906195,0
3456,46,98710.0,salaried,709.0,20205.0,105332,24,0,0.08892378347347449,0.20469050754736096,0
3457,25,17928.0,salaried,504.0,20618.0,90859,24,1,0.4223328499181913,1.1500446229361891,1
3458,40,80158.0,salaried,627.0,42148.0,179670,12,0,0.18678734499363756,0.525811522243569,1
3459,31,47309.0,salaried,553.0,22297.0,333689,24,0,0.5877828038357747,0.4713056712253482,0
3460,53,24280.0,self_employed,697.0,39577.0,368144,24,1,1.2635365183964855,1.6300247116968698,1
3461,58,55449.0,self_employed,705.0,35945.0,424470,12,0,0.637928546953056,0.6482533499251565,1
3462,47,41957.0,salaried,679.0,27406.0,332308,24,0,0.6600170015333159,0.6531925542817647,1
3463,54,85499.0,salaried,740.0,45926.0,182624,12,0,0.1779981832146185,0.5371524813155709,1
3464,35,108057.0,contract,773.0,17086.0,140936,6,1,0.1086895496512643,0.15812025134882515,0
3465,52,125065.0,salaried,819.0,9890.0,55128,18,0,0.03673289889257586,0.07907887898292888,0
3466,41,89893.0,salaried,,48010.0,112245,36,0,0.10405426451447833,0.5340794055154462,1
3467,25,40176.0,salaried,522.0,,218554,24,0,0.45332619806186114,0.820589406610912,1
3468,26,71967.0,salaried,619.0,28374.0,285656,6,0,0.330771974191875,0.3942640376839385,1
3469,58,15987.0,salaried,614.0,16195.0,93654,18,1,0.4881778945393132,1.0130105710890098,1
3470,42,,salaried,581.0,47323.0,402431,6,0,0.29981866242303956,0.42307829849625406,1
3471,38,41015.0,self_employed,695.0,13144.0,349031,12,0,0.7091531553496688,0.32046812141899306,1
3472,34,127350.0,self_employed,679.0,36309.0,461594,6,0,0.30205077869388824,0.2851118963486455,0
3473,30,81404.0,salaried,674.0,14040.0,395265,24,0,0.40463306471426463,0.17247309714510342,1
3474,33,131751.0,salaried,697.0,7155.0,276849,24,0,0.17510872782749276,0.05430698818225289,0
3475,51,143807.0,salaried,525.0,10201.0,170531,36,0,0.09881936669749503,0.07093535085218383,0
3476,50,63231.0,salaried,598.0,3505.0,40288,36,0,0.05309631878877977,0.05543167117394949,0
3477,23,43305.0,salaried,732.0,16109.0,404692,24,0,0.7787630373705885,0.371989377670015,1
3478,50,69306.0,salaried,690.0,36927.0,292683,6,0,0.3519211900845526,0.5328110120335902,1
3479,26,136139.0,salaried,565.0,7080.0,233519,24,1,0.14294152789918146,0.052005670674825,0
3480,49,33318.0,salaried,745.0,13407.0,161917,6,0,0.404978790243512,0.40239510174680354,1
3481,28,36584.0,contract,603.0,28313.0,329014,24,0,0.7494487571980465,0.7739175595888913,1
3482,53,,salaried,690.0,23067.0,96702,18,0,0.26711193609334083,0.7645927939275415,1
3483,37,40968.0,salaried,640.0,6653.0,33467,6,0,0.06807548981318753,0.1623950400312439,0
3484,31,137684.0,salaried,678.0,45306.0,494545,12,0,0.29932369290065175,0.3290578425960896,1
3485,33,130391.0,salaried,760.0,26305.0,66436,12,0,0.042459474452480106,0.20173938385318005,1
3486,31,40444.0,self_employed,674.0,45094.0,173103,36,0,0.3566721887053704,1.1149737909207793,1
3487,51,121081.0,salaried,663.0,16452.0,473256,18,0,0.3257158431132878,0.1358759838455249,0
3488,48,77497.0,self_employed,518.0,,246369,12,1,0.26492315831580576,0.4792443578461102,1
3489,26,20362.0,salaried,519.0,11383.0,329087,24,0,1.3468184199325541,0.5590315293193203,1
3490,36,114254.0,self_employed,786.0,3018.0,219887,12,0,0.1603787759436577,0.026414830115357012,0
3491,24,,salaried,738.0,2653.0,43116,24,0,0.04310530988314898,0.03182810662955587,0
3492,55,51368.0,salaried,543.0,46171.0,204240,18,0,0.3313346830711727,0.8988280641644604,1
3493,46,59109.0,salaried,695.0,24916.0,426234,36,0,0.6009152582517044,0.4215263327073711,1
3494,32,42426.0,salaried,694.0,8612.0,428956,12,0,0.8425572369144707,0.20298873332390516,1
3495,31,132632.0,salaried,844.0,18659.0,391934,36,0,0.24625404628345096,0.14068248989685747,0
3496,57,127637.0,salaried,548.0,34686.0,433536,18,0,0.283052719822622,0.2717550553522881,0
3497,45,54023.0,self_employed,558.0,33240.0,447028,6,0,0.6895643213692934,0.6152934861077689,1
3498,38,137268.0,salaried,631.0,43095.0,231090,18,0,0.14029125506308826,0.31394789754349156,0
3499,39,124211.0,salaried,666.0,3421.0,416655,18,0,0.27953442126703754,0.027541844120085982,0
3500,43,109897.0,salaried,634.0,15999.0,36696,18,0,0.02782605530633229,0.14558177202289416,0
3501,58,94777.0,salaried,588.0,22313.0,35948,6,0,0.031607527846066734,0.2354263165113899,1
3502,38,59858.0,salaried,,47293.0,260018,6,0,0.3619928274694555,0.7900865381402653,1
3503,46,105042.0,salaried,762.0,45922.0,480642,18,0,0.38130938100950096,0.4371775099484016,0
3504,26,98098.0,salaried,615.0,14471.0,492511,6,0,0.4183834872610383,0.14751574955656588,0
3505,24,35239.0,self_employed,695.0,48452.0,343106,24,0,0.8113784916333229,1.374953886319135,1
3506,49,125951.0,self_employed,607.0,34855.0,368285,18,0,0.24366949580921682,0.2767346031393161,1
3507,54,56291.0,salaried,546.0,40585.0,294336,12,0,0.4357357304009522,0.7209855927235259,1
3508,37,53805.0,salaried,,27934.0,43362,24,0,0.06715918594926122,0.5191710807545767,1
3509,36,113831.0,salaried,808.0,,45071,18,0,0.03299555188539736,0.21583751350686545,1
3510,22,24290.0,salaried,729.0,41215.0,406004,12,0,1.3929051735968163,1.696788801976122,1
3511,54,146283.0,salaried,744.0,20253.0,467207,12,0,0.2661547593819286,0.13845081109903407,0
3512,28,98634.0,salaried,815.0,31666.0,410742,36,0,0.34702536650647847,0.3210454812742056,0
3513,33,34072.0,salaried,749.0,26019.0,281935,36,0,0.6895569186820067,0.7636475698520779,1
3514,28,58290.0,salaried,576.0,7996.0,467163,12,0,0.6678718476582605,0.13717618802539028,1
3515,50,100186.0,salaried,561.0,,480780,18,0,0.39990617451540134,0.41420957019942906,0
3516,52,30115.0,salaried,558.0,30437.0,177740,18,0,0.4918368476396037,1.0106923460069732,1
3517,56,20149.0,salaried,737.0,19771.0,101226,18,0,0.4186560127053452,0.9812397637599881,1
3518,50,56992.0,salaried,688.0,131.0,278883,18,0,0.4077809166198765,0.0022985682201010667,1
3519,21,32716.0,self_employed,555.0,19299.0,262627,12,0,0.6689565757835106,0.5898948526714757,1
3520,59,112724.0,self_employed,577.0,13028.0,115118,6,0,0.08510314277941403,0.1155743231255101,0
3521,37,28621.0,salaried,,36142.0,416123,6,0,1.2115899747271817,1.262779078299151,1
3522,40,,salaried,,34799.0,118275,18,0,0.07696287041736619,0.27172920001561707,1
3523,44,45399.0,salaried,637.0,34693.0,88679,36,0,0.16277708025874285,0.7641798277495099,1
3524,42,134374.0,salaried,523.0,34769.0,356599,12,0,0.2211483124215498,0.25874797207793176,0
3525,49,58098.0,contract,528.0,4377.0,147073,6,0,0.21095533982810652,0.07533822162552928,0
3526,42,60511.0,salaried,634.0,23019.0,369454,12,0,0.5087972985627958,0.3804101733569103,1
3527,29,68243.0,self_employed,850.0,26903.0,27574,36,0,0.033671341138773694,0.39422358337118824,1
3528,57,130131.0,salaried,849.0,11763.0,259035,12,0,0.16588091999600402,0.0903935265232727,1
3529,30,43750.0,self_employed,780.0,5494.0,422522,36,0,0.8048038095238095,0.12557714285714286,1
3530,56,70398.0,self_employed,791.0,11563.0,218285,36,0,0.25839394111575137,0.16425182533594704,0
3531,57,59345.0,self_employed,,28557.0,54811,24,0,0.07696660768949926,0.4812031342151824,1
3532,48,108430.0,salaried,570.0,29580.0,407188,36,0,0.31294229764210396,0.2728027298718067,0
3533,48,129921.0,self_employed,705.0,33433.0,420897,24,0,0.26996982781844353,0.257333302545393,1
3534,41,106729.0,salaried,741.0,29994.0,182786,36,0,0.14271816157433,0.2810295233722793,0
3535,44,66843.0,contract,805.0,23082.0,219722,36,0,0.2739279605443602,0.34531663749382885,0
3536,60,146458.0,salaried,683.0,18030.0,269926,12,0,0.1535855558134983,0.12310696581955237,1
3537,22,,salaried,627.0,12758.0,281263,24,0,0.2954418450265124,0.1608137746741624,0
3538,28,82170.0,contract,729.0,4507.0,197493,6,0,0.20028903492758915,0.05484970183765364,1
3539,47,55878.0,self_employed,540.0,1163.0,155925,6,1,0.23253785031676152,0.020813200186119762,1
3540,42,105352.0,self_employed,780.0,2925.0,112955,12,0,0.08934729921279773,0.02776406712734452,0
3541,57,33383.0,salaried,661.0,23217.0,257471,6,0,0.6427198474273332,0.6954737441212593,1
3542,47,57889.0,contract,811.0,31668.0,309606,6,0,0.4456891637444074,0.5470469346507972,0
3543,49,29633.0,self_employed,839.0,,82165,36,0,0.23106277910887638,0.8117639118550265,1
3544,23,77244.0,salaried,,14395.0,405130,18,0,0.43706738818980545,0.18635751644140644,0
3545,33,144177.0,contract,823.0,13494.0,247713,18,0,0.14317644284455913,0.0935932915791007,0
3546,30,98597.0,salaried,520.0,29090.0,288743,6,0,0.24404309123671783,0.29503940282158686,0
3547,56,30115.0,salaried,846.0,37820.0,180518,12,0,0.4995240467098345,1.2558525651668604,1
3548,29,90379.0,salaried,509.0,38681.0,153413,12,0,0.14145339809764068,0.42798658980515386,1
3549,47,54979.0,salaried,,12190.0,337615,24,0,0.5117332678537866,0.22172102075337857,1
3550,54,,self_employed,532.0,45963.0,327156,12,0,0.3231093781480735,0.5447337544591535,1
3551,21,21416.0,salaried,838.0,8924.0,496245,12,0,1.9309745050429585,0.4166977960403437,1
3552,52,143785.0,salaried,702.0,14212.0,211997,36,0,0.12286689617600352,0.09884202107313002,0
3553,45,146666.0,salaried,503.0,31970.0,135938,36,0,0.07723785108114128,0.21797826353756153,1
3554,49,145364.0,salaried,522.0,40079.0,309361,6,1,0.17734847234069875,0.2757147574365042,1
3555,27,112507.0,salaried,696.0,12948.0,108392,12,0,0.08028537483593613,0.11508617241593856,1
3556,23,133243.0,salaried,808.0,32794.0,27408,18,0,0.017141613443107707,0.24612174748392035,0
3557,40,118070.0,salaried,773.0,24295.0,317985,12,1,0.22443254001863303,0.20576776488523757,1
3558,40,51126.0,self_employed,772.0,19054.0,434970,12,0,0.7089836873606384,0.37268708680514806,1
3559,50,95382.0,self_employed,606.0,5627.0,276041,6,0,0.24117146491651115,0.05899435952276111,1
3560,55,33228.0,salaried,699.0,33651.0,189385,18,1,0.4749633842943702,1.0127302275189598,1
3561,55,39009.0,salaried,842.0,5910.0,142960,6,0,0.305399608637323,0.15150349919249403,1
3562,59,15094.0,salaried,714.0,49278.0,129031,12,0,0.7123746742635043,3.2647409566715253,1
3563,47,95636.0,salaried,501.0,17863.0,217523,18,0,0.18954072385573076,0.1867811284453553,1
3564,46,113453.0,contract,620.0,,364325,12,0,0.2676034716284864,0.4096321824896653,1
3565,34,69486.0,salaried,602.0,24894.0,451498,6,0,0.5414735822084065,0.3582592176841378,0
3566,37,105510.0,salaried,648.0,18872.0,329956,6,0,0.26060405016902033,0.17886456260070135,1
3567,38,35860.0,salaried,651.0,33108.0,400151,36,0,0.929891708496003,0.9232571109871723,1
3568,49,87812.0,contract,552.0,45749.0,148329,18,1,0.14076379082585525,0.5209880198606113,1
3569,40,81087.0,salaried,665.0,12406.0,339446,36,0,0.3488495895355195,0.15299616461331655,0
3570,47,64607.0,salaried,805.0,4873.0,90439,18,0,0.11665273628760557,0.07542526351633724,1
3571,38,121664.0,salaried,666.0,15025.0,411039,24,0,0.281539732377696,0.12349585744345082,0
3572,24,33330.0,salaried,815.0,28671.0,327747,18,0,0.8194494449444945,0.8602160216021603,1
3573,21,135803.0,self_employed,794.0,,333958,12,0,0.20492797164520174,0.33460232837271636,1
3574,21,58336.0,salaried,570.0,31229.0,260562,18,0,0.3722144130554032,0.5353298134942402,1
3575,46,23070.0,self_employed,627.0,6101.0,403790,36,0,1.4585681259933536,0.264456003467707,1
3576,40,16320.0,salaried,532.0,34373.0,190081,6,0,0.9705933415032679,2.106188725490196,1
3577,43,104043.0,salaried,656.0,21661.0,239929,6,0,0.1921713458217596,0.2081927664523322,1
3578,30,53921.0,salaried,829.0,16182.0,54740,18,0,0.08459907395387078,0.3001057102056713,1
3579,31,21589.0,self_employed,765.0,38604.0,448158,24,0,1.729885589883737,1.7881328454305434,1
3580,25,107995.0,salaried,703.0,35176.0,201551,6,1,0.15552494714261464,0.32571878327700354,1
3581,21,30589.0,salaried,694.0,2839.0,303418,6,0,0.8265988863098935,0.09281114125993004,1
3582,37,51375.0,salaried,608.0,33876.0,179533,6,0,0.291213300892133,0.6593868613138686,1
3583,42,58085.0,self_employed,658.0,4454.0,387170,24,0,0.5554646925482769,0.07668072652147714,1
3584,54,75840.0,self_employed,782.0,27780.0,344986,36,0,0.3790721694796062,0.3662974683544304,1
3585,49,113704.0,self_employed,,14214.0,240306,18,1,0.17611957362977557,0.12500879476535567,0
3586,24,112047.0,salaried,726.0,23938.0,291175,24,0,0.21655718879874813,0.21364248931252064,1
3587,25,45982.0,salaried,751.0,,256624,18,0,0.46508053876154437,0.16123700578487235,1
3588,31,74720.0,salaried,764.0,27788.0,326940,12,0,0.3646279443254818,0.3718950749464668,1
3589,41,43514.0,salaried,761.0,45502.0,113425,18,0,0.2172193623508143,1.0456864457416004,1
3590,55,149923.0,self_employed,633.0,34693.0,375904,6,0,0.20894281286616018,0.23140545480013072,1
3591,32,91034.0,self_employed,525.0,15457.0,338022,24,0,0.3094283454533471,0.1697937034514577,1
3592,46,113388.0,self_employed,542.0,38862.0,299075,24,0,0.21980206606225233,0.34273468091861575,0
3593,39,59845.0,salaried,518.0,24017.0,327266,36,0,0.455713370651962,0.4013200768652352,1
3594,27,125853.0,self_employed,515.0,25654.0,228466,12,0,0.15127834325231287,0.2038409890904468,1
3595,27,123417.0,contract,604.0,1976.0,344265,36,1,0.23245379485808276,0.01601076026803439,1
3596,46,128436.0,salaried,778.0,28136.0,476154,36,0,0.30894375408763897,0.21906630539724065,1
3597,60,36159.0,salaried,702.0,10921.0,342114,12,0,0.788448242484582,0.30202715783069223,1
3598,25,104788.0,salaried,707.0,29312.0,238721,6,0,0.18984441602728047,0.2797266862617857,0
3599,41,39003.0,salaried,,31709.0,320464,24,1,0.6846994675623242,0.8129887444555547,1
3600,34,120722.0,self_employed,558.0,3444.0,220484,18,1,0.15219816327319516,0.028528354401020528,0
3601,24,50139.0,salaried,547.0,33526.0,238873,12,0,0.39701795674691026,0.6686611220806159,1
3602,43,67452.0,salaried,647.0,19478.0,340813,36,0,0.42105620787127634,0.2887683093162545,1
3603,40,37205.0,salaried,776.0,4379.0,187631,18,0,0.4202638534247189,0.11769923397392823,1
3604,35,71955.0,salaried,,16496.0,104791,12,0,0.12136173071132421,0.22925439510805365,0
3605,49,22464.0,salaried,788.0,28868.0,387990,12,0,1.4393028846153846,1.2850783475783476,1
3606,28,24840.0,contract,613.0,5283.0,20574,6,1,0.06902173913043479,0.21268115942028987,1
3607,39,55768.0,salaried,795.0,13180.0,414317,6,0,0.6191080308898771,0.2363362501793143,1
3608,59,,self_employed,717.0,17205.0,299903,24,1,0.6956304914595337,0.4788877445932029,1
3609,48,113622.0,self_employed,765.0,30126.0,276762,24,0,0.20298445723539454,0.26514231398848814,1
3610,47,30329.0,salaried,661.0,47113.0,115038,18,1,0.31608361634079596,1.5533977381384154,1
3611,24,30791.0,contract,828.0,10637.0,320146,24,0,0.8664490706158726,0.3454580884024553,0
3612,35,67627.0,salaried,535.0,43159.0,105868,12,0,0.1304557844253528,0.6381918464518609,1
3613,55,143885.0,salaried,574.0,45246.0,281451,12,1,0.16300691524481356,0.3144594641554019,1
3614,57,124554.0,salaried,634.0,33044.0,361496,12,0,0.24186029085109,0.26529858535253786,0
3615,21,145436.0,salaried,771.0,47596.0,223482,12,0,0.12805288924337854,0.3272642261888391,0
3616,23,102073.0,salaried,678.0,25842.0,461497,6,0,0.3767703832877777,0.25317174963016664,1
3617,44,49370.0,self_employed,658.0,23015.0,296463,12,0,0.5004101681182904,0.4661737897508608,1
3618,47,66408.0,salaried,742.0,24395.0,498940,12,0,0.6261042846243424,0.367350319238646,1
3619,60,105941.0,salaried,800.0,16659.0,393270,12,0,0.30934671184904805,0.15724790213420678,0
3620,56,50416.0,self_employed,703.0,27487.0,106384,36,0,0.17584364751930603,0.5452039035226912,1
3621,54,87439.0,self_employed,782.0,25906.0,189685,18,0,0.18077840932917044,0.296275117510493,0
3622,49,33242.0,salaried,777.0,10535.0,449715,18,0,1.1273765116418988,0.3169183562962517,1
3623,44,94324.0,salaried,642.0,26964.0,43909,12,1,0.038792707405679715,0.2858657393664391,1
3624,44,50249.0,salaried,507.0,33360.0,171853,12,0,0.2850023549390701,0.6638938088320165,1
3625,24,115124.0,salaried,615.0,15552.0,468158,18,0,0.338879527002768,0.135089121295299,1
3626,23,,salaried,,3995.0,261090,24,0,0.1977073848921844,0.03630201092240729,0
3627,54,100078.0,contract,771.0,23477.0,456530,36,1,0.380145153446978,0.23458702212274427,1
3628,43,47294.0,salaried,675.0,30977.0,285894,36,0,0.5037531187888528,0.6549879477312133,1
3629,43,149756.0,salaried,713.0,37840.0,465502,24,0,0.2590335835180783,0.25267768904083976,0
3630,25,104627.0,self_employed,714.0,26110.0,229732,12,0,0.18297698809421406,0.24955317461076013,0
3631,51,105381.0,salaried,556.0,29926.0,139294,18,0,0.11015110250740962,0.2839790854138792,0
3632,26,105027.0,salaried,728.0,12301.0,113177,36,0,0.08979992446386802,0.11712226379883268,0
3633,57,85366.0,salaried,799.0,23083.0,168342,24,0,0.1643335754281564,0.2704003935993253,0
3634,30,109176.0,self_employed,826.0,13295.0,163071,24,0,0.12447103759067928,0.12177584817175936,0
3635,60,134667.0,self_employed,536.0,42023.0,212200,6,0,0.13131155615951445,0.3120512077940401,0
3636,27,87870.0,self_employed,783.0,35873.0,313250,24,1,0.29707712150525395,0.40825082508250826,1
3637,59,62387.0,salaried,,23274.0,106810,6,0,0.14267128301302087,0.37305848974946704,0
3638,58,24304.0,self_employed,723.0,44864.0,125306,6,0,0.42964806890498136,1.8459512837393022,1
3639,41,32032.0,salaried,801.0,44265.0,305129,36,0,0.7938129578754579,1.3818993506493507,1
3640,40,106291.0,salaried,700.0,38673.0,402799,12,1,0.31579892308223023,0.3638407767355656,1
3641,23,127889.0,salaried,599.0,3361.0,25527,12,0,0.01663356504468719,0.02628060271016272,0
3642,42,74486.0,salaried,781.0,28080.0,142582,24,0,0.15951767222475813,0.37698359423247324,1
3643,24,80552.0,salaried,574.0,11087.0,206120,18,0,0.21323699804681034,0.13763779918561922,0
3644,48,54244.0,salaried,711.0,28626.0,170913,18,0,0.26256821030897426,0.5277265688371064,0
3645,32,65697.0,salaried,690.0,28388.0,437157,6,0,0.5545116215352299,0.4321049667412515,1
3646,58,141031.0,salaried,562.0,10107.0,318210,24,0,0.18802603682878233,0.07166509490821167,0
3647,56,17693.0,self_employed,611.0,19382.0,490342,24,0,2.309491512650954,1.095461481942011,1
3648,25,96098.0,self_employed,642.0,17725.0,469870,12,0,0.40745731787688955,0.18444712689129847,1
3649,33,21259.0,salaried,598.0,,196404,18,0,0.7698856954701538,1.6289101086598616,1
3650,43,134746.0,salaried,764.0,2455.0,460163,36,0,0.28458667913456925,0.01821946477075386,1
3651,50,122772.0,salaried,724.0,3792.0,247030,24,0,0.16767531141736985,0.030886521356661128,1
3652,57,132928.0,salaried,574.0,27439.0,467644,24,0,0.2931687329481624,0.20642001685122774,1
3653,45,62419.0,self_employed,777.0,27727.0,128556,12,0,0.17163043304122141,0.44420769317034875,0
3654,47,117092.0,salaried,697.0,44838.0,70678,36,0,0.05030090299365741,0.3829296621460048,0
3655,34,71105.0,salaried,683.0,38632.0,198372,36,0,0.23248716686590254,0.5433091906335701,1
3656,56,38404.0,salaried,,16197.0,393350,36,0,0.8535352220254835,0.42175294240183314,1
3657,59,87656.0,self_employed,556.0,23375.0,328393,36,0,0.312198632533236,0.2666674272154787,1
3658,36,115965.0,salaried,748.0,22280.0,87692,18,0,0.0630161399272769,0.19212693485103263,0
3659,42,71332.0,self_employed,613.0,1308.0,96151,6,0,0.11232803416886297,0.01833679134189424,0
3660,41,118182.0,salaried,639.0,40899.0,280221,36,0,0.19759142678242034,0.3460679291262629,0
3661,41,126395.0,self_employed,540.0,16315.0,284938,6,0,0.18786212534778537,0.12907947308042247,1
3662,28,117619.0,contract,,40857.0,122547,6,0,0.08682483272260434,0.3473673471122863,1
3663,36,123269.0,salaried,731.0,24181.0,68128,12,1,0.04605645647594556,0.1961644857993494,0
3664,51,88844.0,self_employed,604.0,9893.0,481794,36,0,0.4519100895952456,0.11135248300391698,1
3665,30,,self_employed,605.0,12697.0,370759,18,0,0.2207166822637987,0.0907038711843581,1
3666,52,49142.0,self_employed,799.0,3213.0,354572,12,1,0.6012711462021625,0.06538195433641285,1
3667,54,124699.0,self_employed,629.0,42978.0,155163,12,0,0.10369168958852917,0.3446539266553862,0
3668,29,111226.0,salaried,660.0,8438.0,145958,6,0,0.10935542648901037,0.07586355708197723,0
3669,37,22393.0,salaried,756.0,34992.0,432834,24,0,1.6107488947438933,1.5626311793864154,1
3670,31,117281.0,contract,728.0,2858.0,249811,18,0,0.17750175504415322,0.024368823594614644,1
3671,52,24388.0,salaried,849.0,17751.0,182593,36,0,0.623916817013832,0.7278579629325898,1
3672,30,77969.0,contract,681.0,28935.0,111569,36,1,0.1192450418328652,0.3711090305121266,1
3673,42,51660.0,salaried,513.0,12455.0,186212,18,0,0.3003806942831333,0.2410956252419667,1
3674,37,104244.0,salaried,599.0,37912.0,292540,36,0,0.23385838353606284,0.3636852001074402,1
3675,24,94544.0,self_employed,724.0,49854.0,445073,24,0,0.3922979424042421,0.5273100355390082,1
3676,45,146183.0,self_employed,730.0,10115.0,380559,24,1,0.21694212049280695,0.06919409233631818,1
3677,41,130370.0,salaried,552.0,17717.0,186874,36,1,0.1194510495768454,0.13589782925519675,1
3678,57,32545.0,salaried,505.0,32522.0,320486,12,0,0.8206227275055052,0.9992932862190813,1
3679,58,148451.0,self_employed,589.0,30747.0,91424,36,0,0.051321086868169746,0.2071188472964143,0
3680,21,102346.0,contract,563.0,3365.0,94824,36,0,0.07720868426709397,0.03287866648427882,0
3681,45,32809.0,salaried,587.0,41623.0,208398,18,0,0.5293212228351977,1.2686457984089732,1
3682,56,42967.0,salaried,532.0,34852.0,483801,24,0,0.9383189424442013,0.8111341261898667,1
3683,37,38424.0,salaried,571.0,29317.0,125664,12,0,0.27253799708515514,0.7629866749947949,1
3684,44,123411.0,contract,543.0,4973.0,308016,18,1,0.2079879427279578,0.040296245877596,1
3685,22,85069.0,salaried,752.0,45427.0,496093,18,0,0.4859711920127583,0.5340018102951721,1
3686,60,104119.0,salaried,606.0,45791.0,303359,12,1,0.24279830450414108,0.43979485012341646,1
3687,35,52049.0,salaried,789.0,46701.0,287112,12,1,0.4596822225210859,0.8972506676401084,1
3688,52,42821.0,salaried,501.0,36194.0,114198,18,0,0.22223908829779782,0.8452394852992691,1
3689,59,110797.0,salaried,635.0,16863.0,323197,36,0,0.2430849511569206,0.15219726165870917,0
3690,26,92734.0,salaried,616.0,27533.0,432366,12,0,0.38853602777837687,0.29690296978454506,1
3691,21,112445.0,self_employed,620.0,20114.0,151739,6,1,0.11245423688618139,0.17887856285295034,1
3692,43,18830.0,salaried,787.0,23526.0,142611,12,0,0.6311338289962826,1.2493892724375997,1
3693,59,101940.0,salaried,811.0,16010.0,184354,18,0,0.15070466287358578,0.15705316853050813,0
3694,37,78867.0,salaried,593.0,12204.0,275195,6,1,0.29077962476912605,0.1547415268743581,1
3695,54,47419.0,contract,506.0,25275.0,145956,18,0,0.2565005588477193,0.5330141926232101,1
3696,49,31668.0,self_employed,587.0,35415.0,450273,24,0,1.1848790577238852,1.1183213338385751,1
3697,29,39996.0,salaried,681.0,21750.0,259669,24,0,0.5410311864519786,0.5438043804380438,0
3698,33,66312.0,salaried,690.0,,213445,36,0,0.26823325089476013,0.5711786705272047,1
3699,26,149137.0,salaried,707.0,34489.0,244207,12,1,0.1364556302817767,0.23125716622970827,0
3700,26,25467.0,self_employed,790.0,3159.0,184651,18,0,0.6042165678459706,0.12404287901990811,0
3701,40,43702.0,salaried,777.0,16717.0,199408,6,0,0.3802419416350129,0.3825225390142328,1
3702,23,109369.0,salaried,814.0,8855.0,304235,12,0,0.23181081171690943,0.0809644414779325,0
3703,37,90569.0,self_employed,551.0,25354.0,206073,36,0,0.1896095794366726,0.2799412602546125,0
3704,32,68952.0,salaried,766.0,,304600,18,0,0.36813048690876743,0.017736976447383687,0
3705,21,49169.0,salaried,743.0,3454.0,201744,18,0,0.34192275620817997,0.070247513677317,0
3706,37,31829.0,salaried,681.0,44459.0,156821,24,0,0.4105820687632871,1.3968079424424267,1
3707,23,19522.0,salaried,710.0,46414.0,168934,36,0,0.7211265922207424,2.377522794795615,1
3708,46,100687.0,salaried,697.0,31721.0,408887,18,0,0.3384142606956873,0.31504563647740025,1
3709,35,135334.0,salaried,769.0,27073.0,461423,24,0,0.2841260634184068,0.20004581258220402,0
3710,56,133576.0,contract,532.0,41900.0,398833,24,0,0.24881777664650337,0.3136791040306642,0
3711,52,132419.0,salaried,601.0,35401.0,238810,6,1,0.1502868420191463,0.2673407894637477,1
3712,52,22699.0,salaried,832.0,23199.0,438823,36,0,1.6110217777581979,1.0220274020881976,1
3713,24,83165.0,salaried,781.0,32272.0,71290,36,0,0.07143429728050663,0.38804785667047437,1
3714,38,90692.0,salaried,736.0,33784.0,212857,18,0,0.19558597597730046,0.37251356238698013,0
3715,39,32441.0,self_employed,715.0,45560.0,88605,6,0,0.22760549921395765,1.4043956721432755,1
3716,55,45716.0,self_employed,820.0,37301.0,331646,12,0,0.604540350570187,0.8159287776708374,1
3717,60,77175.0,contract,801.0,44681.0,409329,18,1,0.4419922254616132,0.5789569160997733,1
3718,34,21834.0,salaried,626.0,5.0,169761,24,0,0.6479229641842997,0.00022900064120179536,1
3719,53,33179.0,salaried,593.0,43226.0,371272,12,0,0.93249746325487,1.302812019650984,1
3720,34,41219.0,salaried,573.0,36755.0,370934,12,0,0.7499251963091454,0.8917004294136199,1
3721,54,118153.0,salaried,627.0,30208.0,467159,18,0,0.32948733139798964,0.25566849762595956,1
3722,24,89967.0,salaried,573.0,23103.0,132943,6,0,0.12314052189506523,0.25679415785788123,1
3723,44,117454.0,self_employed,,8704.0,447248,36,0,0.3173213910694116,0.0741056073015819,0
3724,49,24496.0,salaried,601.0,11452.0,345225,6,1,1.1744264369693012,0.46750489875898105,1
3725,39,61025.0,contract,546.0,33742.0,398389,18,0,0.5440243069780145,0.5529209340434248,1
3726,26,74886.0,salaried,664.0,13558.0,270720,36,0,0.30125791202627994,0.181048527094517,1
3727,53,18712.0,salaried,755.0,11008.0,75540,12,0,0.33641513467293716,0.5882855921333904,1
3728,60,109067.0,salaried,782.0,41936.0,389425,24,1,0.2975426419845905,0.38449760239119074,0
3729,39,60489.0,salaried,747.0,620.0,26734,6,0,0.03683038789421768,0.010249797483840037,0
3730,21,47664.0,self_employed,703.0,32315.0,50632,36,0,0.08852243482152848,0.6779749916079221,1
3731,25,20315.0,salaried,585.0,45610.0,367970,6,0,1.5094347362375913,2.2451390598080234,1
3732,47,90033.0,self_employed,823.0,7595.0,362319,36,0,0.3353575911054835,0.08435795763775504,0
3733,36,132862.0,salaried,663.0,12837.0,273817,24,1,0.1717427355702408,0.09661904833586729,1
3734,26,94030.0,self_employed,556.0,44801.0,328758,18,0,0.29135914069977664,0.47645432308837604,1
3735,60,78910.0,self_employed,705.0,8785.0,130702,18,0,0.13802855573860517,0.11132936256494741,1
3736,33,136075.0,salaried,647.0,42379.0,72585,36,0,0.044451589197133934,0.31143854492008083,1
3737,55,70919.0,salaried,800.0,,292643,36,0,0.3438700019270811,0.08251667395197337,1
3738,39,142153.0,salaried,778.0,10134.0,217273,18,0,0.12737039199547906,0.07128938538054068,0
3739,32,56598.0,salaried,789.0,8814.0,493618,12,0,0.7267895214200737,0.15572988444821373,0
3740,36,83206.0,salaried,520.0,12040.0,143440,12,0,0.14365951173392943,0.14470110328582073,1
3741,30,89900.0,salaried,636.0,23687.0,89193,12,0,0.08267797552836485,0.26348164627363735,0
3742,45,41296.0,salaried,509.0,4529.0,461557,24,0,0.9313997320160144,0.1096716388996513,0
3743,40,90577.0,contract,807.0,36687.0,499284,36,1,0.45935502390231514,0.40503659869503295,1
3744,51,92173.0,salaried,544.0,41277.0,82341,6,0,0.0744442515704165,0.44782094539615724,1
3745,24,79771.0,contract,748.0,1524.0,394973,6,0,0.41261130820306463,0.01910468716701558,0
3746,43,92865.0,salaried,529.0,48476.0,361632,36,0,0.32451407957788186,0.5220050611102137,1
3747,22,114074.0,salaried,724.0,39994.0,181258,18,0,0.13241258598219868,0.3505969809071305,1
3748,42,51622.0,salaried,676.0,31497.0,354583,36,0,0.5724029160693761,0.6101468366200458,1
3749,57,50886.0,salaried,595.0,49085.0,385747,12,1,0.6317176302584863,0.9646071611052156,1
3750,28,71377.0,self_employed,516.0,17276.0,332838,12,0,0.3885915631085644,0.2420387519789288,0
3751,27,97910.0,contract,527.0,8819.0,429431,6,0,0.3654980764647806,0.09007251557552855,0
3752,34,133992.0,salaried,625.0,21707.0,244034,36,0,0.151771498795948,0.1620022090871097,0
3753,23,31312.0,contract,800.0,45213.0,250093,6,0,0.6655941279168796,1.4439512008175779,1
3754,36,16436.0,self_employed,772.0,35789.0,137827,18,0,0.6988064817068225,2.177476271598929,1
3755,39,42569.0,contract,686.0,30915.0,153992,24,0,0.3014556758830761,0.7262327045502596,1
3756,38,131787.0,salaried,641.0,552.0,446638,24,0,0.2824241642448294,0.004188577022012793,0
3757,36,105485.0,contract,637.0,14182.0,242315,18,0,0.1914292711443965,0.1344456557804427,1
3758,28,117555.0,self_employed,836.0,44550.0,157400,12,0,0.11157897721633846,0.3789715452341457,1
3759,53,47646.0,salaried,728.0,13149.0,472335,12,0,0.8261186668345716,0.27597279939554215,1
3760,32,91126.0,salaried,713.0,31603.0,47798,12,0,0.04371053998492929,0.34680552202444964,0
3761,31,132922.0,salaried,773.0,30312.0,273650,6,0,0.17156051418626464,0.22804351424143482,1
3762,25,55430.0,salaried,790.0,15155.0,141421,6,0,0.21261200312706718,0.2734079018581995,1
3763,47,137238.0,self_employed,557.0,10277.0,148474,24,0,0.09015603064263056,0.07488450720645885,0
3764,32,83659.0,self_employed,517.0,33443.0,56579,12,0,0.056358750004980536,0.39975376229694354,0
3765,37,130341.0,self_employed,679.0,40528.0,477462,12,0,0.3052646519514197,0.31093823125493897,1
3766,26,19158.0,salaried,657.0,14676.0,380316,18,0,1.6542958555172773,0.7660507359849671,1
3767,53,89236.0,salaried,755.0,9785.0,99973,24,0,0.09336011624605914,0.10965305482092429,0
3768,25,91067.0,salaried,536.0,20781.0,267509,6,0,0.24479138070504866,0.22819462593475134,1
3769,48,24879.0,self_employed,795.0,27258.0,342698,24,1,1.1478824175676943,1.0956228144218014,1
3770,34,127284.0,salaried,761.0,11970.0,68515,12,1,0.044857038852749234,0.09404167059489017,0
3771,25,99117.0,salaried,578.0,3264.0,271577,12,0,0.22833032342248724,0.03293077877659736,0
3772,53,58888.0,salaried,653.0,37761.0,157183,6,1,0.22243213105103474,0.6412342073087895,1
3773,39,45276.0,salaried,846.0,8807.0,30919,6,1,0.05690836940836941,0.19451806696704657,1
3774,42,,salaried,657.0,30319.0,276488,24,0,1.1637288078522485,1.5313399666649832,1
3775,25,127529.0,salaried,574.0,4227.0,103001,36,1,0.06730560630653942,0.03314540222223965,0
3776,22,,contract,554.0,26207.0,75926,12,0,0.04528688573480397,0.1875773907939848,1
3777,50,105141.0,salaried,705.0,30290.0,360055,12,0,0.2853747190280988,0.2880893276647549,0
3778,59,130013.0,self_employed,714.0,32211.0,47617,36,1,0.030520665882129736,0.24775214786213687,1
3779,24,46668.0,salaried,,21673.0,353043,24,0,0.6304159166880946,0.4644081597668638,1
3780,53,87392.0,self_employed,605.0,9136.0,213602,18,0,0.20368187782253144,0.10454046136946174,1
3781,33,31490.0,salaried,817.0,4980.0,489285,18,1,1.2948158145442998,0.15814544299777708,1
3782,40,132219.0,self_employed,744.0,24198.0,154273,12,0,0.09723325190277746,0.18301454405191386,0
3783,27,59104.0,self_employed,806.0,46344.0,289142,18,0,0.40767404349395414,0.7841093665403357,1
3784,35,20316.0,salaried,602.0,46362.0,177735,24,0,0.7290436109470368,2.2820437093916124,1
3785,43,53130.0,contract,774.0,38434.0,58099,18,0,0.09112710960537047,0.7233954451345755,0
3786,34,122294.0,salaried,824.0,32599.0,143959,6,0,0.09809625438151777,0.2665625459957152,1
3787,43,44954.0,self_employed,837.0,7371.0,391399,24,1,0.725554641040471,0.16396761133603238,1
3788,39,128437.0,salaried,532.0,2396.0,429890,36,0,0.2789240379849005,0.018655060457656282,1
3789,49,149116.0,contract,607.0,44866.0,420176,12,0,0.23481495390613125,0.30087985192735855,0
3790,40,78165.0,self_employed,768.0,2090.0,58506,24,0,0.062374464274291566,0.026738309985287534,1
3791,49,81775.0,salaried,572.0,18913.0,278754,18,0,0.2840660348517273,0.23128095383674718,0
3792,44,,salaried,845.0,23928.0,351103,24,0,0.2916787125373422,0.23853814636480544,0
3793,38,68149.0,self_employed,680.0,36941.0,412313,36,0,0.5041807901314277,0.5420622459610559,0
3794,30,149078.0,self_employed,767.0,9251.0,359038,24,0,0.20069918655558389,0.06205476327828385,0
3795,28,87561.0,contract,651.0,32126.0,416715,36,1,0.3965949452381768,0.3668985050421992,1
3796,46,105710.0,salaried,567.0,39727.0,175629,36,1,0.1384518966985148,0.37581118153438653,1
3797,49,107199.0,salaried,847.0,13485.0,196926,24,0,0.15308445041464938,0.12579408390003638,0
3798,30,42326.0,salaried,696.0,,304096,12,0,0.5987178881381027,0.7476964513537778,1
3799,37,132272.0,salaried,794.0,41606.0,233835,12,0,0.14731953852667232,0.31454880851578565,0
3800,22,46139.0,salaried,531.0,,364977,18,1,0.6591982921172977,0.20687487808578425,1
3801,26,88638.0,salaried,607.0,27275.0,302967,24,1,0.2848355107290327,0.30771226787608025,1
3802,25,87652.0,salaried,578.0,13366.0,369731,24,0,0.35151413164179557,0.15248938985990051,0
3803,48,27937.0,salaried,758.0,8955.0,314845,6,0,0.9391517819856582,0.32054264953287753,1
3804,25,45161.0,salaried,674.0,28647.0,347580,12,0,0.6413719802484444,0.6343305064103983,1
3805,38,100856.0,self_employed,514.0,2326.0,371960,36,0,0.3073358716057217,0.023062584278575396,1
3806,46,85043.0,salaried,550.0,49610.0,302518,6,1,0.2964363126104833,0.5833519513657797,1
3807,40,74919.0,salaried,606.0,35340.0,346685,24,0,0.38562202734508827,0.47170944620189803,1
3808,47,97055.0,salaried,709.0,48843.0,193008,6,0,0.1657204677760033,0.503250734119829,1
3809,32,,salaried,701.0,46534.0,211742,12,0,0.17565244802813865,0.46323229306654723,1
3810,27,53135.0,contract,,38708.0,439884,24,0,0.6898842570810201,0.728484050061165,1
3811,23,99677.0,salaried,717.0,48702.0,414416,12,0,0.3464657510425341,0.48859817209586964,1
3812,30,44696.0,self_employed,540.0,4169.0,371453,6,0,0.6925545164369667,0.09327456595668517,1
3813,54,149845.0,salaried,758.0,46534.0,431248,18,0,0.23983004660371274,0.31054756581801196,0
3814,45,39956.0,self_employed,702.0,9010.0,85657,36,0,0.1786485967898021,0.2254980478526379,1
3815,55,30819.0,salaried,,6073.0,352050,36,0,0.9519290048346799,0.19705376553424836,0
3816,36,16528.0,salaried,598.0,25094.0,127455,18,0,0.6426216118102613,1.5182720232333011,1
3817,22,142781.0,self_employed,648.0,23857.0,215460,18,0,0.12575202582976727,0.1670880579348793,1
3818,44,101491.0,salaried,604.0,20375.0,154887,18,0,0.12717630134691746,0.20075671734439507,0
3819,30,59588.0,self_employed,702.0,24918.0,319319,12,0,0.4465650242778188,0.4181714439148822,0
3820,58,114152.0,salaried,594.0,6808.0,460737,24,1,0.3363475891793398,0.05963977854089284,1
3821,42,142872.0,self_employed,676.0,22571.0,215320,18,1,0.12559027194505104,0.15798057002071786,1
3822,46,25119.0,contract,564.0,7608.0,299880,12,0,0.9948644452406545,0.3028782992953541,1
3823,59,90893.0,contract,540.0,13408.0,107142,6,0,0.09823088686697545,0.14751410999746956,1
3824,47,31167.0,salaried,723.0,,479439,6,1,1.2819087496390413,0.7280777745692559,1
3825,49,125782.0,salaried,566.0,27369.0,412939,18,1,0.2735811430358345,0.2175907522538996,1
3826,58,145775.0,contract,754.0,44134.0,309049,6,0,0.1766700966100726,0.30275424455496486,1
3827,40,49889.0,self_employed,797.0,48508.0,164628,18,0,0.27499047886307604,0.9723185471747279,1
3828,47,,salaried,568.0,14782.0,426660,6,0,0.5859619631497412,0.24361383038333498,0
3829,40,75262.0,salaried,670.0,5126.0,332151,6,0,0.3677719167707475,0.06810874013446361,0
3830,39,95291.0,salaried,600.0,49595.0,329918,24,0,0.28851797826307485,0.5204583853669287,1
3831,40,81008.0,contract,639.0,3704.0,427319,24,0,0.4395851850023043,0.04572387912304957,0
3832,55,,salaried,705.0,18284.0,151093,6,0,0.3077601518706818,0.4469104419241298,1
3833,22,21473.0,salaried,819.0,42477.0,167045,24,0,0.6482753535447616,1.9781586177990966,1
3834,50,114500.0,self_employed,806.0,28708.0,60085,18,0,0.04372998544395924,0.25072489082969435,1
3835,54,53785.0,contract,572.0,17940.0,431604,36,0,0.6687180440643302,0.33355024635121316,0
3836,42,115956.0,self_employed,559.0,24673.0,419928,18,0,0.301786884680396,0.21277898513229157,1
3837,23,134006.0,salaried,835.0,,338109,24,0,0.21025737653537901,0.0824813814306822,0
3838,26,25832.0,salaried,655.0,17428.0,425360,12,0,1.3721998554764117,0.6746670795912048,1
3839,35,97747.0,contract,,13543.0,48462,6,0,0.04131584601061925,0.1385515668000041,1
3840,47,95107.0,self_employed,513.0,8659.0,315881,24,0,0.2767768583455126,0.09104482319913361,1
3841,30,80428.0,self_employed,763.0,8545.0,220386,24,0,0.22834709305217088,0.10624409409658328,1
3842,29,101843.0,self_employed,526.0,49223.0,273094,24,0,0.22345996615705874,0.4833223687440472,1
3843,53,26002.0,salaried,744.0,9567.0,312828,18,0,1.0025767248673179,0.3679332359049304,1
3844,52,82501.0,self_employed,549.0,1075.0,290680,6,0,0.29361260267552314,0.013030145089150435,0
3845,26,,salaried,686.0,9437.0,373985,36,1,0.6553414220427847,0.19843973420809152,1
3846,56,82963.0,salaried,556.0,9215.0,271340,24,0,0.27255121761106355,0.11107361112785218,1
3847,22,21563.0,self_employed,758.0,42780.0,279930,12,0,1.0818299865510366,1.983953995269675,1
3848,49,20840.0,salaried,654.0,,109997,6,0,0.4398472488803583,1.538771593090211,1
3849,24,30154.0,salaried,533.0,21670.0,23331,36,0,0.06447734960535915,0.71864429263116,1
3850,21,39194.0,salaried,525.0,45772.0,89831,12,0,0.19099649606232247,1.1678318109914783,1
3851,39,38528.0,salaried,749.0,4462.0,337444,36,0,0.7298674557032115,0.11581187707641195,1
3852,46,19352.0,self_employed,585.0,36489.0,370507,36,0,1.5954724748518672,1.885541546093427,1
3853,45,15184.0,self_employed,,3107.0,363642,6,1,1.9957521074815596,0.2046232876712329,1
3854,30,29319.0,salaried,699.0,21086.0,392247,18,0,1.1148828404788704,0.7191923326170743,1
3855,35,135497.0,salaried,605.0,18959.0,498443,12,0,0.30655229759084457,0.1399219170904153,0
3856,42,71333.0,salaried,774.0,49900.0,206090,24,1,0.2407604708433217,0.6995359791400895,1
3857,41,,salaried,,18083.0,100609,36,0,0.1491697061352786,0.3217329419090828,0
3858,42,25426.0,self_employed,757.0,4715.0,462907,12,0,1.517170743857993,0.18544010068433886,1
3859,56,22504.0,salaried,719.0,48723.0,74423,6,0,0.27559174665244696,2.1650817632420902,1
3860,54,131775.0,self_employed,514.0,41214.0,330143,12,0,0.2087794852336685,0.31276038702333525,0
3861,50,48368.0,salaried,520.0,11169.0,423701,24,0,0.7299953826221193,0.2309171352960635,1
3862,45,118841.0,salaried,833.0,17219.0,272932,24,0,0.19138456705457993,0.14489107294620543,0
3863,48,131744.0,salaried,558.0,1850.0,390700,6,0,0.24713332928507814,0.014042385231965023,1
3864,21,23724.0,salaried,581.0,3649.0,164337,12,0,0.5772529927499579,0.15381048727027483,1
3865,24,97297.0,self_employed,617.0,23128.0,277590,18,1,0.23775142090711943,0.23770517076579956,0
3866,27,140099.0,salaried,612.0,18917.0,87024,18,1,0.05176339588433893,0.1350259459382294,1
3867,29,93872.0,salaried,794.0,35074.0,184125,36,0,0.16345395858189876,0.3736364411113005,0
3868,56,85333.0,contract,775.0,45308.0,25733,36,0,0.02512998097648819,0.5309551990437462,0
3869,39,17596.0,salaried,756.0,493.0,337778,12,1,1.5996912177009925,0.028017731302568766,1
3870,21,32167.0,salaried,828.0,22084.0,463605,36,0,1.2010367768209655,0.686542108371934,1
3871,30,102844.0,contract,764.0,39701.0,133584,24,1,0.10824160864999417,0.3860312706623624,1
3872,56,104751.0,salaried,734.0,12623.0,364176,6,1,0.2897156113068133,0.12050481618313906,1
3873,29,144817.0,self_employed,550.0,,253809,36,0,0.14605156853131884,0.1958333621052777,1
3874,52,95520.0,salaried,665.0,10292.0,274041,18,0,0.23907820351758793,0.10774706867671692,0
3875,52,73326.0,salaried,730.0,12207.0,157998,24,0,0.179561137931975,0.1664757384829392,1
3876,26,92670.0,salaried,720.0,4040.0,63766,18,0,0.0573414625373188,0.04359555411675839,0
3877,58,39022.0,salaried,770.0,34544.0,135741,36,0,0.2898813489826252,0.8852442212085491,1
3878,37,99458.0,salaried,583.0,1867.0,283707,36,0,0.23771089304027831,0.018771742846226548,0
3879,30,,salaried,729.0,35502.0,101363,24,0,0.08549856944275747,0.3593465322482692,0
3880,47,125704.0,self_employed,796.0,31785.0,394147,18,0,0.2612930641294894,0.25285591548399416,0
3881,55,149598.0,self_employed,721.0,,361571,6,1,0.20141256344781794,0.022266340459097048,1
3882,41,59361.0,salaried,653.0,49361.0,307076,6,0,0.431085505073477,0.8315392260912047,1
3883,45,53286.0,salaried,553.0,32209.0,269486,24,0,0.42144590824356615,0.6044552039935442,1
3884,48,44533.0,salaried,,44073.0,106474,36,0,0.1992417607916227,0.989670581366627,1
3885,35,142441.0,self_employed,697.0,24490.0,487414,24,0,0.2851554912794303,0.17193083452095956,0
3886,24,112079.0,salaried,772.0,37876.0,235906,18,1,0.17540157686393823,0.3379402028926025,1
3887,49,115960.0,salaried,697.0,46432.0,428802,6,1,0.3081536736805795,0.40041393583994483,1
3888,29,73465.0,salaried,627.0,13181.0,296170,36,0,0.3359536287120851,0.1794187708432587,1
3889,47,38395.0,contract,591.0,40890.0,186460,18,0,0.40469679211702914,1.0649824195858837,0
3890,46,119162.0,salaried,508.0,12261.0,424670,6,0,0.2969836581012963,0.10289353988687669,0
3891,39,145704.0,salaried,726.0,31435.0,141857,6,0,0.08113309632313916,0.2157456212595399,0
3892,48,90937.0,salaried,545.0,30090.0,225941,12,0,0.20704901928441302,0.33088841725590246,1
3893,37,144647.0,self_employed,633.0,31568.0,57171,36,0,0.03293708130828846,0.2182416503626069,0
3894,40,135650.0,self_employed,515.0,4770.0,41043,24,1,0.025213785477331368,0.03516402506450424,1
3895,60,145744.0,self_employed,714.0,36968.0,37422,12,0,0.021397107256559446,0.2536502360302997,0
3896,59,106512.0,self_employed,611.0,9339.0,174023,6,0,0.13615289044113965,0.08768026137899955,1
3897,43,82009.0,salaried,842.0,44741.0,48443,36,1,0.04922528828136749,0.5455620724554622,1
3898,52,47548.0,salaried,656.0,31842.0,424958,36,0,0.7447877232831385,0.6696811642971313,1
3899,53,,self_employed,817.0,47109.0,49791,12,0,0.12433699919091426,1.4116748074675616,1
3900,25,120977.0,salaried,795.0,25866.0,409729,18,0,0.28223615508182,0.21380923646643576,0
3901,54,29281.0,salaried,697.0,,364118,18,0,1.0362749450724589,1.5313001605136436,1
3902,60,115020.0,self_employed,557.0,35468.0,77265,24,0,0.05597939488784559,0.30836376282385675,0
3903,31,122508.0,self_employed,577.0,48045.0,45877,36,1,0.031206805541951002,0.39217846997747086,1
3904,23,81846.0,contract,741.0,25249.0,131004,12,0,0.13338464921926546,0.30849400092857315,1
3905,53,109682.0,contract,598.0,29890.0,453396,6,0,0.34447767181488304,0.27251508907569155,0
3906,31,44312.0,salaried,505.0,43935.0,163175,18,0,0.30686759041944994,0.9914921465968587,1
3907,36,129186.0,contract,778.0,43331.0,387573,12,0,0.2500096759710805,0.3354156023098478,0
3908,38,19257.0,salaried,817.0,5184.0,89003,24,0,0.385154316179398,0.2692008100950304,1
3909,50,41558.0,self_employed,,37064.0,283638,24,0,0.5687593243178208,0.8918619760334954,1
3910,30,58188.0,salaried,772.0,24432.0,319045,36,0,0.456916947366009,0.4198803877088059,1
3911,38,48236.0,salaried,583.0,15366.0,220311,24,0,0.38061302761423005,0.3185587527987395,1
3912,58,60076.0,contract,611.0,31962.0,106785,24,0,0.14812487515813302,0.5320261002729876,1
3913,39,63402.0,salaried,697.0,42447.0,461483,18,0,0.6065568383752352,0.6694899214535819,1
3914,56,109467.0,self_employed,527.0,9159.0,69334,18,0,0.05278150797348364,0.0836690509468607,1
3915,33,95337.0,salaried,640.0,3012.0,316148,24,0,0.2763425182947509,0.03159319047169514,1
3916,23,130827.0,salaried,672.0,18736.0,425643,36,0,0.271123315523554,0.14321202809817546,0
3917,30,89264.0,salaried,519.0,4409.0,192652,18,0,0.17985227340622573,0.049392812331959135,0
3918,58,32335.0,salaried,616.0,23005.0,68606,18,0,0.17681047368692335,0.7114581722591619,0
3919,21,58773.0,salaried,553.0,35611.0,341032,24,1,0.48354403098928644,0.6059074745206132,1
3920,47,43570.0,salaried,,32154.0,253503,36,0,0.48485770025246727,0.7379848519623594,0
3921,28,102995.0,self_employed,608.0,49649.0,85770,24,1,0.06939657264915773,0.48205252682169036,1
3922,37,,salaried,730.0,46613.0,20072,6,0,0.030052583036879993,0.8374896690502713,1
3923,29,135640.0,salaried,819.0,32349.0,376823,6,0,0.23150926472033814,0.23849159539958714,0
3924,26,87613.0,contract,807.0,11620.0,304295,36,0,0.28943098246455057,0.13262871948226862,1
3925,45,73194.0,salaried,728.0,34673.0,480541,6,0,0.5471088249492218,0.4737136923791568,0
3926,59,126872.0,salaried,798.0,32477.0,77971,36,0,0.05121369043865733,0.2559824074657923,0
3927,48,123558.0,self_employed,,15372.0,450007,6,0,0.30350591085428164,0.12441120769193416,0
3928,53,83582.0,self_employed,773.0,14741.0,274545,12,0,0.2737281950659233,0.17636572467756215,0
3929,57,64456.0,self_employed,727.0,,211082,18,1,0.27290192793016427,0.47576641429812583,1
3930,29,70491.0,contract,839.0,34308.0,490756,24,0,0.5801638979917058,0.4867004298421075,1
3931,38,23043.0,salaried,809.0,23573.0,30531,36,0,0.11041314065008896,1.0230004773683983,1
3932,41,118212.0,contract,815.0,18382.0,444564,6,0,0.313394579230535,0.15550028761885426,0
3933,22,83340.0,contract,570.0,,132548,12,0,0.13253739700823933,0.37933765298776095,1
3934,58,46174.0,self_employed,727.0,17716.0,359231,6,0,0.6483284243658047,0.3836791267813055,1
3935,60,97632.0,salaried,612.0,19750.0,448244,12,0,0.3825965530427182,0.2022902327105867,1
3936,56,103768.0,self_employed,792.0,,319174,24,0,0.2563201886259091,0.0940945185413615,1
3937,57,140775.0,salaried,804.0,14366.0,51792,18,1,0.03065885277925768,0.10204936956135678,1
3938,35,123177.0,self_employed,790.0,7229.0,420604,18,0,0.28455258151548857,0.05868790439773659,0
3939,48,40909.0,salaried,604.0,5340.0,468913,12,0,0.9551952708043054,0.13053362340805202,1
3940,38,59158.0,self_employed,790.0,40294.0,60224,6,0,0.08483496174087472,0.6811251225531627,1
3941,54,139296.0,salaried,,28240.0,329103,18,0,0.1968846915920055,0.2027337468412589,0
3942,42,74331.0,salaried,664.0,3454.0,45544,6,0,0.051059898741216095,0.04646782634432471,1
3943,31,102367.0,self_employed,559.0,,390667,36,0,0.3180281080165809,0.03727763830140573,0
3944,33,80382.0,salaried,811.0,5637.0,454354,6,0,0.47103621872226786,0.07012764051653356,1
3945,24,89319.0,self_employed,605.0,46696.0,173770,36,0,0.16212489317315837,0.522800300048142,0
3946,42,26170.0,salaried,610.0,34128.0,124421,36,0,0.3961947522608585,1.304088651127245,1
3947,27,,self_employed,588.0,5974.0,480803,18,0,0.29689753887802084,0.04426759143991938,0
3948,44,95145.0,salaried,767.0,49715.0,368495,36,0,0.32274861176800324,0.5225182616007147,1
3949,24,120626.0,salaried,729.0,39069.0,470754,6,0,0.3252159567589077,0.3238853978412614,0
3950,48,31208.0,salaried,826.0,22540.0,198119,24,0,0.5290283474322823,0.7222507049474494,1
3951,35,29990.0,self_employed,570.0,13497.0,392175,6,0,1.0897382460820273,0.45005001667222405,1
3952,21,144327.0,self_employed,618.0,49885.0,383388,12,0,0.22136537169067466,0.3456387231772295,0
3953,23,94314.0,salaried,850.0,25328.0,358689,12,0,0.3169280276523104,0.2685497381088704,1
3954,34,41862.0,salaried,,45203.0,154700,6,0,0.307956300861561,1.0798098514165593,1
3955,58,108949.0,salaried,602.0,46981.0,453618,12,0,0.34696509375946544,0.4312201121625715,0
3956,21,145223.0,contract,,29692.0,193263,24,0,0.11090013289905869,0.20445797153343478,1
3957,58,18956.0,self_employed,522.0,19358.0,253074,12,0,1.11255011605824,1.0212070056974045,1
3958,58,103789.0,salaried,,39482.0,316871,18,0,0.25441922233248865,0.3804064014490938,1
3959,41,,salaried,,3986.0,316438,24,0,0.25246128168551124,0.03816143454825708,1
3960,49,132782.0,salaried,763.0,43675.0,44223,18,0,0.027754138362127395,0.32892259493003567,1
3961,25,17365.0,self_employed,784.0,1785.0,178720,18,0,0.857663883290143,0.10279297437374028,1
3962,30,87204.0,salaried,670.0,16268.0,378384,24,0,0.36158891793954406,0.18655107563873216,1
3963,48,72072.0,self_employed,808.0,14845.0,223537,18,0,0.25846491471491473,0.20597458097458096,1
3964,41,67499.0,salaried,720.0,19017.0,215046,12,0,0.2654928221158832,0.2817375072223292,1
3965,27,84211.0,salaried,523.0,39848.0,23519,6,0,0.023273879501094472,0.4731923382930971,0
3966,23,100220.0,salaried,701.0,40582.0,103615,24,0,0.08615628949644116,0.40492915585711436,0
3967,40,108847.0,self_employed,623.0,14033.0,42280,6,0,0.03236959524225136,0.12892408610251085,0
3968,39,124459.0,contract,641.0,42765.0,372054,24,0,0.2491141661109281,0.3436071316658498,1
3969,55,92755.0,salaried,551.0,11555.0,468834,24,1,0.4212117945124252,0.12457549458250229,1
3970,24,,salaried,569.0,28935.0,197911,18,0,0.19684880385440165,0.3453564565604001,0
3971,25,142851.0,salaried,759.0,23819.0,327223,6,0,0.1908882915298691,0.16674016982730258,0
3972,21,21472.0,self_employed,685.0,49063.0,151448,12,0,0.5877732240437158,2.284975782414307,1
3973,24,118152.0,self_employed,706.0,27631.0,151850,6,0,0.1071007402893448,0.23385977385063308,0
3974,32,22008.0,salaried,,41175.0,123579,24,0,0.46793211559432935,1.8709105779716466,1
3975,47,102851.0,salaried,803.0,36713.0,187183,12,0,0.1516619511072652,0.3569532624865096,0
3976,43,95799.0,self_employed,538.0,28902.0,231036,18,0,0.2009728702804831,0.3016941721729872,0
3977,45,31238.0,self_employed,847.0,,173448,12,0,0.4627056789807286,0.055221204942698,0
3978,41,32153.0,salaried,565.0,42160.0,416811,12,0,1.080280222685286,1.311230678319286,1
3979,44,74353.0,salaried,512.0,15037.0,492813,6,0,0.5523348082794238,0.2022379729129961,0
3980,45,67092.0,self_employed,693.0,17924.0,493208,24,1,0.6126016017806395,0.26715554760627197,1
3981,52,64104.0,salaried,815.0,38610.0,432099,24,0,0.5617161175589667,0.6023025084238113,1
3982,52,43887.0,salaried,787.0,,264313,24,0,0.5018817265553202,1.1316335133410804,1
3983,25,19355.0,salaried,632.0,40039.0,360867,36,0,1.5537199690002583,2.0686644277964352,1
3984,56,48701.0,salaried,694.0,46952.0,495722,18,0,0.8482406247647207,0.9640869797334757,1
3985,59,86442.0,salaried,821.0,10544.0,93025,6,1,0.08967959248204962,0.12197774230119618,1
3986,36,27279.0,contract,577.0,28408.0,406078,24,0,1.2405085719173479,1.0413871476227134,1
3987,53,135738.0,salaried,749.0,8173.0,203223,12,0,0.12476425172022573,0.060211584081097405,0
3988,41,106414.0,salaried,731.0,46992.0,445393,36,0,0.34878947632203783,0.44159603059747776,1
3989,29,43390.0,salaried,679.0,38856.0,379106,18,0,0.7280978720135208,0.8955058769301683,1
3990,26,,salaried,676.0,45406.0,223352,24,0,0.1915395750578001,0.46726490625064315,1
3991,55,19787.0,self_employed,528.0,33570.0,225409,36,1,0.9493143646501913,1.6965684540354777,1
3992,59,58724.0,contract,665.0,45506.0,210592,18,0,0.2988443112412869,0.774913153054969,1
3993,42,25663.0,salaried,825.0,5388.0,489444,12,0,1.5893309433815221,0.20995207107508865,1
3994,25,148107.0,contract,725.0,23923.0,78150,36,1,0.043971588108597165,0.16152511360030247,1
3995,43,,salaried,635.0,31781.0,104403,6,0,0.07547648584639675,0.27570681264151436,0
3996,37,82388.0,salaried,686.0,48973.0,66686,18,0,0.067451166027415,0.5944190901587609,1
3997,32,67335.0,salaried,554.0,33669.0,337091,36,0,0.41718150540828197,0.5000222766763199,1
3998,43,58315.0,salaried,501.0,6876.0,444442,36,1,0.6351167509788791,0.11791134356512047,1
3999,36,,salaried,818.0,20542.0,345570,18,0,0.24013525458214507,0.17129467487200015,0
4000,23,61627.0,salaried,516.0,18172.0,273669,36,0,0.3700610122186704,0.29487075470167295,1
4001,50,64334.0,salaried,558.0,20984.0,399531,36,1,0.5175218391519258,0.3261727857742407,1
4002,42,80700.0,salaried,587.0,31664.0,60252,18,0,0.062218091697645604,0.392366790582404,1
4003,29,54726.0,salaried,722.0,43272.0,429039,12,0,0.6533137813836202,0.7907027738186603,1
4004,49,45694.0,salaried,771.0,1699.0,45927,6,0,0.0837582614785311,0.037182124567776954,0
4005,57,78545.0,self_employed,557.0,11342.0,281002,18,0,0.2981327052432788,0.14440129861862627,0
4006,43,21033.0,self_employed,,5749.0,216716,24,0,0.858634843658378,0.2733323824466315,1
4007,33,77461.0,salaried,549.0,35761.0,176173,36,0,0.18952870907080122,0.46166457959489293,1
4008,52,17665.0,salaried,712.0,10734.0,87034,6,0,0.41057646947825266,0.6076422303990943,1
4009,43,42025.0,self_employed,729.0,1594.0,402929,6,0,0.7989867142573864,0.037929803688280785,1
4010,37,92661.0,salaried,653.0,19825.0,258517,18,0,0.23249353377724538,0.21395193231240758,1
4011,60,135473.0,self_employed,,15238.0,116647,24,0,0.07175292001604255,0.11247997756010422,0
4012,41,35998.0,salaried,545.0,45819.0,198848,24,0,0.4603218697335037,1.2728207122617923,1
4013,22,76248.0,salaried,805.0,28248.0,70819,12,0,0.07739984436750254,0.37047529115517785,1
4014,57,119493.0,salaried,617.0,40676.0,72336,24,0,0.05044646966767928,0.3404048772731457,1
4015,26,38057.0,contract,675.0,2902.0,273213,18,0,0.598253934887143,0.07625403999264262,1
4016,38,94244.0,contract,567.0,47434.0,471165,6,0,0.41661803403930225,0.5033105555791351,1
4017,50,112031.0,contract,750.0,48567.0,472184,6,0,0.3512301654601554,0.433513938106417,1
4018,42,127713.0,salaried,729.0,7405.0,385365,24,0,0.25145247547234817,0.05798156804710562,1
4019,53,120887.0,self_employed,699.0,39815.0,330917,36,0,0.22811730514171638,0.32935716826457767,0
4020,50,82173.0,salaried,645.0,18723.0,224036,12,0,0.22719952620284847,0.22784856339673615,1
4021,37,53734.0,self_employed,550.0,4521.0,108781,24,0,0.16870293172541284,0.08413667324226747,0
4022,52,77072.0,salaried,685.0,,204626,18,1,0.2212498270015916,0.561838281087814,1
4023,34,109194.0,self_employed,819.0,37696.0,49581,12,0,0.037838617506456396,0.34522043335714414,0
4024,30,128272.0,contract,698.0,49651.0,381505,24,0,0.2478489719762172,0.3870759012099289,0
4025,56,82902.0,salaried,644.0,20011.0,108232,12,0,0.1087951235595442,0.24138139007502835,1
4026,54,137247.0,salaried,558.0,9036.0,430968,36,0,0.2616742078151071,0.06583750464491027,0
4027,29,,salaried,694.0,44623.0,44486,18,0,0.051517762429531634,0.6201170110757515,1
4028,48,111623.0,salaried,642.0,48813.0,493619,24,0,0.3685164945097934,0.43730234808238444,1
4029,31,146438.0,salaried,722.0,9252.0,140426,6,0,0.07991209021337813,0.06318032204755596,0
4030,34,63415.0,self_employed,,,259239,18,0,0.34066466924229283,0.6682961444453205,1
4031,59,139716.0,salaried,525.0,31115.0,335929,36,0,0.20036419116875184,0.22270176644049358,1
4032,39,136209.0,salaried,513.0,13878.0,363285,36,1,0.22225954232099202,0.10188754047089399,1
4033,35,24907.0,salaried,621.0,10139.0,117620,6,0,0.3935306005005286,0.40707431645722086,1
4034,48,110825.0,salaried,764.0,27987.0,203962,18,0,0.15336641852770885,0.2525332731784345,0
4035,44,47780.0,salaried,506.0,4590.0,307647,24,1,0.5365686479698618,0.0960652992884052,1
4036,28,50085.0,salaried,718.0,36242.0,220233,6,0,0.36643206548866925,0.7236098632325048,1
4037,29,35426.0,salaried,719.0,2973.0,133329,24,0,0.3136326426918083,0.0839214136509908,1
4038,53,22485.0,salaried,682.0,37813.0,172656,12,0,0.6398932621747832,1.6816989103847009,1
4039,53,64527.0,self_employed,607.0,17422.0,465104,24,0,0.6006581224397023,0.2699955057572799,1
4040,39,139604.0,salaried,846.0,46109.0,454880,12,0,0.27152994661088986,0.3302842325434801,0
4041,23,106005.0,contract,623.0,15388.0,280286,24,1,0.2203402355234816,0.14516296401113155,1
4042,30,73528.0,self_employed,669.0,18171.0,339770,12,0,0.38508006020382257,0.24713034490262212,1
4043,60,135631.0,salaried,756.0,14495.0,163093,18,0,0.10020631959753547,0.10687084810994536,0
4044,21,42799.0,salaried,508.0,47773.0,236675,36,0,0.4608265769449442,1.1162176686371177,1
4045,49,109817.0,salaried,779.0,28943.0,397802,18,0,0.30186734901396567,0.2635566442354098,0
4046,54,,self_employed,624.0,41379.0,278024,6,0,0.31625261625261625,0.5648239148239148,1
4047,33,27943.0,salaried,661.0,14335.0,233480,18,0,0.6962984170155913,0.5130086247002827,1
4048,21,136401.0,self_employed,535.0,20968.0,424514,18,1,0.2593541591826062,0.15372321317292395,0
4049,54,42371.0,salaried,503.0,22703.0,174917,36,0,0.34401870776395804,0.5358145901678034,1
4050,49,113746.0,salaried,586.0,36070.0,80197,18,0,0.05875444704282642,0.3171100522216166,1
4051,33,116248.0,salaried,763.0,33563.0,128585,6,1,0.09217721308466956,0.2887189457022917,1
4052,49,40727.0,salaried,590.0,38205.0,487113,18,0,0.9967036609620153,0.9380754781840057,1
4053,59,129000.0,salaried,794.0,19193.0,64976,18,0,0.04197416020671835,0.1487829457364341,0
4054,44,78969.0,salaried,557.0,16850.0,92686,18,0,0.09780842271439848,0.21337486861933164,1
4055,46,83531.0,self_employed,639.0,12727.0,324696,18,0,0.32392764362931126,0.1523625959224719,0
4056,37,54097.0,self_employed,671.0,15415.0,459139,36,0,0.7072773598043022,0.2849511063460081,1
4057,27,65859.0,salaried,759.0,49424.0,454741,36,0,0.5753971869195301,0.7504517226195356,1
4058,33,71790.0,salaried,524.0,10941.0,324521,6,0,0.3767017226168919,0.15240284162139572,1
4059,25,80696.0,salaried,697.0,15218.0,322267,6,0,0.3327994365685205,0.18858431644691187,0
4060,46,30648.0,self_employed,566.0,36257.0,113479,6,0,0.3085546637083442,1.1830135734795093,1
4061,23,76779.0,salaried,617.0,49120.0,372640,18,0,0.4044508698124921,0.6397582672345302,1
4062,27,121371.0,salaried,779.0,28444.0,198039,24,0,0.13597358512329963,0.23435581811141046,0
4063,59,51672.0,salaried,505.0,3651.0,292981,18,0,0.4725012256799298,0.0706572224802601,1
4064,21,84109.0,salaried,596.0,23519.0,301663,24,1,0.2988810155076547,0.2796252481898489,0
4065,37,49593.0,contract,571.0,38154.0,368240,6,0,0.6187701221274508,0.7693424475228359,1
4066,45,24815.0,self_employed,757.0,24281.0,305451,18,0,1.0257606286520249,0.9784807576062865,1
4067,23,36302.0,salaried,537.0,19793.0,495115,6,1,1.1365650193745065,0.545231667676712,1
4068,35,100140.0,self_employed,795.0,34687.0,39640,36,1,0.032987151321483256,0.3463850609147194,1
4069,49,88356.0,contract,555.0,19316.0,116716,6,0,0.11008118671435255,0.21861560052514825,1
4070,52,64282.0,salaried,602.0,8379.0,174968,18,0,0.2268234757267457,0.130347531190691,1
4071,46,143451.0,self_employed,602.0,46554.0,83001,36,0,0.048216812709566334,0.3245289332245854,1
4072,36,136347.0,salaried,715.0,,76615,36,0,0.04682599054862471,0.0015181852185966688,0
4073,45,38814.0,self_employed,520.0,73.0,134541,24,0,0.28885840160766735,0.0018807646725408358,1
4074,48,96673.0,salaried,614.0,24427.0,293776,12,0,0.2532385809205604,0.2526765487778387,1
4075,29,66940.0,contract,709.0,47777.0,108362,36,0,0.1348994124091226,0.7137287122796534,0
4076,21,101796.0,salaried,790.0,40329.0,303360,12,1,0.24833981688867932,0.3961747023458682,1
4077,49,51476.0,self_employed,702.0,10811.0,278887,6,0,0.45148386303002047,0.21002020359002255,1
4078,42,147841.0,salaried,822.0,9241.0,423340,6,0,0.23862347612186965,0.06250634127204226,0
4079,36,57278.0,salaried,687.0,4969.0,47737,36,0,0.069452203871178,0.0867523307378051,0
4080,27,30634.0,contract,650.0,40472.0,181207,24,0,0.4929354094579008,1.3211464385976366,1
4081,34,141259.0,self_employed,690.0,5889.0,219184,6,0,0.12930385556554508,0.04168937908381059,0
4082,49,67196.0,salaried,713.0,26457.0,278135,12,0,0.34493000575431076,0.3937287933805584,0
4083,39,113679.0,salaried,541.0,40787.0,54839,36,0,0.04020018355779578,0.35879098162369477,0
4084,39,145861.0,salaried,693.0,8706.0,143211,36,0,0.08181933484618918,0.05968696224487697,0
4085,22,34420.0,salaried,749.0,38687.0,281854,24,0,0.6823891148557041,1.1239686228936665,1
4086,35,21218.0,self_employed,580.0,11520.0,170585,36,0,0.6699696798315895,0.5429352436610425,1
4087,23,139283.0,salaried,540.0,279.0,457225,18,0,0.2735587496918743,0.0020031159581571333,0
4088,31,79057.0,salaried,,27562.0,417500,12,0,0.44008331541377316,0.34863452951667784,1
4089,50,93609.0,self_employed,508.0,25131.0,56303,18,0,0.05012249534410865,0.26846777553440376,1
4090,60,138108.0,salaried,812.0,40229.0,321277,18,1,0.1938561367432251,0.29128652938280186,1
4091,38,25046.0,salaried,623.0,27955.0,232891,12,0,0.7748775586254625,1.1161462908248823,1
4092,22,132462.0,salaried,702.0,290.0,297442,36,0,0.18712410603292517,0.002189307122042548,0
4093,52,124345.0,contract,577.0,37648.0,282496,36,0,0.18932271770745374,0.30277051751176165,0
4094,28,52117.0,self_employed,709.0,11065.0,23122,18,0,0.03697130175054845,0.21231076232323426,1
4095,42,144980.0,salaried,517.0,15402.0,287351,12,0,0.16516703453349887,0.10623534280590426,0
4096,26,32373.0,salaried,,24367.0,182013,6,0,0.46853087449417724,0.7526951471905601,0
4097,32,60452.0,salaried,818.0,24107.0,198663,12,0,0.2738577714550387,0.3987791967180573,1
4098,60,21654.0,self_employed,699.0,40736.0,169487,18,0,0.652254394877005,1.8812228687540409,1
4099,56,138319.0,salaried,848.0,18006.0,143739,12,0,0.08659873191680102,0.13017734367657371,0
4100,35,120646.0,salaried,781.0,13029.0,252302,12,1,0.17427156032248617,0.10799363426885268,0
4101,48,41583.0,contract,751.0,19935.0,409286,6,0,0.820218999751501,0.4794026405021283,1
4102,38,109242.0,salaried,839.0,,320737,24,0,0.24466856459359343,0.18822430933157577,1
4103,22,68968.0,salaried,738.0,3275.0,220652,24,1,0.26661156865019525,0.04748579051154159,1
4104,33,149815.0,salaried,768.0,42971.0,196228,6,0,0.10915017410361669,0.28682708674031304,1
4105,35,146590.0,salaried,618.0,5257.0,142569,12,0,0.08104747936421311,0.035861927825908996,0
4106,40,31652.0,salaried,781.0,24658.0,404423,18,0,1.0647642065798897,0.7790345001895614,1
4107,49,128114.0,contract,836.0,36763.0,450604,6,0,0.29310093614541216,0.2869553678754859,0
4108,49,117489.0,salaried,844.0,38574.0,86706,24,0,0.06149937440951919,0.3283200980517325,0
4109,23,92001.0,salaried,506.0,28822.0,150309,24,0,0.1361479766524277,0.3132792034869186,0
4110,39,139269.0,salaried,772.0,45999.0,363185,6,0,0.21731624889003776,0.3302888654330827,0
4111,23,91757.0,self_employed,752.0,36460.0,278535,12,0,0.252964351493619,0.39735388035790187,1
4112,34,39395.0,self_employed,841.0,1757.0,156712,36,0,0.33149722892075983,0.04459956847315649,0
4113,60,148407.0,salaried,627.0,21339.0,79472,18,0,0.044625028918222634,0.14378701813256786,1
4114,24,116978.0,self_employed,591.0,22846.0,276579,36,1,0.197030638239669,0.1953016806579015,1
4115,31,146572.0,salaried,805.0,40182.0,450901,18,1,0.256359218222671,0.2741451300384794,1
4116,51,139541.0,salaried,505.0,39972.0,107165,36,0,0.06399851417623972,0.28645344379071386,1
4117,52,,self_employed,573.0,27915.0,97361,36,1,0.3514888301636125,1.2093315426937572,1
4118,47,121598.0,salaried,555.0,44617.0,46181,18,1,0.03164868391475737,0.3669221533248902,0
4119,50,111171.0,contract,794.0,45170.0,322218,18,0,0.2415333135439998,0.40631099837187756,0
4120,22,135423.0,salaried,809.0,11344.0,67030,24,1,0.041247301664660604,0.08376715919747753,1
4121,29,21613.0,salaried,737.0,23232.0,31125,12,0,0.12000879100541341,1.07490861981215,1
4122,48,125033.0,salaried,521.0,33493.0,25801,12,0,0.017196126889167926,0.2678732814536962,0
4123,51,91202.0,salaried,540.0,32079.0,75897,24,0,0.06934880814017236,0.351735707550273,1
4124,54,100666.0,salaried,845.0,33875.0,330410,36,0,0.2735200233114127,0.33650885105199374,1
4125,35,37068.0,salaried,765.0,29558.0,110183,18,0,0.24770466889680226,0.797399374123233,1
4126,45,64057.0,salaried,757.0,11017.0,22292,6,0,0.02900021335165035,0.1719874486785207,1
4127,56,33946.0,self_employed,547.0,29481.0,139362,36,0,0.3421168915336122,0.8684675661344489,1
4128,28,100237.0,self_employed,797.0,26777.0,34977,12,0,0.029078583756497103,0.2671368855811726,1
4129,29,20769.0,salaried,638.0,,62193,18,1,0.2495425875102316,0.9982184987240599,1
4130,57,76340.0,salaried,701.0,47605.0,134881,24,0,0.14723714086106016,0.6235918260413937,1
4131,59,94199.0,salaried,639.0,29968.0,376889,36,0,0.33341560596892394,0.31813501204896016,0
4132,52,,salaried,641.0,23457.0,196459,6,0,0.1373201534392422,0.19675059972152792,0
4133,37,48434.0,salaried,785.0,28520.0,375838,36,0,0.646649736411061,0.5888425486228682,1
4134,55,37102.0,self_employed,732.0,824.0,311108,24,0,0.6987673620469697,0.022209045334483316,1
4135,57,36536.0,salaried,815.0,31573.0,340217,6,0,0.7759857857090723,0.8641613750821108,1
4136,39,119639.0,contract,657.0,37370.0,110147,36,0,0.07672177690106627,0.31235633865211176,0
4137,49,65775.0,salaried,537.0,,66607,24,0,0.08438743190168503,0.21994678829342457,0
4138,27,46147.0,self_employed,574.0,9926.0,221805,36,0,0.4005406635317572,0.21509523912713718,0
4139,48,65526.0,salaried,820.0,23876.0,314721,18,0,0.4002495192747917,0.3643744467844825,0
4140,29,119663.0,self_employed,674.0,16734.0,305716,36,0,0.2129006738368028,0.13984272498600236,0
4141,48,127180.0,salaried,538.0,21586.0,99494,24,0,0.06519237825653929,0.1697279446453845,0
4142,26,139233.0,self_employed,572.0,30659.0,61204,12,0,0.03663164144515548,0.22019923437690778,1
4143,49,38088.0,salaried,557.0,44245.0,220074,24,0,0.48150336063852134,1.161651963873136,1
4144,37,83464.0,salaried,,25410.0,228567,36,0,0.22820916802453753,0.30444263394996646,0
4145,36,120921.0,salaried,772.0,7894.0,476757,18,1,0.32855955541221127,0.06528229174419663,1
4146,43,74998.0,salaried,633.0,26563.0,451196,12,0,0.5013422580157693,0.3541827782074189,1
4147,51,55382.0,self_employed,642.0,44781.0,339416,24,0,0.5107194876795108,0.8085840164674443,1
4148,23,43184.0,salaried,594.0,,419161,12,0,0.8088663239471409,1.0335077806595034,1
4149,41,52739.0,salaried,655.0,37759.0,379716,18,0,0.5999924154800053,0.7159597261988282,1
4150,46,142937.0,salaried,700.0,2509.0,304023,6,0,0.17724766855327873,0.017553187768037666,0
4151,56,32352.0,salaried,659.0,2672.0,26319,12,0,0.06779333580613255,0.08259149357072205,0
4152,57,141788.0,self_employed,710.0,19826.0,65245,24,0,0.038346569056149554,0.1398284763167546,0
4153,42,132843.0,self_employed,671.0,4158.0,464149,18,1,0.2911638801693227,0.03130010614033107,1
4154,32,46828.0,salaried,569.0,7807.0,178502,24,0,0.31765539136129384,0.16671649440505681,1
4155,33,83040.0,salaried,818.0,45056.0,263675,18,1,0.2646064145793192,0.5425818882466281,1
4156,31,109279.0,self_employed,813.0,31171.0,45791,24,0,0.03491902988375321,0.28524236129539987,0
4157,36,109430.0,self_employed,644.0,24525.0,462983,18,0,0.3525716592037528,0.2241158731609248,1
4158,28,,salaried,666.0,26513.0,368227,36,0,0.23431800769209232,0.20245576792382233,0
4159,60,32748.0,self_employed,818.0,5797.0,362339,24,1,0.922038495989577,0.17701844387443508,1
4160,60,103636.0,salaried,616.0,33065.0,41658,18,0,0.0334970473580609,0.31904936508549153,1
4161,22,,self_employed,684.0,48911.0,83713,6,0,0.053597038471191426,0.37578174219026106,0
4162,50,25246.0,salaried,702.0,38848.0,260872,18,1,0.8611001082679764,1.5387784203438168,1
4163,50,74395.0,salaried,661.0,7746.0,381979,6,0,0.42787261688733563,0.10411990053094966,1
4164,32,65300.0,salaried,808.0,23718.0,99975,12,0,0.12758422664624808,0.36321592649310874,0
4165,30,149158.0,salaried,837.0,43261.0,303089,18,0,0.16933330204659935,0.2900347282747154,1
4166,31,29860.0,salaried,687.0,3938.0,265563,12,0,0.7411336235766912,0.13188211654387139,1
4167,35,32013.0,self_employed,542.0,24316.0,223179,12,0,0.5809592977852748,0.7595664261393809,1
4168,36,,salaried,700.0,34362.0,382223,36,0,0.6561723181300042,0.7078818342878332,1
4169,37,39935.0,salaried,730.0,16334.0,354816,18,1,0.7404031551270815,0.409014648804307,1
4170,46,64079.0,salaried,503.0,11557.0,30681,36,0,0.039899967227953,0.18035549868131526,0
4171,22,49111.0,self_employed,739.0,35983.0,461043,36,0,0.7823145527478569,0.7326871780252896,1
4172,32,71550.0,self_employed,705.0,28880.0,324253,12,0,0.37765315630095503,0.403633822501747,1
4173,46,91955.0,self_employed,830.0,44257.0,236698,24,0,0.21450528338136407,0.4812897612962862,0
4174,43,55565.0,salaried,593.0,9673.0,418371,12,1,0.6274498335283002,0.17408440565103933,1
4175,38,34283.0,salaried,731.0,4379.0,305933,12,0,0.7436460247547375,0.12773094536650817,0
4176,52,81470.0,salaried,846.0,44634.0,81572,6,0,0.08343766621660324,0.547858107278753,0
4177,58,101916.0,contract,848.0,48613.0,49563,24,0,0.04052602142941246,0.4769908552140979,0
4178,23,94552.0,salaried,659.0,32721.0,172802,12,0,0.15229891135741885,0.3460635417548016,0
4179,58,53233.0,salaried,612.0,35950.0,230322,24,1,0.3605564217684519,0.6753329701500949,1
4180,23,37695.0,self_employed,751.0,20829.0,180139,6,0,0.39823805102356635,0.552566653402308,1
4181,50,141440.0,self_employed,721.0,30028.0,67358,24,0,0.03968585030165912,0.21230203619909502,0
4182,21,96257.0,salaried,845.0,,199131,18,0,0.17239525437111067,0.5039945146846463,1
4183,50,16505.0,salaried,593.0,7571.0,298610,6,1,1.5076744420882562,0.45870948197515904,1
4184,52,58614.0,salaried,666.0,28363.0,472083,24,0,0.6711749752618829,0.4838946326816119,1
4185,48,16010.0,salaried,637.0,47068.0,469162,36,1,2.442025817197585,2.9399125546533416,1
4186,41,145560.0,salaried,847.0,42733.0,195412,24,0,0.1118736832463131,0.2935765320142896,0
4187,33,84393.0,self_employed,709.0,17735.0,456755,6,0,0.45101983181859473,0.21014776107023095,1
4188,47,79512.0,salaried,755.0,25893.0,450920,36,0,0.47259113928295937,0.3256489586477513,1
4189,56,113026.0,self_employed,572.0,5613.0,332403,24,0,0.24507856599366518,0.04966113991470989,1
4190,27,90656.0,salaried,713.0,,218682,24,0,0.20101813448641018,0.4990182668549241,1
4191,42,112686.0,salaried,765.0,26606.0,215574,6,0,0.1594208686083453,0.2361074135207568,0
4192,30,30489.0,self_employed,650.0,16595.0,44121,36,0,0.12059267276722753,0.544294663649185,1
4193,59,74789.0,self_employed,734.0,1274.0,352154,36,1,0.3923861352159631,0.01703459064835738,0
4194,35,84925.0,self_employed,715.0,48866.0,62884,24,1,0.06170542635658915,0.5754018251398293,1
4195,35,64703.0,self_employed,803.0,37030.0,265065,18,0,0.3413867981391898,0.5723073118711651,1
4196,24,91625.0,salaried,608.0,28190.0,444328,6,0,0.4041182355616189,0.30766712141882674,1
4197,52,122535.0,salaried,844.0,20118.0,147192,6,0,0.10010201167013506,0.16418166238217652,0
4198,43,18051.0,salaried,799.0,7775.0,249196,12,0,1.150425645855262,0.43072405960888593,1
4199,26,43805.0,contract,848.0,32016.0,225180,36,0,0.4283757561922155,0.7308754708366625,0
4200,44,109978.0,salaried,819.0,32279.0,282780,36,0,0.21427012675262325,0.29350415537652985,0
4201,40,59557.0,salaried,795.0,13941.0,282943,12,0,0.3958994464686491,0.23407827795221384,1
4202,57,148627.0,salaried,619.0,44423.0,408807,24,0,0.22921306357525886,0.29888916549482936,0
4203,40,65241.0,self_employed,827.0,35253.0,466380,24,0,0.5957143514047915,0.540350393157677,1
4204,32,142838.0,self_employed,597.0,23638.0,178203,6,0,0.10396568140130777,0.16548817541550567,1
4205,53,80994.0,contract,709.0,45460.0,200506,24,1,0.20629717427628383,0.5612761439118947,1
4206,48,129005.0,salaried,531.0,4370.0,499445,18,1,0.3226263839902846,0.03387465602108446,1
4207,28,31066.0,salaried,829.0,19782.0,242363,18,0,0.6501292946200562,0.636773321315908,0
4208,21,92982.0,salaried,725.0,22639.0,136734,18,0,0.1225452238067583,0.24347723215245962,1
4209,57,21304.0,salaried,714.0,37655.0,469041,12,0,1.8347141381900112,1.7675084491175366,1
4210,42,57967.0,salaried,622.0,22829.0,53384,18,0,0.07674481457840955,0.393827522555937,1
4211,26,93763.0,salaried,646.0,332.0,268990,12,0,0.23906907131100044,0.0035408423365293346,0
4212,41,55462.0,salaried,839.0,41986.0,480840,6,0,0.7224766506797446,0.7570228264397245,1
4213,52,135356.0,contract,551.0,18508.0,433473,6,1,0.2668721741186205,0.13673571914063654,1
4214,55,86834.0,salaried,679.0,18616.0,207896,18,0,0.1995147829959079,0.21438606997259138,1
4215,35,126023.0,contract,789.0,27193.0,466982,12,0,0.3087941619122435,0.21577807225665158,0
4216,25,132771.0,salaried,686.0,40415.0,307748,18,0,0.1931571402389578,0.30439629135880575,0
4217,26,90842.0,salaried,836.0,5282.0,479796,24,1,0.44013782171242377,0.05814491094427687,1
4218,45,17589.0,salaried,607.0,21524.0,233637,12,0,1.1069276252203082,1.2237193700608335,1
4219,60,140023.0,salaried,625.0,7744.0,496076,12,0,0.2952348304683278,0.055305199860023,1
4220,49,69918.0,salaried,760.0,5697.0,65297,12,0,0.07782569104760816,0.08148116364884579,1
4221,27,22711.0,self_employed,693.0,33720.0,246210,12,0,0.9034168464620669,1.4847430760424465,1
4222,60,74430.0,self_employed,796.0,3369.0,247433,24,0,0.27703099108782303,0.045264006449012496,0
4223,33,117605.0,self_employed,533.0,22826.0,152738,18,1,0.10822810821535365,0.19409038731346456,1
4224,58,18970.0,salaried,775.0,11545.0,186304,6,0,0.81841504129327,0.6085925144965736,1
4225,38,84535.0,self_employed,681.0,42946.0,20037,36,0,0.01975217365588218,0.5080262613118827,1
4226,22,101570.0,salaried,738.0,6553.0,281718,36,0,0.23113616225263364,0.0645170818154967,1
4227,28,136315.0,contract,821.0,49316.0,237423,12,0,0.14514360121776768,0.36177970142684224,0
4228,31,127111.0,salaried,847.0,10183.0,194192,12,0,0.1273113000972903,0.08011108401318533,1
4229,53,56730.0,contract,645.0,19089.0,266010,6,0,0.3907544509078089,0.33648863035430987,1
4230,58,138252.0,self_employed,543.0,9931.0,441208,36,0,0.26594431424741294,0.0718325955501548,1
4231,47,78944.0,self_employed,803.0,28835.0,408969,12,0,0.4317079195379003,0.36525891771382246,1
4232,40,122437.0,salaried,790.0,32871.0,469606,24,0,0.31962424212724366,0.26847276558556643,0
4233,32,141794.0,salaried,794.0,7297.0,298791,36,0,0.1756015769355544,0.05146198005557358,1
4234,51,87123.0,salaried,758.0,37459.0,213410,24,0,0.20412711530441635,0.4299553504815032,1
4235,47,37880.0,salaried,518.0,20599.0,147556,6,0,0.3246128123900035,0.5437961985216473,1
4236,52,102829.0,salaried,714.0,39170.0,42911,6,0,0.034775371409492134,0.38092366939287553,0
4237,30,147633.0,contract,710.0,49515.0,451870,36,1,0.25506379558319164,0.33539249354819045,1
4238,23,68205.0,salaried,730.0,9761.0,177062,18,1,0.21633555702172372,0.14311267502382524,1
4239,47,121948.0,salaried,838.0,8061.0,254481,36,0,0.1738999409584413,0.06610194509135041,0
4240,55,74810.0,salaried,,,250997,24,0,0.27959386000089115,0.0049191284587621975,0
4241,51,128089.0,salaried,810.0,37821.0,38137,18,0,0.024811524278691637,0.29527125670432275,1
4242,35,79482.0,salaried,768.0,5304.0,176209,24,0,0.18474728030665225,0.06673209028459273,0
4243,36,84192.0,salaried,661.0,47633.0,83960,24,0,0.08310369948055239,0.5657663435955911,1
4244,33,102154.0,salaried,715.0,48544.0,334878,24,0,0.27318068798089157,0.4752041036082777,1
4245,55,101066.0,self_employed,773.0,28806.0,266917,12,1,0.22008473011035692,0.2850216690083708,1
4246,31,143514.0,salaried,823.0,31343.0,189348,18,0,0.10994746157169336,0.21839681146090276,0
4247,41,47977.0,self_employed,599.0,594.0,488709,12,0,0.8488598703545449,0.012380932530170707,1
4248,31,19983.0,contract,670.0,17829.0,106076,12,0,0.4423593387712889,0.8922083771205525,1
4249,50,64029.0,salaried,751.0,20006.0,138523,24,0,0.18028679712838452,0.3124521701104187,0
4250,55,137668.0,self_employed,668.0,33533.0,25861,6,0,0.01565420673891778,0.24357875468518464,0
4251,42,57837.0,salaried,537.0,22424.0,195573,36,0,0.2817876100074347,0.3877102892611996,1
4252,58,132512.0,salaried,727.0,27792.0,279422,6,1,0.17572119254608387,0.20973194880463655,1
4253,51,81786.0,salaried,624.0,39204.0,146009,24,1,0.14877138711596932,0.4793485437605458,1
4254,34,19758.0,salaried,777.0,21015.0,117173,36,0,0.4942006613354928,1.0636197995748558,1
4255,44,117667.0,contract,784.0,25209.0,457432,36,0,0.3239594222112685,0.21424018628842412,1
4256,52,123119.0,salaried,636.0,22993.0,118294,24,0,0.08006752274899352,0.18675427838107847,0
4257,56,115157.0,salaried,607.0,21140.0,314090,12,0,0.22729114744797682,0.18357546653698864,1
4258,52,97673.0,salaried,567.0,39608.0,72255,36,0,0.06164702630204867,0.4055163658329323,1
4259,35,112639.0,salaried,603.0,9872.0,123056,36,0,0.09104010748201481,0.08764282353358961,0
4260,55,147940.0,contract,745.0,37618.0,493017,36,0,0.27771224820873325,0.25427876166013247,1
4261,23,129869.0,salaried,664.0,15212.0,114376,36,0,0.0733919051762417,0.11713341906074583,0
4262,36,34728.0,salaried,691.0,18277.0,168501,18,1,0.40433511863625893,0.5262900253397834,1
4263,25,118542.0,salaried,694.0,47764.0,421231,12,0,0.2961193782231895,0.4029289197077829,0
4264,41,108565.0,salaried,631.0,26691.0,72009,18,0,0.055273338552940636,0.24585271496338598,0
4265,30,140019.0,salaried,795.0,16892.0,53870,18,0,0.03206112503779249,0.1206407701811897,0
4266,39,117548.0,salaried,643.0,49887.0,322215,24,1,0.2284279613434512,0.4243968421410828,1
4267,45,148236.0,salaried,718.0,6353.0,272205,12,0,0.15302456893062413,0.04285733559998921,1
4268,24,136289.0,self_employed,525.0,2751.0,342223,6,0,0.20925080771986979,0.020185047949577737,0
4269,49,144068.0,salaried,750.0,,402834,12,0,0.23301149457200768,0.3219243690479496,1
4270,39,94624.0,self_employed,594.0,10363.0,44962,6,1,0.03959707191973847,0.10951766993574569,1
4271,22,17821.0,contract,699.0,19227.0,103532,36,1,0.4841292108561061,1.078895684866169,1
4272,30,70090.0,contract,602.0,8483.0,70717,6,0,0.08407880344319209,0.12103010415180482,0
4273,45,61454.0,salaried,692.0,29092.0,252731,6,0,0.34271026567296947,0.4733947342727894,1
4274,40,119273.0,contract,501.0,42878.0,219115,6,0,0.1530906687459302,0.35949460481416584,1
4275,39,119472.0,self_employed,746.0,49963.0,169656,36,0,0.11833735101111557,0.41819840632114635,0
4276,43,146935.0,self_employed,590.0,42969.0,335300,36,0,0.19016345095904086,0.29243543063259264,1
4277,44,31148.0,salaried,544.0,49008.0,489716,18,0,1.310185779718334,1.5733915500192628,1
4278,31,101545.0,salaried,,28918.0,74962,6,0,0.06151788205557471,0.2847801467329755,1
4279,54,69459.0,contract,835.0,649.0,487750,12,0,0.5851773468281048,0.009343641572726357,1
4280,48,99224.0,salaried,563.0,35365.0,165894,24,0,0.1393261710876401,0.35641578650326533,1
4281,25,81189.0,salaried,634.0,,280690,18,0,0.2881034787142757,0.41049895921861335,1
4282,25,106954.0,salaried,790.0,47175.0,367847,6,0,0.28660841732582854,0.4410774725582961,1
4283,41,38118.0,contract,777.0,41729.0,330245,18,0,0.7219795547160571,1.0947321475418437,1
4284,32,146515.0,salaried,,32034.0,249186,6,1,0.1417295157492407,0.21863972972050644,1
4285,24,104379.0,contract,781.0,503.0,195061,6,0,0.1557313572014805,0.004818976997288726,0
4286,40,36053.0,salaried,619.0,25203.0,118944,18,0,0.27492857737220205,0.6990541702493551,1
4287,58,111384.0,salaried,761.0,14996.0,302614,6,0,0.22640445066915654,0.13463334051569345,0
4288,45,132545.0,salaried,673.0,44344.0,129491,6,0,0.08141323072667145,0.3345580746161681,0
4289,34,141675.0,salaried,617.0,32602.0,374494,24,1,0.22027763072760426,0.23011822833950943,0
4290,31,108749.0,salaried,840.0,27935.0,317011,12,0,0.24292254028389534,0.2568759252958648,0
4291,52,31285.0,salaried,684.0,30425.0,161906,36,0,0.4312663150604656,0.9725107879175323,1
4292,31,76589.0,salaried,742.0,45216.0,407412,24,0,0.4432882006554466,0.5903719855331706,1
4293,38,28944.0,salaried,713.0,14096.0,208091,36,0,0.5991195642159572,0.48700939745715865,1
4294,47,116041.0,self_employed,620.0,34942.0,100396,36,0,0.0720980802762242,0.3011177083961703,0
4295,38,103876.0,salaried,,3527.0,453882,12,0,0.3641216450383149,0.0339539450883746,1
4296,43,110561.0,salaried,648.0,13993.0,474672,24,1,0.35777534573674263,0.1265636164651188,1
4297,31,69391.0,salaried,775.0,30224.0,97813,6,0,0.11746600183501223,0.4355608075975271,1
4298,41,16607.0,salaried,528.0,5423.0,494451,12,0,2.481137472150298,0.3265490455831878,1
4299,25,17953.0,contract,798.0,27113.0,369853,6,0,1.716765071761451,1.51022113295828,1
4300,43,59941.0,salaried,724.0,43246.0,416965,6,0,0.579688082169689,0.7214761181828798,1
4301,45,76683.0,salaried,672.0,26833.0,24746,6,0,0.026892096901094984,0.3499211037648501,1
4302,30,124588.0,salaried,743.0,14307.0,340922,6,0,0.22803292987018547,0.11483449449385173,0
4303,42,137080.0,self_employed,820.0,15928.0,491333,24,0,0.2986899377492462,0.11619492267289175,0
4304,39,26154.0,salaried,630.0,46268.0,141883,36,0,0.4520755270067039,1.7690601819989293,1
4305,21,140542.0,salaried,519.0,24107.0,463801,36,0,0.2750073524877498,0.1715287956625066,0
4306,27,103529.0,self_employed,580.0,16278.0,386950,24,0,0.31146667439397013,0.1572313071699717,1
4307,24,29323.0,salaried,792.0,26571.0,491712,36,1,1.3974013572963202,0.9061487569484705,1
4308,21,52693.0,salaried,793.0,8825.0,281115,12,0,0.4445799252272598,0.16747955136355872,0
4309,35,104170.0,salaried,734.0,24372.0,62399,6,0,0.04991760263671562,0.23396371316117884,0
4310,60,60111.0,salaried,800.0,37920.0,384725,6,0,0.5333535736664947,0.6308329590258023,1
4311,32,54491.0,self_employed,720.0,49652.0,47544,6,0,0.07270925473931475,0.9111963443504432,1
4312,42,64336.0,contract,669.0,47415.0,385335,18,0,0.4991179122108928,0.7369901765729918,1
4313,42,31905.0,salaried,545.0,1563.0,224711,12,0,0.5869273363631615,0.04898918664786084,1
4314,37,,self_employed,559.0,20459.0,98490,18,1,0.18128906853974774,0.45190290018333223,1
4315,49,140191.0,salaried,,26174.0,164085,24,0,0.09753657510111205,0.186702427402615,0
4316,34,130936.0,self_employed,,24070.0,240499,18,0,0.15306396509236064,0.18383026822264312,0
4317,40,81538.0,salaried,530.0,18542.0,483200,36,0,0.49383927330406274,0.22740317398023008,1
4318,53,119570.0,salaried,823.0,23683.0,343652,36,1,0.2395054500850269,0.19806807727690892,0
4319,35,108339.0,salaried,615.0,16903.0,28668,12,0,0.022051154247316296,0.1560195312860558,1
4320,32,136132.0,salaried,561.0,42877.0,147300,18,0,0.09016983515999177,0.31496635618370405,1
4321,60,,self_employed,645.0,34096.0,406342,18,0,0.23516305190761588,0.23678928836818455,1
4322,40,26330.0,salaried,830.0,23580.0,41712,6,0,0.13201671097607293,0.8955563995442462,1
4323,50,87553.0,salaried,552.0,23377.0,25194,12,0,0.02397976083058262,0.26700398615695636,1
4324,58,98537.0,salaried,550.0,14134.0,312693,6,0,0.26444635010199213,0.1434385053330221,0
4325,23,75985.0,salaried,668.0,41892.0,67390,12,0,0.07390713079335834,0.5513193393432915,0
4326,48,32044.0,salaried,694.0,23902.0,25350,12,0,0.06592497815503683,0.7459118711771314,1
4327,46,137304.0,salaried,582.0,26117.0,418912,18,1,0.2542484802579192,0.19021295810755695,1
4328,50,38289.0,salaried,633.0,40427.0,117550,6,0,0.2558393620447996,1.0558384914727468,1
4329,33,48087.0,salaried,767.0,16791.0,324392,24,0,0.5621616375874283,0.3491796119533346,1
4330,33,90952.0,self_employed,580.0,49775.0,118572,6,1,0.10863972205119184,0.5472666901222623,1
4331,22,,contract,718.0,15464.0,399767,24,0,0.6485344312931527,0.3010434511758293,1
4332,57,135648.0,salaried,501.0,2766.0,261964,36,0,0.16093369112212,0.02039101203113942,0
4333,58,85815.0,salaried,808.0,4415.0,307741,12,0,0.29884150012624056,0.051447882071898855,1
4334,22,105693.0,salaried,750.0,29741.0,118393,6,0,0.09334661078154025,0.28139044212956393,0
4335,56,73900.0,salaried,735.0,31984.0,54693,12,0,0.06167456021650879,0.43280108254397837,1
4336,46,30494.0,self_employed,655.0,666.0,442247,6,0,1.2085628866880918,0.02184036203843379,1
4337,31,131486.0,salaried,536.0,41587.0,99147,36,0,0.06283748840180704,0.3162846234580107,0
4338,28,48050.0,salaried,728.0,11300.0,408097,6,1,0.7077644814429414,0.2351716961498439,1
4339,60,112799.0,salaried,644.0,36044.0,377788,36,0,0.2791011740647819,0.3195418399099283,0
4340,42,146016.0,contract,824.0,26360.0,383695,12,0,0.21897999762583095,0.18052816129739208,1
4341,40,103257.0,self_employed,,5605.0,299676,18,0,0.24185285259110761,0.05428203414780596,1
4342,28,63070.0,self_employed,620.0,33901.0,280875,24,0,0.3711154273029967,0.5375138734739179,1
4343,49,20166.0,salaried,813.0,44349.0,311542,12,0,1.2874061952461238,2.199196667658435,1
4344,60,102409.0,salaried,710.0,37473.0,494993,18,0,0.4027909330885632,0.36591510511771425,1
4345,46,,self_employed,759.0,37342.0,95330,12,0,0.15084624537951288,0.7090612182895336,0
4346,50,144926.0,salaried,602.0,16294.0,484049,12,0,0.27833112530992826,0.11242979175579261,0
4347,37,16293.0,salaried,804.0,7556.0,224804,6,0,1.1497984819656704,0.4637574418461916,1
4348,40,64212.0,salaried,,4683.0,410857,36,0,0.5332038144479744,0.07293029340310223,0
4349,36,90276.0,salaried,537.0,29264.0,374420,36,0,0.3456252676975793,0.3241614604102973,1
4350,27,27559.0,salaried,800.0,35179.0,186901,6,0,0.5651541541178321,1.2764976958525345,1
4351,36,80231.0,self_employed,607.0,,397262,6,1,0.4126231340338107,0.4122596004038339,1
4352,47,123277.0,salaried,723.0,39998.0,290159,12,0,0.19614296800430467,0.32445630571801715,1
4353,43,36747.0,self_employed,792.0,20746.0,31742,36,0,0.07198320044266653,0.564563093585871,1
4354,44,15037.0,self_employed,683.0,6176.0,23542,12,0,0.13046707011593625,0.41072022344882625,1
4355,29,119294.0,contract,654.0,34600.0,152445,18,0,0.1064911060070079,0.2900397337669958,1
4356,55,112847.0,salaried,531.0,22567.0,352519,18,0,0.26032223571147955,0.19997873226581123,1
4357,40,,salaried,733.0,12973.0,73331,6,0,0.05146381791334714,0.10925367603712251,1
4358,57,63503.0,contract,749.0,43267.0,342136,36,0,0.4489761638557758,0.6813378895485253,0
4359,37,43207.0,salaried,557.0,39647.0,97026,18,0,0.18713402920823013,0.9176059434813804,1
4360,51,48241.0,salaried,832.0,16094.0,266212,36,0,0.4598647070610753,0.3336166331543708,0
4361,28,146130.0,salaried,662.0,22794.0,443022,36,0,0.25264148361048383,0.1559843974543215,0
4362,35,111171.0,salaried,516.0,2000.0,368078,24,0,0.27590978462608656,0.017990303226560884,0
4363,51,132302.0,salaried,753.0,8858.0,157121,18,0,0.09896612800008063,0.06695288053090656,1
4364,50,87832.0,self_employed,645.0,34452.0,265259,18,0,0.25167270091386584,0.39224883869204846,1
4365,40,36383.0,self_employed,728.0,15584.0,173114,12,0,0.3965084425876554,0.4283319132561911,1
4366,59,139291.0,salaried,739.0,38385.0,456164,12,0,0.2729082759594422,0.2755741576986309,1
4367,32,,self_employed,785.0,6782.0,307848,36,0,1.4515106936743238,0.38372750933574745,1
4368,37,,salaried,845.0,35844.0,45685,6,0,0.029489413891040536,0.27764523625096826,0
4369,50,124369.0,salaried,515.0,5116.0,84451,12,0,0.056586314381665316,0.04113565277520926,0
4370,49,37820.0,contract,574.0,41405.0,71702,12,0,0.15798959985898114,1.0947911158117398,1
4371,39,58794.0,salaried,759.0,4383.0,356377,36,1,0.5051209874023427,0.07454842330850087,1
4372,31,148148.0,self_employed,503.0,25657.0,59796,18,0,0.03363528363528363,0.17318492318492318,0
4373,54,143544.0,salaried,,22170.0,307899,12,0,0.1787483280387895,0.15444741681992977,0
4374,27,52555.0,self_employed,584.0,13081.0,410854,6,1,0.6514667174071608,0.24890115117495956,1
4375,54,47406.0,salaried,562.0,3751.0,184335,36,0,0.3240359870058642,0.07912500527359406,0
4376,40,55262.0,salaried,599.0,46620.0,385484,18,0,0.5812975763936641,0.8436176757989216,1
4377,58,106320.0,salaried,821.0,31825.0,305665,24,0,0.23957941434662652,0.29933220466516175,1
4378,44,45284.0,salaried,742.0,45830.0,348065,6,0,0.6405224067367429,1.0120572387598268,1
4379,30,105627.0,salaried,794.0,7785.0,50344,18,0,0.03971838008589976,0.07370274645687182,0
4380,52,104023.0,self_employed,661.0,12564.0,490478,36,0,0.3929243212238319,0.12078098112917336,1
4381,35,56516.0,salaried,677.0,22479.0,252990,24,0,0.37303595441998727,0.39774577110906645,1
4382,57,30577.0,self_employed,827.0,34313.0,319683,6,0,0.8712512672924093,1.1221833404192694,1
4383,40,30015.0,salaried,827.0,11837.0,158352,12,0,0.43964684324504416,0.3943694819257038,0
4384,23,106104.0,salaried,751.0,37599.0,169352,12,0,0.13300786649576515,0.3543598733318254,1
4385,57,129412.0,contract,541.0,11399.0,179502,6,0,0.11558819893054739,0.08808302166723334,1
4386,60,106740.0,contract,741.0,27359.0,207232,12,0,0.16178877022047342,0.2563144088439198,0
4387,28,81640.0,salaried,,24689.0,49594,36,0,0.05062265229462682,0.30241303282704557,1
4388,60,98190.0,self_employed,590.0,25347.0,247073,6,0,0.20968954747598195,0.2581423770241369,1
4389,43,144516.0,salaried,527.0,14492.0,278248,6,0,0.1604482087335197,0.1002795538210302,1
4390,60,149718.0,salaried,654.0,21899.0,184650,12,1,0.10277655325344982,0.14626831777074234,1
4391,31,102007.0,salaried,618.0,17396.0,111514,6,0,0.09109995719248025,0.17053731606654446,0
4392,28,62728.0,contract,719.0,28259.0,395296,24,0,0.5251456021765931,0.4505005739063895,1
4393,49,29878.0,contract,846.0,,23794,6,0,0.0663643260369949,0.26621594484235894,1
4394,50,143925.0,salaried,763.0,40302.0,144168,12,0,0.08347403161368769,0.28002084418968215,1
4395,30,24145.0,self_employed,620.0,2668.0,221915,12,0,0.7659108165941879,0.11049906813004763,1
4396,59,103578.0,self_employed,545.0,22917.0,405921,12,0,0.32658238235918824,0.22125354805074438,0
4397,48,33226.0,salaried,779.0,32284.0,309124,12,0,0.7753064868877787,0.9716487088424728,1
4398,56,17802.0,self_employed,614.0,27152.0,84752,36,0,0.3967344493128113,1.5252218851814403,1
4399,33,39119.0,salaried,667.0,45050.0,486873,12,0,1.0371622485237353,1.151614305069148,1
4400,52,78560.0,salaried,745.0,26003.0,258784,24,0,0.2745078071961982,0.33099541751527495,1
4401,56,72353.0,self_employed,779.0,36009.0,287373,6,0,0.33098489350821664,0.49768496123173883,0
4402,57,138001.0,salaried,733.0,877.0,416171,18,0,0.2513091692572276,0.00635502641285208,0
4403,46,86641.0,salaried,521.0,15433.0,114134,18,0,0.109776741573466,0.1781258295726042,1
4404,42,66712.0,salaried,701.0,33221.0,462329,36,0,0.5775185373945717,0.4979763760642763,1
4405,24,145085.0,self_employed,567.0,25839.0,285097,18,0,0.1637528575203042,0.17809559913154357,0
4406,51,83285.0,salaried,635.0,44545.0,255118,12,0,0.2552660543115007,0.5348502131236117,1
4407,38,130278.0,salaried,730.0,39113.0,221792,18,0,0.14187097335441645,0.30022720643546874,1
4408,58,39512.0,salaried,557.0,39972.0,168544,24,1,0.3554700681649457,1.011642032800162,1
4409,44,117077.0,salaried,514.0,12378.0,294154,12,0,0.2093736031272866,0.10572529190191071,0
4410,43,17064.0,self_employed,763.0,12946.0,157310,18,1,0.768235271136115,0.7586732301922176,1
4411,42,110614.0,salaried,669.0,9103.0,163818,12,0,0.12341566167031298,0.08229518867412805,0
4412,22,132639.0,salaried,790.0,47356.0,328932,36,0,0.20665867505032456,0.3570292297137343,0
4413,51,45011.0,salaried,668.0,43731.0,470338,24,1,0.870783438122533,0.9715625069427474,1
4414,31,86152.0,salaried,547.0,26043.0,479146,6,1,0.46346960411056426,0.3022912990992664,1
4415,48,25960.0,contract,595.0,440.0,291909,12,0,0.9370473805855162,0.01694915254237288,1
4416,52,136789.0,salaried,826.0,33763.0,408977,24,0,0.2491531970163293,0.24682540262740424,1
4417,25,73920.0,self_employed,543.0,2111.0,430662,36,1,0.48550459956709957,0.02855790043290043,1
4418,58,36387.0,salaried,739.0,36868.0,145076,36,0,0.33225236119126794,1.0132190067881386,1
4419,30,78960.0,salaried,790.0,44689.0,497559,24,0,0.525117147922999,0.5659701114488348,1
4420,60,137994.0,contract,782.0,38983.0,314563,18,1,0.18996176162248601,0.28249778975897505,1
4421,44,47628.0,salaried,569.0,36236.0,276365,24,0,0.48354784300551495,0.7608129671621735,1
4422,55,136269.0,salaried,752.0,45672.0,50427,18,0,0.030837901503643527,0.33516060145741144,1
4423,43,62452.0,contract,565.0,39241.0,335847,18,0,0.4481401716518286,0.6283385640171651,0
4424,37,56098.0,self_employed,826.0,15907.0,220979,24,0,0.32826333677968317,0.28355734607294375,0
4425,21,101861.0,salaried,835.0,21650.0,205898,36,0,0.16844687040836695,0.21254454599895936,0
4426,51,42949.0,salaried,784.0,12031.0,482333,6,0,0.9358638540284213,0.2801229365060886,0
4427,51,88537.0,salaried,530.0,48867.0,426765,6,0,0.40168234749313847,0.5519387374769871,1
4428,54,131003.0,self_employed,713.0,4460.0,288692,24,0,0.18364210488818322,0.03404502186972817,0
4429,29,65701.0,salaried,680.0,27414.0,483010,12,0,0.6126365402860433,0.41725392307575226,0
4430,42,65511.0,contract,701.0,31135.0,183135,24,0,0.23295706064630367,0.4752636961731618,1
4431,33,95664.0,salaried,567.0,29296.0,128138,6,0,0.1116215783018342,0.30623850142164244,1
4432,45,,salaried,524.0,45562.0,205119,24,0,0.3140582798978448,0.837121281716795,1
4433,38,112180.0,salaried,747.0,8714.0,354627,36,1,0.26343599572116244,0.0776787306115172,1
4434,32,118550.0,salaried,836.0,25281.0,404616,6,0,0.2844200759173345,0.21325179249261914,1
4435,60,92952.0,salaried,842.0,1759.0,453220,6,0,0.4063208250853487,0.018923745589121268,1
4436,37,81046.0,salaried,659.0,249.0,320140,6,0,0.32917520091470687,0.0030723292944747427,1
4437,35,121918.0,self_employed,779.0,37112.0,294611,36,0,0.20137237050039097,0.30440131891927363,0
4438,35,50200.0,salaried,,46348.0,444067,6,0,0.7371630146082337,0.9232669322709164,1
4439,35,82442.0,salaried,610.0,15189.0,250918,12,1,0.2536308354156053,0.1842386162392955,1
4440,59,106070.0,contract,546.0,6591.0,52737,6,0,0.041432544546054495,0.062138210615631184,0
4441,33,73168.0,contract,678.0,26402.0,252275,24,0,0.2873239212041694,0.3608408047233763,0
4442,37,63322.0,salaried,535.0,43090.0,112146,12,1,0.14758693660970912,0.680490192981902,1
4443,52,85246.0,contract,697.0,7708.0,119782,18,1,0.11709444822435461,0.09042066489923281,1
4444,29,30583.0,salaried,541.0,44438.0,373267,6,0,1.0170873796989612,1.453029460811562,1
4445,60,97720.0,salaried,831.0,6482.0,127927,18,0,0.10909315732023468,0.0663323782234957,0
4446,40,74757.0,self_employed,589.0,25679.0,132276,18,0,0.14745107481573633,0.3434996053881242,1
4447,46,21659.0,self_employed,844.0,22622.0,372712,36,0,1.4340151130399987,1.0444618865136894,1
4448,47,16238.0,self_employed,567.0,44953.0,434610,24,0,2.230416307427023,2.7683828057642565,1
4449,41,136270.0,self_employed,569.0,8450.0,457240,24,0,0.27961644773855826,0.062009246349159754,1
4450,38,134211.0,salaried,609.0,28793.0,302579,18,0,0.1878751865843088,0.2145353212478858,0
4451,33,30064.0,salaried,850.0,9339.0,39960,36,0,0.11076370409792442,0.3106373070782331,1
4452,36,114790.0,salaried,521.0,31254.0,175551,12,1,0.12744359264744315,0.27227110375468244,1
4453,29,117985.0,salaried,776.0,33672.0,75805,6,0,0.05354141063129494,0.2853922108742637,1
4454,32,59258.0,salaried,694.0,21426.0,117569,12,0,0.16533491961704186,0.3615714333929596,1
4455,58,39668.0,salaried,544.0,48589.0,202516,6,0,0.4254394810258479,1.2248916002823433,1
4456,39,92259.0,self_employed,610.0,18523.0,436805,18,0,0.39454597022151405,0.20077174042640827,0
4457,27,127192.0,self_employed,708.0,5143.0,381586,36,0,0.25000655177474473,0.04043493301465501,1
4458,55,111576.0,salaried,729.0,19562.0,399377,36,0,0.29828472670347267,0.17532444253244425,0
4459,38,120481.0,salaried,677.0,4147.0,291696,24,1,0.20175795353624223,0.034420365036810785,0
4460,36,126505.0,self_employed,749.0,47814.0,100330,24,0,0.06609093184722606,0.37796134540136755,1
4461,59,20397.0,salaried,827.0,20773.0,252566,12,0,1.0318756026213005,1.0184340834436436,1
4462,24,114925.0,contract,510.0,2347.0,437847,24,0,0.31748749184250596,0.02042201435718947,0
4463,45,98481.0,salaried,751.0,47448.0,237511,6,0,0.20097869978303767,0.4817985195113778,0
4464,52,75308.0,salaried,843.0,17975.0,129687,36,0,0.14350732989854995,0.23868646093376533,0
4465,60,16130.0,contract,734.0,20012.0,65105,36,1,0.3363556519942137,1.2406695598264104,1
4466,33,,contract,635.0,47539.0,359308,18,0,0.21495935426283685,0.3412877890489831,1
4467,37,29071.0,salaried,753.0,14720.0,51092,18,0,0.14645752353433547,0.5063465309070896,1
4468,57,100517.0,salaried,553.0,25430.0,357831,12,0,0.296658774137708,0.2529920311987027,1
4469,26,125240.0,self_employed,,33518.0,443273,18,0,0.2949490311934419,0.26763015011178537,0
4470,39,17118.0,salaried,725.0,13683.0,390769,6,0,1.9023299061416832,0.7993340343498072,1
4471,33,146735.0,self_employed,519.0,26943.0,321103,24,0,0.1823599232175918,0.18361672402630594,1
4472,46,77408.0,salaried,599.0,41198.0,287909,24,0,0.30994750757888934,0.5322188921041753,1
4473,34,66786.0,salaried,789.0,6535.0,438029,12,0,0.5465579113387037,0.09784984877070045,0
4474,51,96271.0,salaried,556.0,30689.0,186879,24,1,0.16176470588235295,0.3187772018572571,1
4475,24,,salaried,725.0,19079.0,199581,36,0,0.4869064348029744,0.5585514374377891,1
4476,59,46087.0,salaried,640.0,6156.0,77732,24,0,0.14055301205690687,0.13357345889296332,0
4477,28,103114.0,salaried,624.0,37404.0,441198,18,0,0.3565616696083946,0.362744147254495,1
4478,45,34874.0,salaried,808.0,15025.0,241868,36,0,0.5779568350824874,0.4308367265011183,1
4479,33,98443.0,salaried,551.0,42276.0,105903,18,0,0.08964832441108052,0.4294464817203864,1
4480,52,55821.0,salaried,633.0,18688.0,85391,18,1,0.12747741292106315,0.33478440013614946,1
4481,58,130675.0,salaried,791.0,107.0,101552,12,0,0.06476117594541164,0.0008188253300172183,1
4482,58,75582.0,contract,652.0,34372.0,69338,12,0,0.07644897815176453,0.45476436188510494,1
4483,48,137603.0,salaried,846.0,7921.0,330391,36,0,0.20008708627961116,0.05756415194436168,1
4484,50,84381.0,salaried,685.0,24942.0,440535,24,1,0.43506535831526055,0.2955878693070715,1
4485,23,,salaried,738.0,,88964,6,0,0.058467402733964245,0.18570189274447949,0
4486,48,145805.0,self_employed,682.0,27485.0,178058,24,0,0.10176720048466559,0.18850519529508591,0
4487,23,97018.0,salaried,,32028.0,388206,36,0,0.3334484322496856,0.3301243068296605,0
4488,54,115592.0,salaried,502.0,2921.0,178882,6,1,0.1289607700648257,0.025269914873001592,1
4489,36,106626.0,salaried,783.0,28844.0,181799,18,0,0.14208463851843514,0.2705156340854951,0
4490,42,101217.0,self_employed,695.0,1740.0,121692,18,0,0.10019067943132083,0.017190788108716916,0
4491,52,87799.0,self_employed,665.0,15095.0,216451,6,0,0.20544178559360965,0.1719267873210401,0
4492,58,77185.0,salaried,789.0,2818.0,378426,18,0,0.4085703180669819,0.03650968452419512,0
4493,28,56538.0,salaried,,17737.0,432534,24,0,0.6375269730093035,0.31371820722346033,1
4494,28,35343.0,salaried,640.0,6140.0,82422,12,0,0.19433834139716494,0.17372605607899724,0
4495,26,135026.0,salaried,610.0,43406.0,433971,24,0,0.26783175092204464,0.32146401433797933,1
4496,34,68106.0,self_employed,760.0,26811.0,360792,18,1,0.44145890229935686,0.39366575632102896,1
4497,52,129322.0,salaried,687.0,25460.0,68069,12,1,0.04386273539433868,0.1968729218539769,1
4498,55,96227.0,salaried,843.0,38785.0,68599,24,0,0.05940726961594286,0.40305735396510334,0
4499,30,57135.0,salaried,772.0,,485686,18,0,0.7083894868877804,0.12239432922026779,1
4500,23,134599.0,salaried,684.0,49894.0,238979,24,0,0.1479573894803577,0.37068626067058447,0
4501,32,,salaried,786.0,15899.0,289003,18,0,0.2445778748180495,0.1614603432517518,0
4502,51,35910.0,contract,591.0,7005.0,204193,36,0,0.4738536155202822,0.19507101086048453,1
4503,49,60950.0,salaried,693.0,7628.0,48570,6,0,0.06640689089417555,0.1251517637407711,0
4504,25,31225.0,salaried,848.0,26615.0,494783,18,1,1.320477715505738,0.8523618895116093,1
4505,45,47959.0,salaried,837.0,18946.0,49148,24,0,0.08539933415347832,0.39504576826038906,1
4506,51,64192.0,salaried,810.0,12468.0,490193,18,0,0.6363630462778331,0.1942298105682951,1
4507,41,94711.0,salaried,828.0,14851.0,153823,18,0,0.13534418740519405,0.15680332801892072,0
4508,40,18449.0,salaried,546.0,13199.0,257549,24,0,1.1633376696117224,0.7154317307171121,1
4509,59,119213.0,salaried,643.0,31579.0,234567,24,0,0.163969114106683,0.264895607022724,0
4510,42,115245.0,contract,648.0,30901.0,157575,12,0,0.11394203653086901,0.2681331077270164,0
4511,24,112069.0,salaried,849.0,14439.0,267019,18,1,0.19855252865050402,0.1288402680491483,1
4512,33,38908.0,salaried,822.0,23823.0,234048,36,1,0.5012850827593297,0.6122905315102293,1
4513,40,119847.0,salaried,619.0,2334.0,435260,6,0,0.30264976734225024,0.019474830408771182,0
4514,33,135910.0,salaried,633.0,38998.0,91779,18,0,0.05627437274667059,0.28693988668972115,0
4515,37,29012.0,salaried,696.0,48200.0,125104,24,0,0.3593455581598419,1.6613814973114573,1
4516,56,,salaried,536.0,602.0,200553,12,0,0.5156346414908058,0.01857336788843638,1
4517,53,125030.0,salaried,686.0,48437.0,197216,18,0,0.13144578634461063,0.3874030232744141,1
4518,21,39657.0,contract,712.0,15034.0,464537,36,0,0.9761559539719764,0.37910078926797286,1
4519,35,20656.0,salaried,609.0,49594.0,488522,24,0,1.9708639943196489,2.400948876839659,1
4520,33,30873.0,salaried,686.0,30613.0,121310,36,0,0.3274436130815491,0.9915784018397953,0
4521,37,109485.0,self_employed,577.0,19691.0,378260,36,1,0.28790854150492456,0.17985112115814952,1
4522,44,124383.0,salaried,797.0,40609.0,304368,6,0,0.2039185419229316,0.3264835226678887,0
4523,28,16607.0,salaried,829.0,10824.0,354825,6,0,1.7804991870897815,0.6517733485879449,1
4524,47,63447.0,salaried,624.0,5856.0,399355,18,1,0.524525719629507,0.09229750815641402,1
4525,43,64757.0,self_employed,815.0,12159.0,145669,6,0,0.18745592497078822,0.18776348502864554,0
4526,28,,salaried,819.0,19685.0,73374,18,0,0.07261790240020902,0.23378582202111614,1
4527,28,143765.0,salaried,813.0,2301.0,39299,18,0,0.02277965197834429,0.01600528640489688,0
4528,46,20462.0,contract,501.0,23479.0,426713,24,1,1.737827028964259,1.14744404261558,1
4529,33,131832.0,salaried,833.0,14073.0,111884,24,0,0.07072385055727491,0.10674949936282542,0
4530,59,63465.0,self_employed,570.0,3566.0,79482,12,0,0.10436461041518948,0.05618845032695186,0
4531,57,105027.0,self_employed,711.0,22937.0,74826,6,0,0.05937044759918878,0.21839146124329933,1
4532,48,65528.0,salaried,507.0,15558.0,267716,12,0,0.340460057787002,0.23742522280551825,1
4533,45,51230.0,self_employed,683.0,14060.0,370253,36,0,0.6022724315179908,0.2744485652937732,0
4534,36,63242.0,self_employed,663.0,7120.0,202296,18,0,0.2665633597925429,0.11258340975933714,0
4535,22,129688.0,contract,768.0,31636.0,148865,18,0,0.0956558561059363,0.24393930047498613,0
4536,38,16783.0,salaried,794.0,18773.0,150754,24,0,0.7485451548193609,1.1185723648930466,1
4537,37,43390.0,contract,580.0,18214.0,407420,36,1,0.7824767611584851,0.4197741415072597,1
4538,50,87102.0,salaried,761.0,39308.0,99458,18,0,0.09515472281539651,0.4512869968542628,0
4539,59,32426.0,self_employed,774.0,20457.0,84490,18,0,0.21713542630399474,0.6308826250539691,1
4540,33,45750.0,salaried,604.0,38313.0,96543,36,0,0.17585245901639343,0.8374426229508197,1
4541,52,73188.0,salaried,808.0,27990.0,20872,36,0,0.023765280282742163,0.382439744220364,0
4542,49,25872.0,salaried,527.0,21213.0,101330,18,0,0.3263824469181612,0.8199211502782932,1
4543,50,109231.0,salaried,546.0,40822.0,174953,36,0,0.13347325087810846,0.3737217456582838,1
4544,38,144860.0,salaried,812.0,29712.0,42388,6,0,0.024384463159832483,0.2051083805053155,0
4545,33,81770.0,salaried,,41555.0,337733,36,0,0.3441900044841221,0.5081937140760671,1
4546,41,139158.0,salaried,578.0,3462.0,458517,12,0,0.2745781773236178,0.02487819600741603,0
4547,50,98514.0,salaried,500.0,15856.0,142021,12,0,0.12013605511230215,0.16095174289948636,0
4548,41,107663.0,salaried,667.0,12381.0,318944,18,0,0.24686908842096789,0.11499772438070646,0
4549,37,149363.0,salaried,522.0,20151.0,100223,18,0,0.05591690490058895,0.13491293024376855,1
4550,60,127808.0,self_employed,727.0,42627.0,252636,24,1,0.16472364797195793,0.33352372308462697,1
4551,39,125091.0,salaried,797.0,17489.0,354846,36,0,0.23639190669192828,0.13981021816117867,0
4552,35,114272.0,salaried,759.0,45395.0,28885,12,0,0.021064506907495565,0.39725392047045643,1
4553,29,64393.0,salaried,763.0,2855.0,109362,24,0,0.141529358781234,0.04433711738853602,1
4554,30,108558.0,self_employed,663.0,6503.0,33026,18,0,0.025352039155720138,0.059903461743952544,1
4555,51,84770.0,salaried,509.0,14324.0,73189,6,0,0.07194860603200817,0.16897487318626872,1
4556,43,41720.0,salaried,615.0,18543.0,43585,36,0,0.08705856503675295,0.4444630872483222,1
4557,50,28368.0,salaried,657.0,37166.0,33006,24,0,0.09695783981951495,1.3101381838691484,1
4558,53,62969.0,contract,771.0,14129.0,310676,6,0,0.4111494015573801,0.22438025059950134,0
4559,29,63838.0,salaried,657.0,46998.0,484361,18,1,0.6322788412335391,0.7362072746639933,1
4560,21,23734.0,self_employed,819.0,20530.0,26642,12,0,0.09354372068200331,0.8650037920283138,1
4561,55,122187.0,salaried,701.0,25381.0,164628,24,1,0.1122787203221292,0.20772258914614483,1
4562,31,114329.0,self_employed,620.0,6024.0,324381,24,0,0.23643826150845368,0.05269004364596909,1
4563,54,83895.0,salaried,638.0,41660.0,57996,18,0,0.057607723940640086,0.496573097324036,0
4564,36,135424.0,salaried,661.0,36559.0,247650,18,1,0.15239174740075614,0.2699595344990548,0
4565,29,116255.0,salaried,707.0,37524.0,422355,12,1,0.30275041933680275,0.32277321405530945,1
4566,52,73073.0,contract,554.0,42760.0,139268,12,1,0.15882291224756978,0.5851682564011331,1
4567,35,30624.0,salaried,838.0,18291.0,220981,12,0,0.6013284787530477,0.5972766457680251,0
4568,32,39315.0,salaried,759.0,,230668,6,0,0.4889312815295265,0.34572046292763575,1
4569,53,32422.0,self_employed,543.0,33904.0,197180,6,1,0.5068060781773692,1.045709703287891,1
4570,34,87663.0,salaried,658.0,20515.0,348077,18,0,0.33088551232180813,0.23402119480282446,1
4571,28,116216.0,salaried,803.0,622.0,134909,24,0,0.09673725361969665,0.005352102980656708,0
4572,28,47743.0,salaried,597.0,7245.0,268125,6,0,0.4680005445824519,0.15174999476363027,0
4573,47,25108.0,salaried,525.0,22043.0,329518,18,0,1.093668684615793,0.8779273538314482,1
4574,32,51180.0,salaried,697.0,15295.0,447761,6,0,0.729062459293995,0.2988472059398202,1
4575,21,33883.0,self_employed,596.0,37736.0,482812,12,0,1.187448966541727,1.1137148422512764,1
4576,60,,salaried,,38191.0,51117,18,1,0.07171296296296296,0.6429461279461279,1
4577,31,62951.0,self_employed,511.0,1415.0,335250,12,0,0.44379755682991534,0.02247780019380153,1
4578,59,70262.0,salaried,544.0,39565.0,474082,36,0,0.5622788040951486,0.5631066579374342,1
4579,51,98133.0,salaried,508.0,,232885,24,0,0.19776306984738398,0.18796938848297717,1
4580,37,130106.0,salaried,500.0,37030.0,304256,12,0,0.194876997730056,0.2846140839008193,1
4581,53,85496.0,self_employed,826.0,34456.0,491382,24,0,0.4789522316833536,0.4030130064564424,1
4582,52,76934.0,salaried,709.0,4158.0,51100,18,0,0.05535047356608695,0.05404632542179011,0
4583,49,93886.0,self_employed,553.0,24122.0,150423,36,0,0.1335156466352811,0.2569286155550348,1
4584,41,45881.0,self_employed,603.0,41162.0,37158,24,0,0.06748981059697914,0.8971469671541596,1
4585,41,33409.0,salaried,651.0,29852.0,118643,6,1,0.295935725902202,0.8935316830794098,1
4586,60,113171.0,salaried,509.0,48678.0,232998,18,0,0.17156780447287734,0.4301278596106776,0
4587,43,63951.0,salaried,539.0,30997.0,86832,36,1,0.11314912980250505,0.4846992228424888,1
4588,26,,self_employed,543.0,1124.0,347967,6,0,1.220834035028629,0.04732233075109465,1
4589,42,132339.0,salaried,767.0,21672.0,135580,6,0,0.08537417793192735,0.16376124951828258,1
4590,58,59864.0,self_employed,777.0,18834.0,138967,36,0,0.1934482048198138,0.31461312307897904,1
4591,57,87035.0,salaried,654.0,46220.0,71005,12,0,0.0679851017789778,0.531050726719136,0
4592,28,101675.0,self_employed,581.0,,184409,36,1,0.151142529300877,0.06383083353823457,1
4593,55,37343.0,salaried,696.0,41746.0,41102,36,0,0.09172178632318417,1.1179069705165627,1
4594,31,34673.0,salaried,551.0,9167.0,83673,36,0,0.20110027975658293,0.26438439131312547,1
4595,44,110024.0,contract,722.0,4929.0,307362,24,0,0.23279920744564822,0.04479931651276085,0
4596,41,41520.0,self_employed,558.0,4288.0,334968,12,0,0.6723025048169556,0.10327552986512524,1
4597,22,30784.0,salaried,793.0,19330.0,460799,18,1,1.2473985403672905,0.6279235966735967,1
4598,60,132446.0,salaried,775.0,10391.0,403823,6,0,0.2540802792584651,0.07845461546592573,0
4599,39,53079.0,salaried,833.0,40683.0,452757,24,0,0.7108225475235027,0.7664613123834285,1
4600,59,59220.0,salaried,775.0,28453.0,146208,12,0,0.20574130361364404,0.48046268152651134,0
4601,48,127878.0,salaried,609.0,45441.0,301079,36,0,0.19620197896953867,0.35534650213484725,0
4602,37,131583.0,salaried,529.0,14263.0,102029,24,0,0.06461637648227102,0.10839546141978827,0
4603,26,,contract,,27855.0,253026,24,0,0.33090866290018833,0.4371468926553672,1
4604,39,29718.0,salaried,796.0,19420.0,481971,6,0,1.351512551315701,0.6534760078067164,1
4605,58,76217.0,salaried,839.0,36843.0,479483,18,0,0.5242520260134441,0.48339609273521655,1
4606,48,115668.0,salaried,826.0,46157.0,65269,12,0,0.04702323316157739,0.3990472732302798,0
4607,22,,salaried,818.0,45227.0,489987,12,1,0.3949800731296794,0.4374915359167328,1
4608,58,23177.0,salaried,594.0,,107613,12,0,0.3869245372567632,1.040169133192389,1
4609,57,,salaried,784.0,3667.0,421975,36,1,0.25608138287284504,0.026704437874131577,0
4610,24,126145.0,salaried,706.0,43899.0,260616,36,1,0.17216695073130128,0.34800428078798207,1
4611,42,28418.0,contract,832.0,13742.0,123860,24,0,0.3632087643981514,0.48356675346611305,0
4612,46,103075.0,contract,671.0,8796.0,436704,18,0,0.35306330341983994,0.08533592044627698,0
4613,56,80227.0,salaried,578.0,,211287,6,0,0.21946788487666247,0.23583083001981878,1
4614,33,32533.0,salaried,749.0,33433.0,29549,6,0,0.07568981239561881,1.0276642178710846,1
4615,52,116457.0,self_employed,717.0,1232.0,246732,18,0,0.17655443640141855,0.01057901199584396,1
4616,37,,salaried,838.0,11979.0,180590,12,0,0.12284632882735802,0.09778456213674655,0
4617,56,139202.0,self_employed,556.0,24311.0,486015,18,0,0.2909530753868479,0.17464547923162024,0
4618,39,25273.0,self_employed,646.0,32091.0,264369,6,0,0.8717109167886677,1.2697740671863254,1
4619,55,48519.0,self_employed,733.0,22408.0,217679,36,1,0.3738724348536999,0.4618396916671819,1
4620,60,142024.0,salaried,516.0,41311.0,339269,18,0,0.199067880546011,0.2908733735143356,1
4621,48,139540.0,contract,696.0,9953.0,486197,24,0,0.29035700635421147,0.07132721800200659,1
4622,21,98460.0,self_employed,688.0,19279.0,385519,36,0,0.3262907102715147,0.19580540320942516,0
4623,38,119471.0,self_employed,631.0,30767.0,207594,24,0,0.14480083032702498,0.25752693122180276,1
4624,60,119668.0,salaried,747.0,22558.0,186086,24,1,0.12958490713195397,0.1885048634555604,1
4625,53,82519.0,self_employed,649.0,20954.0,456731,18,0,0.4612382198847134,0.2539293980780184,1
4626,32,105426.0,salaried,701.0,7424.0,391016,24,1,0.30907619246359214,0.07041906171153225,1
4627,28,29629.0,salaried,712.0,6362.0,267680,12,0,0.752865998402466,0.21472206284383544,1
4628,44,64056.0,salaried,716.0,22772.0,263625,18,0,0.34296162732608965,0.3555014362432871,1
4629,36,26273.0,contract,505.0,15839.0,370076,6,0,1.1738159580811733,0.6028622540250447,1
4630,24,135484.0,self_employed,657.0,4538.0,61083,12,0,0.03757085707537421,0.03349473000501904,0
4631,58,112275.0,self_employed,848.0,46730.0,206567,36,1,0.153319231054702,0.416210198174126,0
4632,47,61073.0,salaried,574.0,6644.0,85610,18,0,0.11681375839841938,0.10878784405547459,0
4633,29,60693.0,salaried,750.0,23778.0,415204,6,1,0.5700877091811796,0.39177499876427263,1
4634,36,39343.0,self_employed,803.0,32557.0,388796,6,1,0.8235179489786408,0.8275169661693312,1
4635,32,58095.0,salaried,545.0,31488.0,213669,18,0,0.30649367415440226,0.5420087787245029,1
4636,51,137388.0,self_employed,841.0,4350.0,444247,12,0,0.2694600935549927,0.03166215389990392,0
4637,44,129441.0,salaried,847.0,69.0,387735,6,0,0.249621449154441,0.0005330613947667277,0
4638,34,115782.0,self_employed,814.0,31174.0,88619,18,0,0.06378294265660177,0.269247378694443,1
4639,45,87590.0,self_employed,728.0,25153.0,367882,18,1,0.35000380560946837,0.2871674848727024,0
4640,54,123263.0,salaried,681.0,7169.0,331078,24,0,0.22382899437246645,0.05816019405661066,0
4641,23,44373.0,salaried,582.0,4084.0,277990,18,0,0.5220704782938573,0.09203795100624254,0
4642,44,42525.0,salaried,644.0,13068.0,498827,6,1,0.977517146776406,0.3073015873015873,1
4643,29,142716.0,contract,549.0,27026.0,64939,24,0,0.037918546857628674,0.1893690966675075,0
4644,46,119513.0,self_employed,599.0,13138.0,427072,6,0,0.29778629382019806,0.10992946374034623,1
4645,40,144401.0,self_employed,842.0,8320.0,199967,12,0,0.115400285778261,0.05761732951987867,0
4646,60,111643.0,salaried,719.0,1506.0,470642,12,1,0.35129982772468193,0.013489426117177074,1
4647,30,112694.0,self_employed,638.0,,458964,6,0,0.3393880774486663,0.10896764690223082,1
4648,39,51136.0,salaried,513.0,30865.0,197379,36,1,0.32165695400500627,0.6035865143929913,1
4649,23,71539.0,salaried,512.0,34416.0,317977,36,0,0.3704005274512271,0.48108024993360265,1
4650,44,83363.0,contract,843.0,24568.0,27954,36,0,0.027944051917517365,0.2947110828545038,0
4651,25,96526.0,salaried,749.0,14111.0,186073,6,0,0.16064151972870866,0.14618859167478193,0
4652,23,50255.0,salaried,835.0,35935.0,492916,18,0,0.817358140151892,0.7150532285344742,1
4653,47,133209.0,salaried,671.0,18932.0,68338,24,0,0.0427511154151246,0.14212252925853358,1
4654,36,101437.0,salaried,818.0,1479.0,455960,18,0,0.3745838960799971,0.014580478523615643,1
4655,35,147715.0,salaried,605.0,5523.0,265631,6,0,0.1498555777454332,0.03738956774870528,1
4656,55,130900.0,salaried,688.0,32775.0,222236,18,0,0.1414795008912656,0.25038197097020626,1
4657,32,,self_employed,516.0,16603.0,319080,12,0,0.6865656226600222,0.428696842159622,1
4658,46,36818.0,salaried,549.0,8916.0,105932,24,0,0.23976497003277383,0.24216415883535228,0
4659,54,80555.0,salaried,748.0,46757.0,76338,6,0,0.07897088945441003,0.5804357271429458,1
4660,43,113979.0,salaried,726.0,6917.0,26308,24,0,0.019234537356296627,0.060686617710279965,0
4661,51,68629.0,self_employed,578.0,2049.0,186154,36,0,0.22603904083307835,0.029856183246149588,1
4662,40,130296.0,salaried,771.0,36553.0,226263,36,0,0.14471088905261864,0.280538159268128,0
4663,32,70438.0,contract,712.0,7657.0,172703,12,0,0.2043203479182638,0.10870552826599279,1
4664,43,24457.0,salaried,516.0,41730.0,466360,6,0,1.5890474438129507,1.7062599664717668,1
4665,24,48922.0,salaried,845.0,49891.0,416130,36,0,0.708832427128899,1.0198070397776051,1
4666,43,123122.0,salaried,750.0,20679.0,130020,24,0,0.08800214421468137,0.16795536134890596,1
4667,21,117020.0,salaried,839.0,30664.0,62301,24,0,0.04436634763288327,0.26204067680738335,0
4668,45,103405.0,self_employed,583.0,20505.0,105854,12,1,0.0853069645246039,0.19829795464435956,1
4669,22,131130.0,salaried,696.0,42977.0,88237,36,0,0.05607476041587229,0.327743460687867,1
4670,50,83038.0,salaried,764.0,32093.0,482796,18,0,0.484513114477709,0.386485705339724,1
4671,23,77325.0,salaried,517.0,31682.0,462401,36,0,0.4983306390774868,0.4097251859036534,1
4672,41,40600.0,salaried,720.0,13642.0,382593,12,0,0.785289408866995,0.3360098522167488,1
4673,45,76526.0,self_employed,,49661.0,475889,36,0,0.5182214759253936,0.6489428429553354,1
4674,40,28149.0,salaried,734.0,18379.0,337755,6,0,0.9999023055881203,0.65291839852215,1
4675,42,127168.0,salaried,675.0,33782.0,93023,12,0,0.060958076455292734,0.265648590840463,0
4676,41,124813.0,salaried,571.0,19485.0,229605,18,0,0.15329933580636632,0.15611354586461346,0
4677,53,106779.0,salaried,590.0,17306.0,265170,24,0,0.2069461223648845,0.16207306680152464,1
4678,58,149266.0,self_employed,821.0,42751.0,144159,36,0,0.08048215936650008,0.2864081572494741,0
4679,35,47398.0,self_employed,522.0,26131.0,336969,24,0,0.5924458837925651,0.5513101818642137,1
4680,35,19789.0,salaried,712.0,38195.0,331700,12,0,1.3968197820337898,1.9301126888675526,1
4681,45,79967.0,salaried,793.0,,188551,24,0,0.1964883431081988,0.10269236059874698,0
4682,41,113837.0,salaried,627.0,17448.0,54692,6,0,0.04003677773190322,0.15327178333933608,0
4683,44,116967.0,contract,558.0,22395.0,144737,12,0,0.10311811593583375,0.19146425915001666,1
4684,25,,salaried,823.0,46577.0,109541,12,0,0.062437443428339526,0.3185819522438287,1
4685,26,,salaried,584.0,26559.0,397713,36,0,0.4437790394065584,0.3556231003039514,1
4686,43,60331.0,salaried,728.0,18283.0,344796,12,0,0.47625598780063316,0.30304486913858547,1
4687,24,49626.0,salaried,767.0,32758.0,91559,6,1,0.15374837114953183,0.6600975295208157,0
4688,47,27342.0,self_employed,611.0,31683.0,252278,36,1,0.768896447467876,1.1587667324994515,1
4689,38,51417.0,salaried,615.0,36311.0,144819,6,0,0.2347132271427738,0.706206118598907,1
4690,41,67664.0,salaried,737.0,46387.0,363427,18,0,0.4475878359738315,0.6855491842043037,1
4691,48,,salaried,551.0,,395950,36,0,1.384459922516399,1.136323584945244,1
4692,55,75658.0,salaried,583.0,25089.0,103165,12,1,0.11363085639764907,0.33161066906341696,1
4693,42,146809.0,salaried,610.0,36342.0,94167,12,1,0.053452104435014205,0.2475461313679679,1
4694,60,109965.0,salaried,699.0,27691.0,442419,12,0,0.33527258673214205,0.25181648706406584,1
4695,43,79054.0,self_employed,,40.0,197431,18,0,0.20811829045125274,0.0005059832519543603,1
4696,23,16299.0,salaried,728.0,39749.0,457000,6,0,2.3365441642636564,2.438738572918584,1
4697,60,80875.0,contract,816.0,49414.0,467735,12,0,0.48195260175167437,0.6109922720247295,1
4698,30,129286.0,salaried,520.0,46373.0,499636,24,0,0.3220482753997597,0.35868539517039744,0
4699,45,113730.0,salaried,675.0,40913.0,280069,12,0,0.20521483630821535,0.35973797590785195,0
4700,28,71298.0,self_employed,555.0,41992.0,209694,36,1,0.24509102639625235,0.5889646273387753,1
4701,31,136035.0,self_employed,790.0,34587.0,249672,36,0,0.15294593303194032,0.25425074429374794,1
4702,25,124825.0,salaried,799.0,15358.0,453676,24,0,0.3028746912343948,0.12303625075105147,1
4703,57,130637.0,contract,794.0,49279.0,104868,18,0,0.0668952900020668,0.37722084861103666,0
4704,58,87618.0,salaried,642.0,18962.0,93663,36,1,0.08908272272820654,0.2164167180259764,1
4705,49,40532.0,salaried,725.0,30659.0,301133,18,0,0.6191260403302741,0.7564146846935754,1
4706,25,123197.0,salaried,507.0,31363.0,370541,18,0,0.2506426022278681,0.25457600428581867,1
4707,29,145860.0,salaried,623.0,12812.0,240913,24,0,0.13763940308057956,0.0878376525435349,0
4708,22,75285.0,salaried,,22235.0,103014,36,0,0.114026698545527,0.2953443581058644,1
4709,21,33866.0,salaried,600.0,16376.0,393701,12,0,0.9687715309356484,0.4835528258430284,1
4710,60,24495.0,salaried,822.0,48906.0,443994,18,0,1.5104919371300265,1.996570728720147,1
4711,50,22837.0,salaried,849.0,29428.0,418317,18,0,1.5264592547182205,1.2886105880807461,1
4712,31,45346.0,contract,592.0,24321.0,414290,36,0,0.761349769917229,0.5363427865743395,1
4713,48,123621.0,salaried,753.0,9085.0,36399,36,0,0.024536688750293235,0.07349074995348687,0
4714,32,38412.0,salaried,579.0,2806.0,316439,24,0,0.6865020479711201,0.07305008851400605,1
4715,59,133833.0,self_employed,797.0,,142930,6,0,0.08899773100306602,0.26187113791067973,0
4716,46,80206.0,salaried,530.0,23460.0,118015,6,0,0.12261655404001363,0.29249682068673166,0
4717,33,25934.0,salaried,829.0,38455.0,350879,6,0,1.1274742294542557,1.4828024986504202,1
4718,28,45723.0,salaried,798.0,,359113,18,0,0.6545083072705932,0.9873149180937384,1
4719,48,142968.0,salaried,,30259.0,345386,24,0,0.20131894316676927,0.21164876056180404,0
4720,50,136988.0,contract,511.0,21116.0,242787,6,0,0.14769359359943937,0.15414488860338132,1
4721,29,51523.0,salaried,626.0,10440.0,322712,36,0,0.5219545963291475,0.20262795256487395,1
4722,59,116150.0,salaried,686.0,48515.0,391676,18,0,0.2810130578275219,0.4176926388291003,0
4723,51,135950.0,salaried,,43368.0,99027,18,0,0.06070062522986392,0.3189996322177271,1
4724,41,56646.0,salaried,828.0,49131.0,489729,36,0,0.720452459132154,0.867333968859231,1
4725,54,67776.0,salaried,,2179.0,120296,24,1,0.14790879760780612,0.03215002360717658,1
4726,51,34116.0,self_employed,802.0,41136.0,399785,24,0,0.976533493570954,1.2057685543440029,1
4727,45,127858.0,self_employed,522.0,35891.0,222430,6,0,0.14497202625829697,0.28070984998983245,0
4728,32,91620.0,self_employed,836.0,5665.0,70083,36,1,0.06374426981008513,0.06183147784326566,1
4729,21,97604.0,salaried,,40981.0,173900,12,0,0.14847410625247598,0.41987008729150443,0
4730,42,109452.0,salaried,708.0,49804.0,256794,24,0,0.19551492891861272,0.4550305156598326,0
4731,60,148991.0,contract,714.0,3390.0,294949,6,0,0.1649702554740443,0.022753052197783757,0
4732,57,38550.0,salaried,622.0,,255781,18,0,0.5529204496325119,0.21683527885862516,1
4733,21,85227.0,contract,572.0,25637.0,366202,24,0,0.35806532358681326,0.30080842925364026,1
4734,21,38212.0,self_employed,709.0,9064.0,417505,12,0,0.9105015004012701,0.23720297288809797,1
4735,41,55118.0,contract,810.0,1781.0,334696,18,0,0.5060294882494527,0.032312493196414965,0
4736,35,43602.0,salaried,773.0,7083.0,373343,18,1,0.7135433389905662,0.16244667675794688,1
4737,37,32540.0,salaried,593.0,25972.0,164677,36,0,0.42172966605203854,0.7981561155500922,1
4738,42,86455.0,salaried,735.0,,392676,36,0,0.37849748424035623,0.29156208432132324,0
4739,58,37277.0,self_employed,653.0,17985.0,421633,24,0,0.9425673560998292,0.4824690828124581,1
4740,55,134133.0,salaried,773.0,19265.0,225244,12,0,0.1399382205224168,0.14362610245055282,0
4741,36,24752.0,self_employed,712.0,34631.0,30573,36,0,0.10293107627666451,1.3991192630898512,1
4742,28,140332.0,salaried,627.0,33489.0,97769,6,0,0.05805815257152087,0.23864122224439188,1
4743,37,33302.0,salaried,732.0,7242.0,309854,18,1,0.7753638420114908,0.21746441655155846,1
4744,37,81236.0,self_employed,540.0,32389.0,415118,6,1,0.4258354260016085,0.39870254566940766,1
4745,46,79467.0,salaried,788.0,11528.0,262160,18,0,0.2749149542157961,0.1450665055935168,1
4746,33,117350.0,salaried,542.0,40621.0,130150,6,0,0.09242295128532879,0.34615253515125693,1
4747,37,18048.0,salaried,769.0,,154675,18,0,0.7141834736997635,2.7368129432624113,1
4748,58,73906.0,salaried,,6905.0,242666,36,0,0.27362009399327075,0.09342949151625037,1
4749,37,91637.0,salaried,527.0,4638.0,369516,6,0,0.3360323886639676,0.05061274376070801,1
4750,34,44778.0,salaried,769.0,37140.0,264726,24,0,0.49266380812005894,0.829425164143106,1
4751,26,135918.0,salaried,573.0,31369.0,356116,24,0,0.21833997949744208,0.23079356670933945,0
4752,55,105036.0,self_employed,644.0,25572.0,128607,12,0,0.1020340645112152,0.24345938535359304,0
4753,34,26957.0,contract,661.0,36939.0,482800,12,0,1.4925004018745904,1.37029343027785,1
4754,28,87644.0,salaried,745.0,22866.0,233796,12,0,0.2222970197617635,0.2608963534297841,1
4755,35,128294.0,salaried,769.0,21953.0,241035,6,0,0.1565642196829158,0.1711147832322634,0
4756,47,32829.0,salaried,710.0,27726.0,274883,18,1,0.6977646796023841,0.84455816503701,1
4757,33,,self_employed,779.0,47141.0,414976,12,0,1.6596119083041385,2.2623698229111677,1
4758,51,114770.0,self_employed,722.0,45373.0,377641,36,0,0.2742013011530307,0.39533850309314283,0
4759,55,41352.0,contract,569.0,48455.0,386753,24,0,0.7793919681434192,1.1717692010059972,1
4760,26,45215.0,salaried,519.0,3501.0,309836,24,0,0.5710420583139814,0.07743005639721331,0
4761,25,56247.0,self_employed,620.0,1186.0,404830,36,0,0.5997801364220907,0.021085569008124878,0
4762,42,144692.0,salaried,672.0,34149.0,165164,24,0,0.09512389535473051,0.23601166615984298,0
4763,43,81714.0,contract,533.0,47018.0,126520,6,0,0.12902725767106413,0.5753971167731355,1
4764,45,50319.0,salaried,570.0,12616.0,394654,36,0,0.6535867829911829,0.2507204038236054,1
4765,54,134058.0,salaried,532.0,,106315,6,0,0.06608768841347278,0.3620895433319906,0
4766,46,31025.0,self_employed,761.0,,353024,24,0,0.9482245500940102,0.5894601128122482,1
4767,25,24780.0,self_employed,,44626.0,159337,36,0,0.5358387140166802,1.8008878127522194,1
4768,46,37706.0,salaried,608.0,26524.0,66195,36,0,0.14629634540921868,0.7034424229565587,1
4769,40,90503.0,salaried,522.0,12225.0,278199,36,0,0.25616001679502337,0.13507839519131962,0
4770,26,118166.0,salaried,645.0,29147.0,297060,24,0,0.2094934245045106,0.2466614762283567,1
4771,26,24179.0,salaried,513.0,44487.0,453865,24,0,1.5642534154982974,1.8399023946399768,1
4772,38,114423.0,salaried,805.0,1752.0,163334,24,0,0.11895481386318019,0.015311606932172728,0
4773,24,,contract,816.0,26313.0,470350,12,0,0.2838714427803046,0.19056896202091603,0
4774,37,90138.0,salaried,535.0,34722.0,195194,12,0,0.18045848217917712,0.3852093456699727,1
4775,34,101706.0,self_employed,770.0,21655.0,33873,18,1,0.02775401647887047,0.2129176253121743,0
4776,34,131905.0,self_employed,760.0,33305.0,247187,36,0,0.15616479031626296,0.2524923240210758,1
4777,33,43830.0,self_employed,552.0,18774.0,329155,24,0,0.6258175526656019,0.4283367556468172,1
4778,27,125076.0,contract,547.0,26365.0,286331,36,0,0.1907713443559649,0.21079183856215422,0
4779,35,45609.0,self_employed,510.0,48513.0,489863,6,0,0.895040817967214,1.0636716437545222,1
4780,39,32401.0,salaried,757.0,9382.0,358666,6,0,0.9224663847823626,0.2895589642294991,1
4781,55,118480.0,salaried,842.0,36704.0,119714,24,0,0.08420127166329057,0.3097906819716408,0
4782,37,133278.0,salaried,779.0,17879.0,146366,12,0,0.09151672944271873,0.13414817149116884,0
4783,55,72391.0,salaried,709.0,31972.0,444763,18,0,0.5119915919566429,0.44165711207194264,1
4784,39,141543.0,salaried,823.0,38984.0,56380,12,0,0.03319368201418179,0.2754216033290237,1
4785,40,143886.0,self_employed,834.0,20907.0,43723,36,0,0.02532270918180597,0.14530253117050998,0
4786,56,109583.0,salaried,511.0,3370.0,221388,12,0,0.16835640564686127,0.030752945256107243,1
4787,55,21015.0,salaried,750.0,1259.0,122771,24,0,0.48683876596082165,0.059909588389245774,1
4788,52,36506.0,contract,822.0,5826.0,148497,12,0,0.3389785240782337,0.15959020434996987,1
4789,60,39067.0,salaried,659.0,35798.0,385803,6,1,0.8229515959761435,0.9163232395628024,1
4790,44,,salaried,535.0,4695.0,242249,24,0,0.13844160683221438,0.03219745026368306,1
4791,37,17056.0,self_employed,648.0,32864.0,33460,24,0,0.16348108192620386,1.9268292682926829,1
4792,27,,salaried,697.0,12765.0,117055,24,0,0.2200546682307646,0.2879669734704927,0
4793,21,92712.0,salaried,745.0,,302523,12,0,0.2719200319268272,0.49699068081801706,1
4794,55,67832.0,self_employed,703.0,32705.0,469236,6,0,0.5764683335298973,0.482147069229862,1
4795,52,57771.0,salaried,543.0,25290.0,64718,12,0,0.09335422039893142,0.4377628914161084,0
4796,56,112421.0,salaried,814.0,18878.0,159874,36,0,0.1185084044202892,0.16792236325953336,1
4797,33,79538.0,salaried,818.0,,420861,18,0,0.44094332268852626,0.050831049309763884,1
4798,26,55151.0,salaried,705.0,13586.0,450199,18,0,0.680252095761334,0.24634186143496944,1
4799,34,147701.0,salaried,740.0,5139.0,415054,18,0,0.23417467270589457,0.034793264771396264,0
4800,57,98463.0,self_employed,540.0,32630.0,189488,36,0,0.1603715778177251,0.33139351837746156,1
4801,35,111853.0,salaried,575.0,49736.0,354364,36,1,0.2640102038687682,0.4446550383092094,1
4802,24,104432.0,self_employed,701.0,47530.0,439887,36,1,0.3510154933353761,0.4551286961850774,0
4803,60,43155.0,self_employed,594.0,2897.0,344993,6,1,0.6661897037809447,0.06713011238558683,1
4804,36,65588.0,salaried,527.0,40296.0,223552,24,0,0.28403569758695696,0.6143806793925718,1
4805,48,26251.0,salaried,643.0,2030.0,76447,36,1,0.24267964395007174,0.0773303874138128,1
4806,36,117420.0,self_employed,558.0,15669.0,203797,18,0,0.1446353545676489,0.1334440470107307,1
4807,24,24623.0,salaried,628.0,16977.0,322526,18,1,1.0915471984188225,0.6894773179547578,1
4808,46,69715.0,salaried,841.0,34599.0,369763,12,0,0.4419935929618207,0.49629204618805134,0
4809,48,,salaried,500.0,14362.0,323097,24,0,1.274665057046821,0.6799223595133267,1
4810,52,18061.0,salaried,786.0,42636.0,305680,36,0,1.4104054777328683,2.36066662975472,1
4811,22,121393.0,salaried,521.0,6599.0,26182,24,0,0.017973304336603702,0.054360630349361165,0
4812,51,117035.0,salaried,725.0,32879.0,479224,36,0,0.3412255593056208,0.2809330542145512,0
4813,23,54095.0,salaried,703.0,28310.0,176804,18,1,0.2723665156976923,0.523338571032443,1
4814,28,96897.0,salaried,686.0,37238.0,384867,24,0,0.3309932196043221,0.38430498364242444,0
4815,44,96443.0,salaried,783.0,13626.0,126547,24,0,0.1093452436499625,0.14128552616571446,0
4816,35,,contract,831.0,25420.0,387539,36,0,0.24280979411801562,0.19112063456261044,0
4817,51,49814.0,self_employed,526.0,34941.0,36284,36,0,0.06069913411223083,0.7014293170594612,1
4818,29,100141.0,salaried,842.0,3078.0,292519,24,0,0.2434226074568192,0.030736661307556347,0
4819,59,44767.0,salaried,,1383.0,78771,36,0,0.1466314472714276,0.030893291933790517,1
4820,22,,salaried,594.0,39489.0,68709,24,0,0.09377712629182568,0.646756309677842,0
4821,28,101755.0,salaried,565.0,3970.0,216131,12,0,0.1770027680867443,0.03901528180433394,1
4822,27,42946.0,contract,676.0,49513.0,439615,24,0,0.8530383116782316,1.1529129604619754,1
4823,59,,self_employed,774.0,5078.0,206884,6,0,0.9388114426777028,0.276519276846003,1
4824,36,92015.0,contract,655.0,35579.0,171911,24,0,0.15569110108859063,0.38666521762756073,1
4825,55,148524.0,self_employed,518.0,47092.0,468147,12,0,0.262666303089063,0.31706660203064824,0
4826,50,102208.0,salaried,819.0,14006.0,43788,12,0,0.03570170632435817,0.13703428303068252,0
4827,30,138208.0,self_employed,,21279.0,134755,18,0,0.08125132650304855,0.15396359110905303,0
4828,58,40345.0,self_employed,772.0,13941.0,163078,18,0,0.33684058330235056,0.3455446771594993,1
4829,38,100895.0,salaried,697.0,47499.0,422581,6,0,0.3490270413135768,0.47077654987858664,0
4830,25,144022.0,salaried,578.0,13624.0,335872,36,0,0.19434067943323474,0.09459665884378775,1
4831,49,,salaried,540.0,33673.0,476094,36,0,0.6000741121664952,0.5093018331417508,1
4832,59,112599.0,salaried,725.0,24525.0,288200,12,0,0.2132937829524833,0.2178083286707697,1
4833,54,41521.0,self_employed,760.0,33259.0,458492,12,0,0.9202010227756235,0.8010163531706848,1
4834,43,69431.0,self_employed,744.0,13715.0,143140,18,0,0.17180126072407617,0.19753424262937305,0
4835,25,,contract,522.0,47480.0,79657,12,0,0.257979998186364,1.845245035171583,1
4836,50,78094.0,salaried,696.0,41500.0,490474,24,0,0.5233799438283777,0.5314108638307681,0
4837,26,33423.0,self_employed,735.0,35654.0,168132,24,0,0.4192023456900936,1.0667504413128683,1
4838,24,129612.0,salaried,625.0,12607.0,27223,6,1,0.017502880391733276,0.09726722834305465,1
4839,49,18934.0,salaried,765.0,47328.0,51573,24,0,0.226985845568818,2.499630294707933,1
4840,43,91945.0,contract,823.0,16839.0,386999,6,0,0.3507522613156416,0.18314209581815216,1
4841,26,145443.0,self_employed,639.0,33418.0,378868,18,0,0.21707702215530025,0.229766987754653,0
4842,52,111946.0,self_employed,815.0,25888.0,302467,24,0,0.22515840970944323,0.23125435477819664,0
4843,38,111344.0,salaried,626.0,46563.0,149785,6,0,0.11210378047612204,0.418190472769076,1
4844,35,42358.0,self_employed,785.0,19993.0,499474,36,0,0.9826439712293624,0.4720005665989896,1
4845,60,144774.0,self_employed,613.0,,488879,6,0,0.28140354391442296,0.2884703054415848,0
4846,52,34763.0,salaried,824.0,,370721,24,0,0.8886867263086231,1.0399562753502287,1
4847,29,100997.0,self_employed,512.0,37472.0,357064,6,0,0.2946160116967171,0.37102092141350734,0
4848,57,82975.0,salaried,727.0,32393.0,63582,18,0,0.06385658330822537,0.39039469719795117,0
4849,30,102189.0,salaried,508.0,43800.0,230352,12,0,0.18784800712405444,0.42861756157707775,0
4850,40,102507.0,self_employed,645.0,11254.0,348345,36,0,0.28318797740642104,0.10978762425980665,0
4851,26,,salaried,662.0,,181629,18,0,0.18340805816419267,0.19511663132384127,1
4852,23,114248.0,salaried,722.0,42273.0,237854,36,0,0.1734924608454123,0.37001085358168195,0
4853,31,39604.0,self_employed,715.0,19029.0,29793,36,1,0.06268937481062518,0.48048176951823046,1
4854,37,131585.0,self_employed,668.0,23500.0,289596,6,0,0.1834023634912794,0.17859178477790022,1
4855,52,144716.0,salaried,525.0,21813.0,75749,12,0,0.04361934179127855,0.15072970507753117,1
4856,24,25680.0,contract,624.0,2053.0,478939,6,0,1.5541893821391486,0.07994548286604361,1
4857,24,128508.0,salaried,799.0,19898.0,340192,6,0,0.22060364594681525,0.15483860926946183,0
4858,37,110619.0,contract,749.0,33077.0,310087,24,0,0.23359986379675582,0.2990173478335548,0
4859,39,70037.0,self_employed,509.0,30617.0,453674,6,0,0.5398027709163252,0.437154646829533,1
4860,25,114969.0,salaried,604.0,15191.0,475347,12,0,0.3445472257739043,0.1321312701684802,1
4861,52,126115.0,salaried,605.0,21384.0,80797,18,0,0.05338844176611294,0.16955952900130833,1
4862,42,73914.0,salaried,500.0,5121.0,177014,6,0,0.19957202514634123,0.06928322104066889,0
4863,26,122255.0,salaried,681.0,32531.0,309369,12,0,0.21087685575232096,0.26609136640628195,1
4864,55,25349.0,salaried,801.0,22106.0,60158,6,0,0.19776585532631136,0.8720659592094363,1
4865,42,43525.0,salaried,640.0,31493.0,495470,36,0,0.9486310549492629,0.723561171740379,1
4866,21,20948.0,salaried,729.0,39665.0,403432,6,0,1.604894659792502,1.8934981859843423,1
4867,40,29498.0,self_employed,563.0,21878.0,371679,24,1,1.0500118652112007,0.7416774018577531,1
4868,42,74790.0,salaried,577.0,,213249,36,0,0.23760863751838482,0.6467843294558095,1
4869,31,41245.0,salaried,731.0,9806.0,265350,12,0,0.536125590980725,0.23775003030670383,0
4870,33,146310.0,salaried,586.0,41782.0,227184,6,0,0.1293964869113526,0.2855717312555533,0
4871,23,61659.0,self_employed,682.0,9519.0,198530,36,0,0.26831714213118385,0.15438135551987545,1
4872,29,140983.0,salaried,818.0,16441.0,298883,36,0,0.17666609922236487,0.1166168970726967,1
4873,32,89874.0,self_employed,645.0,34016.0,71074,18,0,0.06590152138920415,0.3784854351647863,1
4874,43,57517.0,salaried,816.0,26025.0,417543,36,0,0.6049559260740303,0.4524749204582993,1
4875,34,141618.0,salaried,591.0,29897.0,285482,12,0,0.16798829715619953,0.21111016961120763,1
4876,53,90885.0,salaried,622.0,16901.0,414011,6,1,0.3796106801635767,0.18596027947406063,1
4877,38,61350.0,salaried,775.0,18461.0,364253,36,0,0.4947745177940777,0.30091279543602284,1
4878,29,92179.0,salaried,563.0,24726.0,97871,12,0,0.08847911852663477,0.2682389698304386,1
4879,43,60013.0,salaried,831.0,6384.0,338747,18,1,0.47038002877154395,0.10637695166047356,1
4880,30,54913.0,salaried,718.0,48898.0,454989,6,0,0.690469469888733,0.8904630961703057,1
4881,39,60819.0,self_employed,691.0,36441.0,361951,24,0,0.4959401393204974,0.599171311596705,1
4882,25,97168.0,salaried,606.0,37917.0,260978,36,0,0.2238202563258137,0.39022106043141774,1
4883,43,107680.0,salaried,746.0,18897.0,68129,36,1,0.052724894749876176,0.17549219910846953,1
4884,50,109792.0,contract,556.0,6608.0,280843,18,0,0.2131629201884776,0.06018653453803556,1
4885,45,148932.0,salaried,544.0,43244.0,358122,12,1,0.2003833964493863,0.2903607015282142,1
4886,48,64875.0,salaried,585.0,17778.0,406703,18,0,0.5224187540141297,0.27403468208092485,0
4887,54,88947.0,contract,537.0,18089.0,448042,12,0,0.41976495366154376,0.2033682979751987,1
4888,45,24586.0,contract,,42132.0,147234,6,0,0.4990441714797039,1.7136581794517205,1
4889,30,66986.0,salaried,663.0,18805.0,124374,36,0,0.15472636073209328,0.2807303018541188,1
4890,34,104848.0,salaried,744.0,8791.0,401225,24,1,0.31889417696729233,0.08384518541126201,0
4891,50,38055.0,salaried,822.0,31235.0,133308,18,0,0.2919195900670083,0.8207857049008015,1
4892,45,43807.0,self_employed,625.0,19888.0,439012,24,0,0.8351252843913834,0.4539913712420389,1
4893,34,62177.0,contract,706.0,18683.0,193659,24,0,0.2595533718255947,0.30048088521479005,1
4894,55,83625.0,salaried,766.0,20399.0,345022,36,0,0.343818634778276,0.24393423019431987,1
4895,54,71317.0,self_employed,586.0,39474.0,448364,36,0,0.52390968025389,0.5535005678870396,1
4896,30,31433.0,self_employed,644.0,47639.0,181944,24,0,0.48235930391626636,1.515572805650113,1
4897,55,48282.0,salaried,621.0,,177047,6,0,0.3055779931789625,0.9129075017604904,1
4898,31,91519.0,self_employed,597.0,6771.0,188891,24,0,0.17199616108858998,0.07398463706989805,1
4899,31,58578.0,salaried,,29278.0,358035,12,0,0.5093422445286626,0.49981221619037863,1
4900,41,145843.0,salaried,,16238.0,248418,12,0,0.14194373401534527,0.11133890553540451,0
4901,41,123333.0,contract,836.0,25010.0,170165,12,0,0.11497666209908676,0.20278433184954553,0
4902,42,65317.0,salaried,817.0,,250655,12,0,0.31979295844369254,0.040693846931120534,0
4903,27,142878.0,salaried,564.0,11891.0,397384,18,0,0.23177349440315048,0.08322484917202089,0
4904,37,123745.0,self_employed,698.0,35091.0,442580,6,0,0.2980457122846714,0.28357509394318964,0
4905,22,144230.0,contract,624.0,35663.0,239323,18,0,0.1382762485844369,0.24726478541218885,1
4906,32,80950.0,self_employed,845.0,1531.0,46662,18,0,0.048035824583075974,0.01891290920321186,0
4907,38,74612.0,salaried,,11358.0,425302,12,0,0.4750151896924534,0.15222752372272558,1
4908,31,79873.0,salaried,707.0,30406.0,457149,6,0,0.4769540395377662,0.3806793284338888,1
4909,36,130792.0,salaried,799.0,15505.0,215910,6,0,0.13756575325707995,0.11854700593308459,1
4910,38,139814.0,salaried,620.0,31623.0,321784,24,0,0.19179290581296102,0.22617906647402977,1
4911,55,30231.0,contract,641.0,45722.0,201377,18,0,0.5551062375266007,1.5124210247758922,1
4912,46,102385.0,self_employed,846.0,33549.0,190759,6,1,0.15526281519102733,0.32767495238560335,1
4913,36,56163.0,salaried,556.0,34193.0,314513,36,0,0.46666696342194447,0.6088171928137742,1
4914,26,136880.0,salaried,803.0,37696.0,351838,18,0,0.21420100331190337,0.27539450613676214,0
4915,32,102592.0,contract,644.0,2551.0,119258,6,0,0.0968707761488875,0.02486548658764816,0
4916,33,121564.0,self_employed,543.0,28062.0,362112,36,0,0.24823138429140207,0.23084136751011813,0
4917,24,70535.0,salaried,631.0,10515.0,99259,36,0,0.11726920441388436,0.14907492734103636,1
4918,59,125952.0,salaried,580.0,45381.0,129073,36,0,0.08539827341632791,0.36030392530487804,1
4919,22,39507.0,salaried,529.0,33324.0,435165,12,0,0.9179069531981674,0.8434960893006302,1
4920,46,139225.0,self_employed,840.0,,244972,24,0,0.1466283593703238,0.06251750763153169,0
4921,47,125282.0,salaried,708.0,11410.0,321780,24,0,0.2140371322296898,0.09107453584712888,0
4922,47,85559.0,self_employed,742.0,6438.0,459904,6,0,0.44794040759397996,0.07524632125200155,1
4923,35,15982.0,salaried,682.0,22902.0,462304,6,1,2.410545196679598,1.4329871104993117,1
4924,28,144128.0,salaried,657.0,5786.0,478987,24,0,0.2769453772572528,0.040144871225577264,0
4925,27,91737.0,salaried,645.0,36919.0,445851,36,0,0.405008339056215,0.40244394301099884,1
4926,60,97446.0,contract,839.0,13199.0,376007,6,1,0.3215515943873188,0.13544937709090163,1
4927,32,103567.0,contract,732.0,6093.0,326747,12,0,0.2629111267746161,0.058831481070225074,0
4928,33,38636.0,self_employed,591.0,48353.0,397940,12,0,0.8583100389964454,1.2515011905994409,1
4929,37,97850.0,contract,828.0,28691.0,300324,24,0,0.2557690342360756,0.2932141032192131,1
4930,37,98866.0,self_employed,,31902.0,90821,6,1,0.07655226940168174,0.3226791819230069,1
4931,56,77726.0,salaried,689.0,23118.0,191235,6,1,0.20503113501273704,0.2974294315930319,1
4932,41,95901.0,self_employed,530.0,5016.0,193422,36,0,0.1680743683590369,0.052303938436512654,1
4933,28,83896.0,salaried,608.0,39277.0,494012,6,0,0.4906988016909825,0.4681629636693049,1
4934,25,55880.0,salaried,771.0,45056.0,451513,24,0,0.6733372106895729,0.8062992125984252,1
4935,46,67077.0,salaried,594.0,35728.0,227931,6,0,0.2831708335196863,0.5326415910073498,1
4936,36,18625.0,salaried,576.0,21327.0,300739,6,0,1.3455883668903803,1.1450738255033557,1
4937,56,53237.0,self_employed,650.0,25828.0,344837,12,1,0.5397827951737827,0.4851513045438323,1
4938,48,16223.0,salaried,641.0,41684.0,229777,24,0,1.1803047114179457,2.5694384515810884,1
4939,49,80197.0,salaried,730.0,17690.0,383089,18,0,0.3980707923405281,0.2205818172749604,1
4940,32,89693.0,self_employed,757.0,49911.0,39612,24,0,0.03680331798468108,0.5564648300313291,1
4941,57,126555.0,self_employed,627.0,21622.0,346649,24,0,0.22825978164961216,0.17085061830824544,1
4942,50,52760.0,salaried,847.0,14202.0,446910,18,0,0.705885140257771,0.2691811978771797,1
4943,43,,salaried,723.0,16610.0,419038,18,0,0.27897033995345144,0.13269528815888285,0
4944,36,142192.0,salaried,,31767.0,432521,12,0,0.2534841388169986,0.22340919320355576,1
4945,34,44024.0,self_employed,779.0,8499.0,195477,36,0,0.3700197619480283,0.1930537888424496,1
4946,30,38202.0,self_employed,792.0,26093.0,394001,24,0,0.8594685269532136,0.6830270666457253,1
4947,27,134414.0,salaried,528.0,32054.0,380157,24,0,0.23568787477494904,0.23847218295713243,1
4948,57,66524.0,contract,797.0,42804.0,474598,24,0,0.5945197723127493,0.6434369550838795,1
4949,49,113228.0,salaried,517.0,5208.0,231834,24,0,0.17062475712721234,0.04599569011198643,0
4950,23,119755.0,salaried,630.0,7442.0,305863,12,0,0.21283940823626013,0.06214354306709532,0
4951,35,30993.0,salaried,768.0,43628.0,339608,24,0,0.9131309220361588,1.4076727002871616,1
4952,56,29620.0,salaried,605.0,21132.0,201189,18,0,0.5660280216070223,0.7134368669817691,1
4953,39,138271.0,contract,656.0,7045.0,276001,18,0,0.16634061613305273,0.050950669337749784,1
4954,33,35193.0,salaried,558.0,49015.0,253589,6,0,0.6004721582890536,1.3927485579518655,1
4955,41,66559.0,salaried,,7624.0,154791,12,0,0.19380173980979282,0.11454499015910696,1
4956,57,36248.0,salaried,759.0,18163.0,105833,6,0,0.24330767674538364,0.5010759214301479,1
4957,47,78410.0,salaried,550.0,13184.0,360606,24,0,0.3832483101645198,0.16814181864558092,1
4958,49,19260.0,salaried,632.0,16969.0,81168,12,0,0.35119418483904463,0.881048805815161,1
4959,40,52596.0,salaried,666.0,12549.0,117786,12,0,0.1866206555631607,0.23859228838694957,1
4960,45,24012.0,salaried,796.0,31973.0,196501,36,0,0.6819541618079848,1.3315425620523071,1
4961,26,40823.0,salaried,504.0,22091.0,465547,36,0,0.9503364116633597,0.5411410234426671,1
4962,56,88851.0,self_employed,635.0,,449354,6,0,0.4214490176437707,0.24564720712203578,1
4963,22,62027.0,self_employed,725.0,12982.0,146384,6,0,0.19666704284693226,0.20929595176294194,1
4964,42,98794.0,salaried,683.0,39697.0,444047,18,0,0.3745563158356445,0.401815899750997,0
4965,52,40099.0,salaried,,6420.0,330677,18,0,0.6872095729735571,0.16010374323549215,1
4966,36,116427.0,self_employed,807.0,,474601,18,0,0.3396985521685978,0.3845327973751793,1
4967,38,51992.0,salaried,688.0,4031.0,116755,12,0,0.18713616197363697,0.07753115863979074,1
4968,25,134942.0,salaried,,40210.0,370882,24,0,0.22903790764427187,0.2979798728342547,0
4969,56,132886.0,salaried,,39128.0,238898,6,0,0.14981387555247858,0.29444787261261535,0
4970,50,24218.0,self_employed,821.0,18231.0,161187,18,0,0.5546391114047403,0.7527871830869601,1
4971,39,36788.0,salaried,632.0,26813.0,303666,12,0,0.6878737631836468,0.7288517994998369,1
4972,43,35501.0,salaried,671.0,37607.0,474376,36,1,1.1135273184792918,1.059322272612039,1
4973,54,118733.0,salaried,,44445.0,252467,24,0,0.17719519145196927,0.37432727211474487,0
4974,33,30210.0,self_employed,560.0,7351.0,29968,36,0,0.08266578395674722,0.2433300231711354,1
4975,49,,salaried,549.0,16626.0,335952,36,0,0.19512671108756866,0.11588000780618361,1
4976,56,89225.0,salaried,722.0,38313.0,138265,24,0,0.12913514523209116,0.42939759036144576,0
4977,42,78721.0,salaried,671.0,2100.0,42681,12,1,0.04518171771191931,0.026676490390111916,0
4978,56,46449.0,salaried,818.0,9441.0,250914,36,0,0.4501603909664363,0.2032551831040496,1
4979,29,104333.0,salaried,724.0,1737.0,39251,12,0,0.03135073913974166,0.016648615490784315,0
4980,59,35782.0,salaried,690.0,31281.0,318461,36,0,0.7416694613679131,0.8742104968978817,1
4981,39,35243.0,salaried,764.0,10110.0,75679,18,0,0.17894570080110472,0.28686547683227875,0
4982,58,44379.0,self_employed,743.0,17776.0,450760,24,1,0.846421355445894,0.4005498095946281,1
4983,26,52780.0,salaried,578.0,8439.0,473829,6,0,0.7481195528609321,0.15989010989010988,0
4984,35,129944.0,self_employed,842.0,24027.0,462546,24,0,0.2966316259311704,0.18490272732869545,0
4985,40,34984.0,salaried,521.0,26507.0,176262,36,0,0.4198633661102218,0.757689229361994,1
4986,29,15050.0,self_employed,,12300.0,349434,36,0,1.9348504983388704,0.8172757475083057,1
4987,52,55205.0,contract,829.0,28960.0,404527,18,0,0.6106436615040908,0.5245901639344263,1
4988,24,30162.0,salaried,655.0,46418.0,421454,18,0,1.1644176999756868,1.5389563026324515,1
4989,38,64746.0,contract,555.0,40552.0,159087,24,0,0.20475782287708894,0.6263244061409199,1
4990,25,26628.0,salaried,,28560.0,272461,6,0,0.8526770066596565,1.0725552050473186,1
4991,40,53516.0,self_employed,760.0,9539.0,195715,24,0,0.30476088148092784,0.1782457582778982,0
4992,43,102157.0,salaried,759.0,13862.0,206550,6,1,0.16849065653846532,0.13569309983652614,0
4993,31,147548.0,salaried,514.0,49284.0,92033,12,0,0.051979129955449524,0.3340201154878412,0
4994,57,134558.0,salaried,687.0,32223.0,481286,36,0,0.29806601366449165,0.239472941036579,0
4995,42,55800.0,salaried,525.0,11815.0,438007,12,0,0.6541323178016727,0.2117383512544803,1
4996,24,50788.0,self_employed,522.0,1854.0,334235,24,0,0.5484153080780236,0.03650468614633378,1
4997,49,135754.0,salaried,602.0,43904.0,295878,6,0,0.18162632408621476,0.32340851834936724,1
4998,54,41240.0,salaried,528.0,22434.0,337061,6,0,0.6810964274167475,0.5439864209505335,1
4999,33,79198.0,contract,841.0,37845.0,334172,12,0,0.3516208321758967,0.4778529760852547,1
5000,29,73739.0,contract,556.0,38108.0,461352,18,0,0.5213794599872523,0.516795725464137,1
5001,51,27089.0,contract,561.0,605.0,307956,18,0,0.9473587064860275,0.022333788622688176,1
5002,27,47600.0,self_employed,547.0,45666.0,314026,12,0,0.5497654061624649,0.9593697478991596,1
5003,24,23167.0,salaried,534.0,13371.0,53775,18,1,0.19343246859757413,0.5771571632062849,1
5004,39,93352.0,salaried,545.0,14976.0,155901,6,0,0.13916948753106523,0.16042505784557373,0
5005,50,100965.0,salaried,532.0,49283.0,452448,24,0,0.37343633932550885,0.4881196454216808,1
5006,51,140540.0,contract,,12680.0,308858,18,0,0.1831376595038186,0.09022342393624591,1
5007,55,46415.0,salaried,725.0,45868.0,486809,6,0,0.8740152249631944,0.9882150166971884,1
5008,41,86895.0,salaried,765.0,29252.0,114522,24,0,0.10982795327694343,0.3366361700903389,1
5009,51,94900.0,salaried,715.0,6157.0,185999,6,0,0.16332894274675097,0.06487881981032666,0
5010,39,109330.0,salaried,,31193.0,498320,36,0,0.379828653312601,0.28531052775999266,0
5011,51,73650.0,salaried,675.0,30870.0,470933,24,0,0.5328501923512107,0.4191446028513238,1
5012,52,15615.0,salaried,543.0,16045.0,298506,36,1,1.5930515529939162,1.0275376240794107,1
5013,22,92937.0,salaried,718.0,22997.0,316198,18,0,0.2835236055966228,0.24744719541194574,1
5014,30,,salaried,625.0,29016.0,110479,18,0,0.1617005643763758,0.5096248419277786,1
5015,22,122812.0,self_employed,818.0,49955.0,483225,6,0,0.3278893756310458,0.4067599257401557,1
5016,22,82875.0,self_employed,804.0,44227.0,409948,12,0,0.41221518350930114,0.533659125188537,1
5017,44,96782.0,salaried,699.0,31263.0,287064,6,0,0.24717406129238909,0.32302494265462584,1
5018,37,76700.0,contract,584.0,21576.0,253301,36,1,0.27520751847023034,0.2813037809647979,1
5019,52,23109.0,self_employed,540.0,20673.0,279667,24,0,1.0085067866776292,0.8945865247306244,1
5020,36,38758.0,salaried,710.0,45993.0,428108,12,1,0.9204723325937011,1.1866711388616544,1
5021,36,123592.0,self_employed,,36401.0,121420,6,0,0.08186883724944441,0.2945255356333743,0
5022,59,28317.0,self_employed,768.0,30264.0,430894,36,0,1.2680662970418242,1.068757283610552,1
5023,51,40622.0,salaried,680.0,32742.0,247822,36,0,0.5083903631857942,0.8060164442912707,1
5024,44,21800.0,salaried,730.0,2676.0,449960,18,0,1.7200305810397554,0.12275229357798165,1
5025,21,50539.0,salaried,569.0,1215.0,272625,6,0,0.4495290765547399,0.024040839747521716,1
5026,31,148672.0,self_employed,812.0,18861.0,461005,6,1,0.25840160442674703,0.12686316185966423,0
5027,41,100163.0,salaried,575.0,15860.0,370454,36,0,0.3082092855312507,0.15834190269860127,1
5028,24,31689.0,self_employed,775.0,2264.0,216781,6,0,0.5700742634142236,0.07144434977436966,1
5029,27,96459.0,salaried,733.0,31740.0,32323,18,0,0.02792464501325261,0.32905172145678474,0
5030,46,53469.0,salaried,817.0,969.0,81741,12,0,0.12739624829340365,0.018122650507770857,1
5031,32,147030.0,salaried,818.0,39396.0,249161,36,0,0.1412189122401324,0.2679453172821873,1
5032,51,75012.0,salaried,635.0,600.0,240317,18,0,0.2669761727012567,0.007998720204767237,0
5033,37,75021.0,self_employed,653.0,37223.0,273578,18,0,0.30389046622501253,0.4961677396995508,0
5034,53,39642.0,self_employed,793.0,22325.0,221589,24,1,0.4658127743302558,0.5631653297008223,1
5035,31,,salaried,847.0,,23834,12,0,0.021128758302040005,0.10131591544950692,0
5036,48,138714.0,salaried,598.0,2716.0,153501,18,0,0.09221671929293367,0.01957985495335727,1
5037,52,15205.0,self_employed,629.0,12708.0,99725,24,0,0.546558149731448,0.8357777047024005,1
5038,21,107945.0,self_employed,506.0,31300.0,206791,24,0,0.1596422560872049,0.2899624808930474,1
5039,48,27442.0,self_employed,604.0,17165.0,459974,6,0,1.3968065981585405,0.6255010567742876,1
5040,27,106826.0,salaried,806.0,1434.0,489717,18,0,0.3820207627356636,0.013423698350588808,0
5041,22,53909.0,contract,549.0,14852.0,224070,36,0,0.34637073586970635,0.27550130775937226,1
5042,44,34504.0,self_employed,723.0,37106.0,340180,6,0,0.8215955637993663,1.0754115464873637,1
5043,24,110698.0,salaried,563.0,14965.0,278642,12,0,0.20976139285864845,0.13518762759941463,0
5044,39,102087.0,salaried,680.0,25592.0,47605,36,0,0.038859828708193336,0.250688138548493,1
5045,46,56716.0,salaried,574.0,2702.0,133054,36,0,0.19549744927945084,0.047640877353833135,1
5046,31,49571.0,self_employed,765.0,27392.0,250249,24,0,0.42069119713811165,0.5525811462346937,1
5047,60,108280.0,salaried,688.0,20375.0,81758,18,0,0.06292174609038295,0.18816956039896565,0
5048,31,60038.0,salaried,682.0,8651.0,236088,24,0,0.3276924614410873,0.14409207501915453,1
5049,23,87795.0,salaried,567.0,,405781,24,0,0.3851595573020483,0.18439546671222734,1
5050,32,60168.0,salaried,669.0,16915.0,367688,18,1,0.5092518725346806,0.2811295040553118,1
5051,23,82690.0,salaried,821.0,1977.0,25553,18,0,0.025751803926311122,0.02390857419276817,0
5052,47,129053.0,self_employed,671.0,46605.0,357978,18,0,0.2311569665176323,0.3611306982402579,1
5053,22,26230.0,salaried,783.0,11469.0,163536,24,0,0.519557758292032,0.43724742661075106,1
5054,36,98301.0,salaried,606.0,46828.0,119869,18,0,0.10161731145495298,0.4763735872473322,1
5055,22,81758.0,salaried,,33058.0,399948,18,0,0.4076542968272218,0.4043396364881724,1
5056,50,42050.0,salaried,577.0,6077.0,228323,36,0,0.452483154974237,0.14451843043995244,1
5057,40,114805.0,salaried,685.0,43435.0,28500,24,0,0.02068725229737381,0.37833718043639214,1
5058,58,84110.0,salaried,752.0,6614.0,44729,18,0,0.04431597511195656,0.07863512067530615,0
5059,48,,salaried,735.0,49664.0,438758,24,0,0.3124175802266597,0.42435894149513387,0
5060,45,91693.0,self_employed,592.0,34407.0,265287,12,0,0.24110073833335152,0.37524129431908654,1
5061,52,137428.0,salaried,629.0,8446.0,116239,6,1,0.0704847871855323,0.06145763599848648,0
5062,30,34575.0,self_employed,682.0,37584.0,152235,36,0,0.36691973969631236,1.0870281995661606,1
5063,60,55244.0,salaried,533.0,19021.0,71968,36,1,0.10856080901696716,0.34430888422272105,0
5064,53,29962.0,salaried,802.0,49202.0,494693,24,0,1.3758900162427965,1.642146719177625,1
5065,33,115695.0,self_employed,721.0,799.0,77728,18,0,0.05598628578014031,0.00690608928648602,0
5066,57,105388.0,salaried,781.0,9939.0,392359,24,1,0.3102495856580762,0.09430864994116978,1
5067,36,92332.0,contract,839.0,27087.0,71947,6,0,0.06493505321376482,0.2933652471515834,0
5068,42,142386.0,salaried,500.0,39410.0,114831,36,0,0.06720639669630442,0.27678282977259,1
5069,40,60037.0,salaried,596.0,16620.0,381504,36,0,0.5295401169278945,0.27682928860536005,1
5070,47,127666.0,salaried,586.0,49623.0,62691,6,0,0.04092123196465778,0.3886939357385678,1
5071,36,142048.0,self_employed,,34972.0,293778,24,1,0.17234667154764588,0.24619846812345123,1
5072,54,98040.0,contract,751.0,,35719,36,0,0.0303609071127431,0.31637086903304773,0
5073,52,126264.0,salaried,514.0,7181.0,29861,18,1,0.019708045576464127,0.0568729012228347,1
5074,46,25715.0,salaried,641.0,39027.0,499212,24,0,1.6177717285630955,1.5176745090414154,1
5075,45,76726.0,salaried,810.0,,146907,18,0,0.15955803769256835,0.5356463258869223,1
5076,22,147980.0,self_employed,788.0,47178.0,416990,12,0,0.2348233995584989,0.31881335315583187,0
5077,32,133208.0,salaried,569.0,44055.0,21459,6,0,0.01342449402438292,0.33072337997717854,1
5078,60,68648.0,salaried,811.0,20885.0,263586,36,0,0.3199729052557977,0.30423318960494117,1
5079,29,36134.0,salaried,778.0,18096.0,214382,6,0,0.49441430969908307,0.5008025682182986,1
5080,32,71143.0,self_employed,553.0,25526.0,126437,6,0,0.14810194490907982,0.3587984763082805,1
5081,46,,salaried,845.0,23094.0,282149,18,0,0.27950045370073184,0.2745265860703969,0
5082,29,148485.0,self_employed,801.0,3796.0,148804,36,0,0.08351236376289412,0.025564871872579723,0
5083,30,136657.0,self_employed,751.0,20808.0,92474,12,0,0.056390573967426964,0.15226442845957397,1
5084,52,81686.0,salaried,,30370.0,488585,6,0,0.49843812485207584,0.37178953553852556,0
5085,54,127841.0,salaried,633.0,18083.0,224776,18,1,0.1465205476594624,0.14144914385838658,1
5086,40,47264.0,salaried,743.0,10328.0,290253,18,0,0.5117584207853758,0.21851726472579552,1
5087,59,124885.0,salaried,738.0,4110.0,23829,36,0,0.01590062857829203,0.03291027745525884,0
5088,22,67330.0,salaried,516.0,19756.0,296292,24,0,0.36671617406802315,0.2934204663597208,0
5089,21,129672.0,self_employed,848.0,48445.0,205574,24,0,0.13211153268760154,0.37359645875748043,0
5090,56,53345.0,contract,778.0,42843.0,189360,12,0,0.29581029149873467,0.8031305651888649,0
5091,44,54222.0,contract,732.0,30897.0,174326,18,0,0.267920155410473,0.5698240566559699,1
5092,47,,self_employed,653.0,38349.0,471176,24,0,0.5396834123657023,0.5270977939660505,0
5093,22,,salaried,685.0,10508.0,29077,6,0,0.10124444630148052,0.43905903981949607,1
5094,51,83207.0,salaried,582.0,,120374,12,0,0.12055676405430633,0.3649452570096266,1
5095,34,119691.0,salaried,554.0,8583.0,452934,6,0,0.31534952502694436,0.07170965235481365,1
5096,22,120137.0,salaried,561.0,168.0,380608,24,0,0.26400970003690233,0.0013984034893496592,1
5097,49,113818.0,salaried,558.0,27664.0,62177,18,0,0.04552370158205791,0.24305470136533763,0
5098,35,113510.0,salaried,,19592.0,36551,24,0,0.026833905970105425,0.1726015329045899,1
5099,32,114251.0,self_employed,648.0,42145.0,122216,12,0,0.0891429104923954,0.36888079754225345,0
5100,57,33212.0,contract,673.0,24556.0,497838,12,1,1.249141876430206,0.7393713115741298,1
5101,48,43174.0,contract,810.0,45824.0,399434,6,0,0.7709771312981578,1.0613795339787835,1
5102,40,119649.0,salaried,561.0,19893.0,286583,6,0,0.19959980164202515,0.16626131434445754,1
5103,59,66319.0,contract,666.0,23933.0,368171,12,0,0.4626263463964575,0.3608769734163664,0
5104,44,102846.0,salaried,669.0,16159.0,236597,6,1,0.1917081526424622,0.15711841004997765,1
5105,41,,salaried,803.0,20861.0,357425,36,0,0.42667626442050577,0.2988339445335778,0
5106,30,57616.0,salaried,602.0,28002.0,135137,12,0,0.19545641257058224,0.48601083032490977,1
5107,34,89329.0,salaried,527.0,13556.0,188509,6,0,0.17585647811274427,0.15175362984025345,1
5108,57,142957.0,contract,583.0,4720.0,279772,24,0,0.1630863359844802,0.0330169211721007,0
5109,38,71152.0,salaried,633.0,18097.0,204251,18,0,0.23921908964845215,0.25434281538115583,1
5110,44,57351.0,salaried,558.0,35280.0,436334,36,0,0.6340110314844845,0.6151592823141706,1
5111,34,,salaried,589.0,27837.0,366601,36,0,0.22238135447224305,0.2026321727800141,1
5112,54,,self_employed,569.0,13834.0,99014,18,0,0.10911932218930738,0.18295069826491747,1
5113,32,38010.0,salaried,684.0,39446.0,249320,18,0,0.5466105410856792,1.0377795317021836,0
5114,42,136822.0,self_employed,559.0,35446.0,252085,24,0,0.15353585924290927,0.25906652438935257,1
5115,26,34050.0,self_employed,,,344048,18,0,0.8420166421928537,0.9706020558002937,1
5116,56,36125.0,self_employed,667.0,37694.0,367021,36,0,0.8466459054209919,1.043432525951557,1
5117,56,107661.0,salaried,565.0,16813.0,99582,24,0,0.07707990823046414,0.1561661140060003,1
5118,42,103116.0,salaried,623.0,10820.0,22664,18,0,0.01831594191654706,0.1049303696807479,0
5119,34,134233.0,salaried,712.0,16005.0,447773,24,0,0.2779824384962466,0.11923297549782841,0
5120,36,105155.0,contract,681.0,28924.0,73254,24,0,0.0580523988398079,0.27506062479197374,0
5121,56,,self_employed,570.0,21042.0,264718,6,1,0.15230168757436213,0.14527453863838777,0
5122,45,28869.0,salaried,543.0,21546.0,154306,18,0,0.44542011615689264,0.74633690117427,1
5123,52,,salaried,839.0,48609.0,264513,6,0,0.28564995399587906,0.6299195251856363,1
5124,53,78576.0,salaried,694.0,,66274,36,0,0.07028651666327293,0.05894929749541845,0
5125,56,36677.0,self_employed,556.0,43905.0,462686,24,1,1.051262825930874,1.1970717343294162,1
5126,40,,salaried,791.0,43277.0,38561,36,1,0.02284495220220576,0.3076666050532482,1
5127,38,91794.0,self_employed,556.0,44944.0,226956,24,0,0.20603743164041222,0.4896180578251302,1
5128,58,90675.0,contract,670.0,19047.0,149242,18,0,0.13715834941641394,0.21005789909015715,1
5129,23,57325.0,salaried,799.0,41895.0,194585,12,1,0.2828681494403256,0.730832969908417,1
5130,43,55503.0,salaried,817.0,10534.0,148830,18,0,0.22345638974469847,0.18979154279948832,0
5131,52,34514.0,contract,582.0,1688.0,376595,24,0,0.9092807749512275,0.04890768963319233,1
5132,36,71196.0,salaried,816.0,22319.0,391125,12,0,0.45780310691611886,0.3134867127366706,1
5133,25,109633.0,salaried,593.0,41842.0,294738,12,0,0.22403382193317706,0.3816551585745168,0
5134,24,98324.0,salaried,766.0,43479.0,50504,18,0,0.042804062758499115,0.4422012936821122,0
5135,41,100550.0,salaried,832.0,,414116,36,0,0.34320901707276646,0.008115365489806067,0
5136,60,95331.0,self_employed,660.0,36634.0,406644,18,1,0.35546674219299074,0.38428213277947365,1
5137,34,38653.0,salaried,601.0,32574.0,453406,24,0,0.9775136039462223,0.8427288955579127,1
5138,59,112294.0,salaried,611.0,45935.0,260966,36,0,0.19366276619112924,0.40906014568899496,1
5139,51,58755.0,self_employed,,33445.0,280504,24,0,0.39784415510736676,0.569228150795677,1
5140,34,119296.0,salaried,609.0,10446.0,53516,36,0,0.03738320368383405,0.08756370708154507,0
5141,26,113354.0,salaried,619.0,29803.0,206368,6,0,0.15171351106562922,0.26291970287771055,1
5142,32,86988.0,self_employed,778.0,13815.0,336168,36,1,0.32204441991998894,0.15881500896675405,0
5143,36,52921.0,self_employed,741.0,27559.0,220897,6,1,0.3478408067370861,0.5207573553031878,1
5144,37,61668.0,salaried,647.0,40000.0,215522,24,0,0.2912396488724568,0.6486346241162353,1
5145,43,70175.0,salaried,,10506.0,387979,18,0,0.4607279420496378,0.1497114356964731,1
5146,34,68452.0,self_employed,721.0,2446.0,263556,24,0,0.32085256822298835,0.03573306842751125,0
5147,27,61149.0,salaried,770.0,18272.0,444057,18,0,0.6051570753405616,0.2988111007538962,1
5148,52,30839.0,salaried,785.0,1720.0,227211,6,0,0.6139709458802166,0.055773533512759814,1
5149,35,17155.0,salaried,503.0,26479.0,315939,18,0,1.5347274846983388,1.5435150102011075,1
5150,37,69512.0,salaried,819.0,223.0,229044,24,0,0.27458568304753134,0.0032080791805731384,0
5151,54,101150.0,self_employed,820.0,12952.0,457308,24,0,0.3767572911517548,0.12804745427582798,0
5152,25,141041.0,salaried,507.0,33702.0,145721,24,0,0.08609848672844539,0.23895179415914522,0
5153,47,41190.0,self_employed,551.0,34076.0,381588,36,0,0.7720077688759408,0.8272881767419277,1
5154,43,25928.0,salaried,641.0,46265.0,134347,24,0,0.4317950992492029,1.7843643937056464,1
5155,60,63425.0,salaried,813.0,41185.0,461165,36,0,0.6059190645118907,0.6493496255419787,1
5156,34,89134.0,contract,766.0,32967.0,126733,12,0,0.11848546383347919,0.3698588641820181,0
5157,35,124875.0,salaried,814.0,48012.0,115369,6,0,0.07698965632298965,0.3844804804804805,1
5158,53,139264.0,salaried,779.0,48625.0,303353,12,0,0.18152154660692402,0.34915699678308826,0
5159,51,125191.0,salaried,587.0,5074.0,24553,12,0,0.01634369350299409,0.040530070052959076,0
5160,55,118716.0,salaried,659.0,48130.0,129028,36,1,0.0905718970764963,0.40542134168941,1
5161,37,71321.0,salaried,801.0,20377.0,50714,36,0,0.05925557222510434,0.285708276664657,1
5162,48,128782.0,salaried,527.0,23456.0,166513,6,0,0.10774862429014406,0.18213725520647295,1
5163,39,124398.0,contract,515.0,39701.0,70906,6,1,0.04749942389213117,0.31914500233122717,1
5164,43,73973.0,salaried,,49156.0,43376,6,0,0.048864675850197596,0.6645127276168332,0
5165,52,67414.0,self_employed,771.0,49042.0,245993,24,0,0.30408248533934595,0.7274750051918,1
5166,60,44692.0,salaried,599.0,8471.0,54378,24,0,0.10139398550076076,0.18954175243891525,0
5167,33,120958.0,salaried,703.0,40358.0,122743,6,0,0.08456309903713134,0.33365300352188365,1
5168,40,63750.0,salaried,689.0,3019.0,295794,36,0,0.3866588235294118,0.04735686274509804,1
5169,55,,salaried,,38125.0,411403,12,0,0.41079830489519426,0.45682754984662577,1
5170,25,39085.0,salaried,793.0,18748.0,340975,6,0,0.7269945844526886,0.47967250863502625,1
5171,29,37925.0,salaried,,49278.0,24758,6,0,0.054401230498791475,1.299353988134476,1
5172,49,20615.0,self_employed,835.0,28975.0,403351,12,1,1.6304915514592935,1.4055299539170507,1
5173,26,52083.0,salaried,843.0,10988.0,375450,18,0,0.6007238446326056,0.21097095021408138,1
5174,45,125764.0,salaried,,37594.0,428523,6,0,0.2839465188766261,0.29892497057981615,0
5175,51,24605.0,salaried,756.0,3249.0,380693,6,0,1.2893483709273184,0.13204633204633204,1
5176,42,126093.0,contract,552.0,29108.0,160541,24,0,0.10609959844453433,0.23084548706113742,1
5177,22,59608.0,salaried,691.0,30356.0,231509,12,0,0.32365482261888784,0.5092605019460476,0
5178,25,143788.0,salaried,671.0,21541.0,485594,6,0,0.28142937287302605,0.14981083261468273,1
5179,47,34192.0,salaried,546.0,44661.0,223666,6,0,0.5451226407736702,1.306182732802995,1
5180,45,149403.0,salaried,690.0,25058.0,423736,18,0,0.23634956013823907,0.16772086236554823,0
5181,28,66330.0,salaried,540.0,19423.0,199852,12,1,0.25108296899341676,0.2928237599879391,1
5182,21,64949.0,salaried,693.0,20794.0,218164,6,0,0.2799170631315853,0.32015889390136876,1
5183,40,83382.0,salaried,565.0,27744.0,201781,18,0,0.20166322867445413,0.33273368352881916,1
5184,43,114233.0,salaried,542.0,16.0,251598,6,0,0.1835415335323418,0.00014006460479896353,0
5185,52,67243.0,self_employed,689.0,7083.0,443102,36,0,0.5491302688259992,0.10533438424817453,1
5186,31,115566.0,salaried,,37843.0,137020,18,0,0.09880356967735608,0.3274579028433968,1
5187,59,73618.0,salaried,675.0,29118.0,356176,36,0,0.40318038160957015,0.39552826754326387,1
5188,44,133168.0,salaried,525.0,45334.0,391562,6,1,0.24503008730826226,0.34042712964075456,0
5189,31,67494.0,salaried,598.0,45507.0,143286,18,1,0.176912021809346,0.6742377100186683,1
5190,49,38958.0,salaried,560.0,10905.0,69146,12,0,0.14790714786864487,0.279916833513014,1
5191,46,122960.0,salaried,749.0,45661.0,343915,24,0,0.23308054109737583,0.3713484059856864,1
5192,36,117478.0,salaried,817.0,,145232,6,0,0.10302070742323385,0.25861863497846405,0
5193,55,20833.0,salaried,,42771.0,308757,18,0,1.2350477607641723,2.0530408486535783,1
5194,40,114341.0,self_employed,581.0,26583.0,121270,36,1,0.08838328625194229,0.23248878355095723,1
5195,23,109240.0,salaried,681.0,45156.0,165156,18,0,0.12598864884657635,0.4133650677407543,0
5196,21,122955.0,salaried,687.0,47756.0,161980,12,0,0.10978271183224214,0.388402260989793,0
5197,21,19073.0,salaried,543.0,6230.0,47396,18,0,0.2070815638162149,0.3266397525297541,0
5198,37,32667.0,salaried,811.0,32649.0,327750,36,0,0.8360884072611504,0.9994489852144366,1
5199,22,21732.0,salaried,758.0,41429.0,351682,6,0,1.3485566599177863,1.9063592858457574,1
5200,49,70097.0,salaried,597.0,34092.0,283504,36,0,0.33703772391590703,0.4863546228797238,1
5201,40,,salaried,590.0,36045.0,225853,36,0,1.0180712572798905,1.9497484718991724,1
5202,26,72702.0,salaried,,1624.0,397271,36,1,0.4553645933628603,0.02233776237242442,0
5203,28,109961.0,salaried,828.0,7249.0,155425,24,0,0.11778797331174992,0.06592337283218595,1
5204,49,100107.0,self_employed,640.0,25811.0,364846,6,0,0.3037133600380926,0.25783411749428115,1
5205,53,122721.0,salaried,808.0,16502.0,448594,24,0,0.3046164334819088,0.1344676135298767,1
5206,23,86031.0,salaried,751.0,40071.0,95542,18,0,0.09254609772446366,0.4657739651985912,1
5207,55,99217.0,salaried,707.0,40708.0,478985,6,0,0.40230420862016253,0.4102925909874316,1
5208,25,29781.0,salaried,678.0,10196.0,308793,6,0,0.864066015244619,0.3423659380141701,1
5209,47,54865.0,salaried,,39288.0,403498,18,0,0.6128649108417631,0.7160849357513898,1
5210,32,23469.0,salaried,686.0,2475.0,96159,18,0,0.34143977161361794,0.10545826409305893,0
5211,40,60167.0,salaried,824.0,35535.0,166967,36,1,0.2312549514961136,0.5906061462263367,1
5212,40,34928.0,salaried,609.0,42387.0,434088,6,0,1.0356733852496565,1.2135535959688502,1
5213,29,54599.0,salaried,718.0,49394.0,77805,12,0,0.11875217494825913,0.9046685836736936,1
5214,59,81504.0,salaried,847.0,37848.0,398583,36,1,0.40752907832744406,0.4643698468786808,1
5215,24,85687.0,self_employed,502.0,44998.0,53606,6,0,0.052133540288102825,0.5251438374549231,0
5216,39,124122.0,contract,540.0,32355.0,400041,18,1,0.268580509498719,0.2606709527722724,1
5217,58,101284.0,salaried,624.0,21106.0,350464,18,0,0.28835090767873833,0.2083843450100707,1
5218,47,100227.0,salaried,756.0,28489.0,347520,12,1,0.2889440969000369,0.2842447643848464,1
5219,33,112556.0,self_employed,692.0,46503.0,212621,6,0,0.15741867751756164,0.41315434095028253,1
5220,33,58560.0,salaried,614.0,8207.0,369658,24,0,0.526038820582878,0.14014685792349726,1
5221,42,42256.0,self_employed,569.0,37379.0,152423,36,0,0.30059439290672724,0.8845844377129876,1
5222,48,21125.0,salaried,805.0,40882.0,85741,6,1,0.33822879684418145,1.9352426035502959,1
5223,42,19370.0,salaried,835.0,6703.0,463462,24,0,1.9938995009464808,0.3460505937016004,1
5224,39,19838.0,salaried,596.0,19166.0,147185,18,0,0.6182788923614612,0.9661256175017643,1
5225,28,129479.0,salaried,715.0,6163.0,429784,18,0,0.2766111364262416,0.04759845225866743,0
5226,28,72429.0,salaried,814.0,48833.0,370809,24,1,0.4266350494967485,0.6742188902235292,1
5227,46,149206.0,salaried,723.0,4923.0,92438,24,0,0.05162772721382965,0.032994651689610334,0
5228,46,58199.0,salaried,829.0,40970.0,320414,12,0,0.4587908154206544,0.703963985635492,0
5229,43,92092.0,salaried,818.0,21523.0,344474,6,0,0.31171183888575194,0.23371194023367936,1
5230,33,139925.0,salaried,780.0,8470.0,229294,18,0,0.1365576797093681,0.060532428086474896,0
5231,48,35113.0,contract,,43902.0,395690,36,0,0.9390871377172747,1.2503061544157434,1
5232,29,111102.0,salaried,628.0,12620.0,74930,18,0,0.056202108572902976,0.11358931432377455,0
5233,40,17669.0,salaried,598.0,22050.0,219337,6,0,1.0344718622068783,1.2479483841756749,1
5234,39,92818.0,self_employed,769.0,5520.0,213489,24,0,0.19167349005580814,0.059471223254110195,0
5235,59,94737.0,contract,746.0,23305.0,470261,12,0,0.41365481983455954,0.24599681222753517,1
5236,32,39406.0,salaried,685.0,34853.0,495449,18,0,1.047744421323318,0.8844592194082119,1
5237,35,27873.0,salaried,743.0,17490.0,262833,12,0,0.7858052595701934,0.6274889678183188,1
5238,51,140812.0,salaried,537.0,8223.0,236085,24,0,0.1397164304178621,0.058397011618327985,0
5239,34,97048.0,salaried,756.0,14327.0,167032,6,0,0.14342730744923474,0.1476279779078394,1
5240,31,38461.0,self_employed,839.0,25312.0,458133,18,0,0.9926353968955566,0.6581212136969917,1
5241,46,28448.0,self_employed,747.0,36376.0,499231,6,0,1.4624080193100863,1.278683914510686,1
5242,47,30198.0,salaried,632.0,13197.0,432339,36,0,1.1930674216835553,0.43701569640373533,1
5243,31,88158.0,self_employed,543.0,45100.0,411467,6,0,0.38894844105658777,0.5115814787086821,1
5244,58,80470.0,salaried,692.0,24491.0,23336,24,1,0.024166355991881033,0.30434944699888156,1
5245,54,35739.0,contract,556.0,35445.0,449105,24,0,1.0471870132534953,0.9917736926047175,1
5246,39,99054.0,contract,747.0,293.0,76037,36,0,0.06396931639980886,0.0029579825145880025,0
5247,26,73186.0,salaried,,31063.0,60310,6,0,0.06867205931917762,0.42443910037438853,1
5248,58,41547.0,salaried,544.0,27515.0,46684,24,1,0.09363692524931604,0.6622620165114208,1
5249,48,109472.0,salaried,,12454.0,166450,24,0,0.1267066768975933,0.11376425021923414,1
5250,21,100823.0,contract,565.0,16652.0,415571,24,1,0.3434823072777706,0.16516072721502037,1
5251,55,121887.0,contract,722.0,48321.0,83286,24,0,0.05694208570233085,0.3964409658125969,0
5252,60,,salaried,546.0,23457.0,208952,12,0,0.6779049547094397,0.9132212099976641,1
5253,28,49062.0,salaried,737.0,25723.0,436974,18,0,0.742213933390404,0.5242957890016714,1
5254,27,63216.0,salaried,525.0,37945.0,494436,12,0,0.6517811946342698,0.6002436092128575,1
5255,31,46653.0,self_employed,806.0,879.0,204394,24,0,0.3650962067462614,0.01884123207510771,0
5256,59,36673.0,salaried,593.0,49210.0,255148,6,0,0.579781674074478,1.3418591334224088,1
5257,24,34629.0,salaried,609.0,43457.0,472001,12,0,1.1358519352758285,1.2549308383147073,1
5258,45,135756.0,salaried,760.0,36659.0,383847,36,0,0.23562310321459087,0.2700359468458116,1
5259,32,126641.0,self_employed,753.0,49368.0,490296,18,0,0.3226285326237159,0.3898263595518039,1
5260,46,40063.0,self_employed,794.0,38468.0,246906,6,0,0.5135786136834486,0.9601877043656242,1
5261,58,34322.0,salaried,823.0,7649.0,260714,12,0,0.6330099256065109,0.22285997319503525,0
5262,32,27693.0,salaried,539.0,45572.0,271455,18,0,0.816858050770953,1.6456144151951757,1
5263,57,117379.0,self_employed,791.0,43271.0,288881,12,0,0.2050913422900746,0.36864345411019006,0
5264,44,27651.0,contract,753.0,6384.0,224537,36,0,0.6766994563186383,0.23087772594119563,1
5265,36,24275.0,salaried,596.0,21340.0,396457,24,0,1.3609921043597666,0.8790937178166839,1
5266,33,60606.0,salaried,525.0,49885.0,217216,36,0,0.29867229867229866,0.8231033231033231,1
5267,45,16658.0,salaried,603.0,22334.0,495747,24,0,2.480024612798655,1.3407371833353343,1
5268,24,87468.0,salaried,602.0,,119324,18,0,0.11368348043474948,0.4357707961768875,1
5269,31,56150.0,salaried,574.0,5571.0,196912,12,0,0.29224102107450284,0.09921638468388246,1
5270,52,29999.0,salaried,584.0,,282384,12,0,0.7844261475382512,1.3281109370312343,1
5271,27,21376.0,salaried,713.0,10694.0,415268,36,0,1.6189028193612773,0.5002806886227545,1
5272,31,66673.0,salaried,612.0,29657.0,25334,6,0,0.03166449187327204,0.444812742789435,1
5273,48,18476.0,salaried,811.0,12831.0,119906,18,0,0.5408187197806162,0.6944684996752544,1
5274,43,84902.0,salaried,556.0,32746.0,215046,24,0,0.21107276624814492,0.3856917387105133,1
5275,43,106269.0,salaried,,15200.0,227204,18,0,0.17816735517099688,0.14303324581957108,0
5276,48,113331.0,salaried,,24949.0,171945,36,1,0.1264327500860312,0.22014276764521623,0
5277,46,26164.0,salaried,634.0,,248506,12,0,0.7915010446924527,1.846583091270448,1
5278,45,54316.0,self_employed,,39872.0,282071,24,0,0.43276229226501706,0.73407467412917,1
5279,49,77968.0,salaried,583.0,16348.0,78758,24,0,0.08417769683288871,0.20967576441617072,1
5280,39,149942.0,salaried,706.0,16495.0,397200,24,0,0.2207520241159915,0.11000920355870937,0
5281,53,49094.0,salaried,729.0,,366140,24,0,0.6214948194619845,0.2186010510449342,1
5282,56,70329.0,self_employed,801.0,35237.0,361808,18,0,0.4287088777981582,0.501030869200472,1
5283,34,98138.0,salaried,560.0,30868.0,111558,18,0,0.09472885120952129,0.3145366728484379,0
5284,34,81141.0,salaried,716.0,21677.0,387557,36,0,0.3980283292868792,0.2671522411604491,1
5285,55,143307.0,salaried,555.0,11460.0,339496,12,0,0.1974176651059148,0.07996818020054847,0
5286,50,98197.0,salaried,528.0,48382.0,314087,12,0,0.26654497252122433,0.4927034430787091,1
5287,48,97318.0,self_employed,610.0,23965.0,220124,18,0,0.1884920227159073,0.24625454694917692,1
5288,37,94023.0,salaried,591.0,11345.0,384877,36,0,0.34111954876289136,0.12066196568924625,1
5289,23,66962.0,self_employed,641.0,32837.0,205269,6,0,0.2554545861832084,0.49038260505958603,1
5290,36,128037.0,salaried,601.0,38724.0,423685,24,0,0.27575687756924433,0.30244382483188453,1
5291,50,102601.0,contract,,14761.0,143272,12,1,0.11636663710230245,0.1438679934893422,1
5292,49,99859.0,salaried,512.0,9617.0,103771,24,0,0.08659793642369074,0.09630579116554341,0
5293,35,105933.0,self_employed,,38842.0,336723,12,0,0.26488676805150424,0.3666657226737655,0
5294,45,60957.0,salaried,580.0,2572.0,167320,6,0,0.22874047826063182,0.042193677510376164,1
5295,58,97864.0,salaried,599.0,34422.0,52074,12,0,0.044342148287419274,0.35173301724842637,0
5296,58,141358.0,salaried,582.0,49253.0,61738,6,0,0.036395770549479574,0.3484273971052222,0
5297,43,58739.0,self_employed,717.0,22292.0,449415,12,0,0.6375874631845962,0.37950935494305316,1
5298,45,53733.0,salaried,736.0,9923.0,144578,18,0,0.22422285498048997,0.18467236149107624,0
5299,27,60389.0,salaried,624.0,38476.0,494698,24,0,0.6826546777282838,0.6371359022338505,0
5300,42,71922.0,salaried,700.0,34129.0,134467,36,0,0.15580188722968402,0.4745279608464726,1
5301,37,32580.0,contract,501.0,26828.0,309974,36,0,0.792853488847964,0.8234499693063229,1
5302,38,130900.0,salaried,561.0,30182.0,286626,12,0,0.18247135217723454,0.2305729564553094,0
5303,30,146895.0,salaried,519.0,45284.0,419468,36,1,0.2379636248113732,0.3082746179243677,1
5304,30,22084.0,contract,,17506.0,370546,24,0,1.398244581295659,0.7927005977178048,1
5305,27,,contract,845.0,1957.0,154343,18,0,0.1383135643951207,0.02104504737017561,0
5306,58,97455.0,salaried,,42919.0,178900,18,0,0.15297658748482204,0.44039813247139703,1
5307,47,127540.0,self_employed,561.0,30106.0,474171,6,0,0.3098184883173906,0.2360514348439705,1
5308,53,129540.0,salaried,772.0,46009.0,424020,36,0,0.2727728886830323,0.3551721475991972,1
5309,21,32333.0,salaried,794.0,25793.0,181527,24,0,0.4678579160609903,0.7977298735038506,1
5310,54,142182.0,self_employed,740.0,,193877,36,0,0.11363194122087653,0.16234122462759,1
5311,24,51668.0,self_employed,750.0,13331.0,285652,24,0,0.460717142783412,0.2580126964465433,1
5312,37,26945.0,salaried,509.0,,321888,6,0,0.9955093709408054,1.3233252922620151,1
5313,24,117528.0,salaried,,22343.0,40276,36,0,0.02855773375989835,0.19010788918385407,0
5314,46,61526.0,salaried,609.0,47783.0,449095,18,0,0.6082726543791784,0.7766310177811007,1
5315,24,62717.0,self_employed,527.0,46637.0,40701,6,0,0.054080233429532665,0.7436101854361656,1
5316,21,105480.0,contract,560.0,39907.0,264008,36,0,0.20857666540260397,0.37833712552142584,1
5317,27,27930.0,salaried,557.0,1758.0,134341,18,0,0.4008264709392529,0.06294307196562836,1
5318,50,19333.0,self_employed,799.0,31913.0,333162,18,0,1.4360678632390214,1.6507008741530027,1
5319,29,135384.0,salaried,838.0,40849.0,111164,24,0,0.06842512162934074,0.3017269396679076,0
5320,55,32839.0,self_employed,751.0,37109.0,335068,18,1,0.8502796471674939,1.1300283199853833,1
5321,28,66337.0,salaried,755.0,40914.0,47618,12,0,0.05981830150092206,0.6167598775947059,0
5322,44,35195.0,salaried,644.0,33239.0,395772,36,0,0.9370933371217502,0.94442392385282,1
5323,39,104229.0,salaried,578.0,28812.0,149508,36,1,0.11953487033359238,0.2764297844170049,1
5324,56,128251.0,contract,840.0,35948.0,212641,24,0,0.13816721377091276,0.2802941107671675,0
5325,47,127265.0,salaried,793.0,10552.0,415311,18,0,0.2719463324558991,0.08291360546890347,1
5326,52,116986.0,salaried,785.0,40584.0,64800,24,0,0.0461593694972048,0.34691330586565916,0
5327,34,65998.0,self_employed,787.0,16482.0,356698,12,0,0.45038991080537794,0.2497348404497106,1
5328,38,46558.0,salaried,713.0,493.0,211903,24,1,0.37928139811274825,0.010588942824004468,0
5329,48,17985.0,salaried,519.0,29839.0,57463,36,0,0.26625428597905665,1.6591048095635252,1
5330,49,76794.0,salaried,729.0,2157.0,446753,24,0,0.48479590419390406,0.028088131885303538,0
5331,36,58585.0,self_employed,563.0,37347.0,305242,36,0,0.4341867941168103,0.6374839976103098,1
5332,55,55264.0,salaried,535.0,42383.0,441762,6,0,0.6661388969310944,0.7669187898089171,1
5333,51,99816.0,salaried,710.0,13127.0,356944,12,0,0.2980016563810745,0.13151198204696643,1
5334,24,49022.0,salaried,670.0,41465.0,399607,12,0,0.6792987502209892,0.8458447227775284,1
5335,57,33065.0,contract,525.0,12497.0,461419,36,0,1.1629089167800797,0.3779525177680327,1
5336,37,129382.0,salaried,762.0,8552.0,330817,6,0,0.2130751057591731,0.06609883909662859,1
5337,59,,salaried,789.0,41113.0,156439,18,0,0.09107257210055072,0.2872122672814279,0
5338,46,102191.0,salaried,663.0,24491.0,312669,24,0,0.25497108355921755,0.2396590697810962,1
5339,59,86819.0,salaried,561.0,16004.0,75585,18,0,0.07255036339971666,0.18433752980338405,0
5340,24,122158.0,salaried,585.0,16916.0,41014,6,1,0.02797879249278257,0.1384763994171483,1
5341,50,18143.0,contract,572.0,15719.0,109618,12,0,0.5034907861617888,0.8663947527972221,1
5342,50,72505.0,salaried,559.0,42971.0,493915,18,0,0.5676792405121486,0.592662574994828,1
5343,42,,self_employed,819.0,35125.0,418718,6,0,0.7949053824190511,0.8001868051758703,1
5344,31,65629.0,self_employed,677.0,31193.0,393855,12,0,0.5001028508738515,0.47529293452589555,1
5345,22,54916.0,salaried,551.0,43743.0,46874,18,0,0.07112984679631923,0.7965438123679802,1
5346,32,76330.0,salaried,644.0,46831.0,427792,12,0,0.4670422289182934,0.6135333420673392,0
5347,50,22551.0,contract,815.0,1969.0,72123,36,0,0.26651811449603124,0.08731320118841737,1
5348,56,115972.0,self_employed,576.0,37739.0,310649,12,0,0.22322126605272538,0.32541475528575864,1
5349,38,134623.0,salaried,618.0,43307.0,384848,12,0,0.2382257613235975,0.321690944340863,0
5350,46,128216.0,salaried,708.0,12628.0,460876,6,1,0.2995439986689129,0.09849004804392587,1
5351,27,82782.0,salaried,681.0,17018.0,99435,6,0,0.10009724336208355,0.20557609142084027,0
5352,21,80391.0,salaried,637.0,2601.0,169098,24,0,0.17528703461830306,0.0323543680262716,0
5353,46,119957.0,salaried,624.0,15639.0,430617,6,0,0.299146777595305,0.13037171653175722,1
5354,43,138546.0,contract,652.0,25312.0,393726,36,0,0.23682026186248611,0.18269744344838537,0
5355,46,140006.0,salaried,517.0,,83035,36,0,0.049423477089077135,0.23838264074396812,1
5356,26,,self_employed,563.0,39189.0,73194,12,0,0.07778883064876102,0.49978957034089605,1
5357,26,88185.0,self_employed,735.0,5258.0,144343,6,0,0.13640169340968797,0.05962465271871634,1
5358,28,146960.0,salaried,578.0,35833.0,398343,24,0,0.22587949101796406,0.24382825258573762,1
5359,44,142574.0,self_employed,558.0,7866.0,353297,6,0,0.20649919807725578,0.055171349614936804,0
5360,42,44424.0,salaried,750.0,40021.0,97201,24,0,0.1823357494447446,0.9008869079776697,1
5361,39,56559.0,salaried,813.0,30595.0,52412,12,0,0.07722319465808565,0.5409395498505984,1
5362,57,26075.0,salaried,560.0,5570.0,133646,36,0,0.4271204857782039,0.21361457334611697,1
5363,38,24950.0,salaried,617.0,18569.0,24471,6,0,0.08173346693386774,0.744248496993988,1
5364,51,54305.0,salaried,578.0,25572.0,460230,6,0,0.7062425191050548,0.4708958659423626,1
5365,57,18569.0,contract,736.0,43538.0,277590,36,0,1.2457590608002584,2.34466045559804,1
5366,50,81778.0,self_employed,826.0,7505.0,136409,36,1,0.1390033586865253,0.09177284844334663,0
5367,53,117633.0,salaried,670.0,1179.0,463054,18,0,0.32803578360947466,0.010022697712376629,0
5368,30,45085.0,self_employed,743.0,21086.0,134206,18,0,0.24806106983105985,0.46769435510702007,0
5369,57,,salaried,707.0,31760.0,434066,18,0,0.3249765663135891,0.2853369509554655,0
5370,32,107174.0,salaried,843.0,10112.0,171706,36,0,0.13351030411604806,0.09435124190568608,0
5371,50,51163.0,salaried,586.0,,34877,18,0,0.05680700245620207,0.5434982311435999,0
5372,47,64592.0,salaried,638.0,42292.0,98505,6,0,0.12708617166212535,0.6547560069358435,1
5373,59,132431.0,salaried,587.0,14416.0,100970,36,0,0.06353623144631293,0.10885668763356011,0
5374,29,23039.0,salaried,632.0,19128.0,121581,6,0,0.4397651807804158,0.8302443682451496,1
5375,41,18824.0,salaried,538.0,2260.0,484707,36,0,2.145784636634084,0.12005949851253718,1
5376,32,65420.0,salaried,675.0,38888.0,294275,12,0,0.3748535106491389,0.5944359523081626,1
5377,49,104535.0,contract,579.0,3498.0,162208,6,0,0.129309162800338,0.03346247668245085,0
5378,53,18436.0,contract,519.0,5478.0,367563,36,0,1.6614368626600131,0.2971360381861575,1
5379,35,108550.0,self_employed,720.0,5798.0,293254,24,0,0.22512974051896206,0.05341317365269461,0
5380,22,31057.0,salaried,836.0,8097.0,152516,36,0,0.4092367796846658,0.26071417071835656,1
5381,59,16310.0,self_employed,774.0,49357.0,362688,12,0,1.8530962599632128,3.0261802575107297,1
5382,38,141913.0,self_employed,687.0,15695.0,264884,36,1,0.15554365468044976,0.11059592849139967,1
5383,23,81013.0,self_employed,653.0,5380.0,398361,12,0,0.40977065409255303,0.06640909483663116,1
5384,27,75022.0,salaried,642.0,18193.0,146119,18,0,0.16230683443967547,0.2425021993548559,0
5385,38,33546.0,salaried,750.0,25475.0,380460,6,0,0.945120133547964,0.7594049961247242,0
5386,58,113812.0,salaried,711.0,41707.0,178576,12,1,0.13075364050656638,0.36645520683231997,0
5387,57,87855.0,salaried,648.0,31986.0,51713,24,0,0.049051467379963194,0.3640771726139662,1
5388,53,48149.0,salaried,674.0,32475.0,50373,6,0,0.0871824960019938,0.6744688363205882,1
5389,51,128591.0,self_employed,671.0,13164.0,172732,36,0,0.11193888633989418,0.10237108351284305,0
5390,31,44858.0,self_employed,633.0,27205.0,68308,36,0,0.12689672596489665,0.606469303134335,1
5391,24,60330.0,salaried,615.0,43402.0,257887,12,0,0.35621719432012816,0.7194099121498425,1
5392,38,107203.0,salaried,702.0,49070.0,302915,24,0,0.2354683793053055,0.45772972771284387,1
5393,24,40293.0,salaried,794.0,46804.0,164999,12,0,0.3412482730664549,1.1615913434095253,1
5394,54,71869.0,salaried,645.0,29008.0,362638,24,0,0.42048495642534794,0.4036232589850979,1
5395,49,105429.0,salaried,737.0,42721.0,172324,12,0,0.13620857006453,0.40521108992781874,0
5396,44,20704.0,self_employed,727.0,45836.0,210099,18,0,0.8456457689335394,2.21387171561051,1
5397,42,147848.0,salaried,754.0,12566.0,74748,18,0,0.042131107624046316,0.08499269520047617,0
5398,22,63281.0,self_employed,791.0,37696.0,255146,18,0,0.33599605990212966,0.5956922298952292,1
5399,26,131972.0,self_employed,655.0,21533.0,313703,12,0,0.19808684165328,0.16316339829660836,0
5400,45,128532.0,self_employed,838.0,5934.0,229819,6,0,0.1490024533449517,0.0461674913640183,0
5401,41,81780.0,salaried,849.0,17322.0,82896,36,0,0.08447053069210075,0.21181217901687455,0
5402,36,147405.0,salaried,742.0,21634.0,477896,6,0,0.27017174903610236,0.14676571351039652,1
5403,51,70333.0,salaried,706.0,45579.0,178097,36,1,0.21101640292134086,0.6480457253351911,1
5404,34,148005.0,salaried,753.0,37323.0,73405,24,0,0.04133024785198698,0.25217391304347825,0
5405,59,104893.0,salaried,757.0,39306.0,147373,18,0,0.11708201055678961,0.37472471947603747,0
5406,48,77958.0,self_employed,572.0,39324.0,353879,18,0,0.3782795436859164,0.5044254598630031,1
5407,52,45844.0,contract,534.0,,299624,36,0,0.544644155541983,0.472297356251636,1
5408,48,129501.0,self_employed,628.0,22636.0,299497,18,1,0.19272502400238867,0.1747940170346175,1
5409,29,106200.0,salaried,687.0,,469271,6,0,0.3682289704959196,0.2914783427495292,1
5410,42,15792.0,salaried,818.0,38889.0,202744,12,0,1.0698665991219183,2.4625759878419453,1
5411,52,98187.0,salaried,594.0,34218.0,252627,18,0,0.21440974874474217,0.34849827370222125,0
5412,25,57510.0,salaried,719.0,5105.0,81018,18,0,0.11739697443922796,0.08876717092679534,0
5413,43,128104.0,self_employed,800.0,38404.0,478945,24,0,0.3115600085347322,0.2997876725160807,1
5414,25,54632.0,salaried,,33971.0,148706,12,0,0.2268298189095524,0.6218150534485284,1
5415,52,,salaried,684.0,39820.0,109471,36,0,0.09255116603089576,0.4039850661472283,1
5416,30,80214.0,self_employed,536.0,26448.0,164119,12,0,0.17050120095411442,0.3297180043383948,1
5417,59,59870.0,salaried,762.0,22528.0,234244,12,0,0.3260453204164579,0.3762819442124603,1
5418,35,63110.0,contract,609.0,2191.0,430394,36,0,0.5683119421116569,0.03471716051338932,0
5419,27,124414.0,salaried,677.0,26254.0,280931,12,0,0.1881694718172124,0.21102126770299162,1
5420,49,33077.0,self_employed,641.0,47378.0,251002,24,1,0.6323679092219165,1.4323548084771895,1
5421,23,79874.0,salaried,,24216.0,298226,6,0,0.311142132191535,0.3031775045696973,1
5422,39,24754.0,salaried,648.0,45342.0,476969,12,0,1.6056967224152325,1.8317039670356305,1
5423,30,40688.0,salaried,,43497.0,394398,6,0,0.8077688753440818,1.0690375540699961,1
5424,48,22048.0,self_employed,757.0,42625.0,320102,24,0,1.209867864054185,1.9332819303338171,1
5425,49,37568.0,self_employed,538.0,38458.0,454266,24,1,1.0076527896081773,1.0236903747870527,1
5426,35,112583.0,salaried,804.0,21208.0,64637,12,0,0.04784396104799718,0.1883765755042946,0
5427,55,109449.0,contract,782.0,19395.0,223851,18,1,0.17043782949136127,0.17720582188964723,1
5428,26,60217.0,self_employed,811.0,40387.0,115847,12,0,0.16031879148191816,0.6706910008801501,1
5429,32,142873.0,salaried,513.0,24819.0,67548,6,0,0.03939862675243048,0.17371371777732672,0
5430,58,40358.0,self_employed,780.0,41099.0,27364,24,0,0.056502634752300246,1.0183606719857277,1
5431,33,129064.0,salaried,552.0,35216.0,445143,6,0,0.2874174827992314,0.2728568772082068,0
5432,49,26023.0,salaried,510.0,33492.0,204396,6,1,0.6545363716712139,1.2870153325904008,1
5433,39,110387.0,salaried,662.0,26140.0,97247,36,0,0.07341368699816705,0.23680324675912925,1
5434,23,101728.0,salaried,682.0,45219.0,365384,24,0,0.2993145119010171,0.44450888644227743,1
5435,28,42410.0,salaried,685.0,16487.0,318371,24,0,0.6255816238308575,0.3887526526762556,1
5436,28,120696.0,salaried,536.0,36815.0,415585,6,0,0.2869364629592806,0.30502253595810963,0
5437,40,26447.0,salaried,508.0,62.0,300996,24,0,0.9484251521911748,0.002344311264037509,1
5438,24,132954.0,contract,527.0,34830.0,63553,12,1,0.03983395259513316,0.26197030551920214,1
5439,41,101569.0,salaried,810.0,28445.0,373913,36,0,0.3067807762867279,0.2800559225748014,1
5440,23,110894.0,self_employed,673.0,19949.0,162641,12,0,0.1222195670339844,0.17989250996447056,1
5441,28,28907.0,salaried,626.0,26802.0,40421,18,1,0.1165259856320845,0.927180267755215,1
5442,43,36637.0,salaried,569.0,39352.0,429945,18,0,0.9779389688020307,1.074105412561072,1
5443,36,148661.0,self_employed,782.0,15847.0,182506,6,0,0.10230546904254198,0.10659823356495651,1
5444,33,38560.0,salaried,765.0,14646.0,113993,18,0,0.24635416666666668,0.37982365145228214,1
5445,23,18034.0,salaried,650.0,12264.0,332960,12,0,1.5385752837233373,0.6800487967173118,1
5446,29,146241.0,salaried,648.0,4833.0,73025,18,0,0.04161224736337051,0.0330481875807742,1
5447,34,107449.0,salaried,717.0,20030.0,397481,6,0,0.3082710557256621,0.1864140196744502,0
5448,33,18239.0,salaried,625.0,42750.0,58148,24,0,0.2656761152840982,2.3438785021108615,1
5449,27,18415.0,salaried,502.0,14291.0,246649,36,0,1.1161598334690923,0.7760521314146076,1
5450,35,91944.0,salaried,,16513.0,60619,6,0,0.054941957423359146,0.1795984512311842,1
5451,27,149556.0,self_employed,542.0,35783.0,47282,6,0,0.026345761231021603,0.2392615475139747,0
5452,58,68987.0,self_employed,598.0,15825.0,485044,6,1,0.5859123216451408,0.2293910446895792,1
5453,54,33225.0,salaried,,5290.0,185752,12,0,0.46589415600702283,0.15921745673438675,1
5454,42,95459.0,salaried,689.0,34748.0,378817,24,0,0.33069782140325515,0.3640096795482877,1
5455,44,35936.0,salaried,541.0,38293.0,387644,6,0,0.8989221579103591,1.0655888245770258,1
5456,57,54612.0,self_employed,596.0,1819.0,359557,24,0,0.5486538367635928,0.03330769794184428,1
5457,21,110533.0,salaried,759.0,31768.0,345070,6,0,0.2601560921474432,0.2874073806012684,1
5458,30,135877.0,salaried,717.0,5107.0,281927,12,0,0.17290576526319146,0.03758546332344694,0
5459,36,,salaried,635.0,12736.0,239087,6,0,0.16989926294815055,0.10860500217448772,1
5460,28,54952.0,self_employed,839.0,26783.0,175506,18,0,0.26615045858203523,0.4873889940311545,0
5461,45,73945.0,salaried,,11480.0,344349,12,0,0.38806883494489147,0.15525052403813644,1
5462,32,20380.0,salaried,504.0,37551.0,341297,6,0,1.3955552829571476,1.8425417075564279,1
5463,45,95821.0,self_employed,635.0,35663.0,159130,6,1,0.138391723456584,0.3721835505786832,1
5464,37,64744.0,salaried,506.0,18140.0,58448,6,0,0.0752296223073438,0.2801804028172495,0
5465,46,95262.0,self_employed,536.0,18711.0,432860,18,0,0.37865745697829845,0.19641619953391698,1
5466,34,72331.0,salaried,810.0,43088.0,87648,18,0,0.10098021595166665,0.5957058522625154,1
5467,56,107551.0,self_employed,566.0,19580.0,61635,6,0,0.04775641323651105,0.18205316547498396,1
5468,43,78815.0,salaried,824.0,26793.0,345855,18,0,0.3656822939795724,0.339947979445537,1
5469,26,86519.0,salaried,504.0,36421.0,184315,6,0,0.17752844269274187,0.4209595580161583,1
5470,25,,salaried,772.0,48717.0,20325,18,0,0.015752004166434165,0.45307181518888456,0
5471,45,124365.0,salaried,557.0,44121.0,470054,24,0,0.31496937777241724,0.3547702327825353,1
5472,38,51366.0,salaried,654.0,10619.0,396380,6,0,0.6430648029176238,0.20673207958571818,1
5473,33,114830.0,salaried,612.0,13147.0,367327,6,0,0.26657305001596565,0.11449098667595577,1
5474,34,56911.0,salaried,,39022.0,60807,36,0,0.08903814728259915,0.6856670942348579,1
5475,48,98422.0,salaried,823.0,4259.0,497271,36,0,0.42103645526406697,0.04327284550202191,0
5476,38,68619.0,self_employed,,33182.0,363497,12,0,0.44144357490879593,0.48356869088736354,0
5477,48,37791.0,salaried,783.0,28670.0,40637,24,0,0.08960907799917088,0.7586462385223995,1
5478,47,23301.0,contract,588.0,28826.0,488240,24,0,1.7461339284437005,1.2371142869404748,1
5479,52,141866.0,salaried,677.0,6337.0,205259,12,0,0.12057093783335449,0.044668912917823864,0
5480,29,118623.0,salaried,727.0,8146.0,388583,36,0,0.2729817713821659,0.06867133692454246,0
5481,60,127824.0,salaried,566.0,13787.0,84843,12,0,0.055312382651145325,0.10785924396044562,1
5482,52,51894.0,self_employed,621.0,47788.0,479033,36,0,0.7692491745995041,0.9208771726981925,1
5483,40,94618.0,self_employed,,31544.0,315568,6,0,0.2779316127304882,0.33338265446320997,1
5484,48,85994.0,contract,767.0,43028.0,22210,12,0,0.021522819421510027,0.5003604902667628,0
5485,53,56770.0,salaried,682.0,25598.0,375501,18,0,0.5512022194821209,0.45090716927954905,1
5486,24,37300.0,salaried,503.0,39020.0,445067,36,0,0.9943409294012511,1.046112600536193,1
5487,54,133025.0,self_employed,620.0,33166.0,356772,6,0,0.22349934222890433,0.24932155609847773,0
5488,23,135605.0,self_employed,,20354.0,322380,18,0,0.198112164005752,0.15009771026142105,0
5489,46,,contract,797.0,41088.0,327530,18,0,0.49369931566729974,0.7432034005607308,1
5490,28,132713.0,salaried,718.0,26108.0,412249,24,0,0.25885997101514796,0.1967252642921191,0
5491,26,63671.0,self_employed,681.0,22954.0,236361,36,0,0.3093519812787611,0.3605094941182014,1
5492,36,133216.0,salaried,777.0,35720.0,449917,6,0,0.28144579730162544,0.26813595964448717,1
5493,44,35270.0,salaried,756.0,16727.0,338651,36,0,0.8001394008127776,0.4742557414233059,1
5494,59,134870.0,salaried,803.0,9616.0,341975,6,0,0.21129915227008725,0.07129828723956402,1
5495,50,142897.0,self_employed,542.0,,464903,36,0,0.2711177748074954,0.2335318446153523,1
5496,33,87265.0,salaried,517.0,13606.0,258981,18,0,0.24731278290265285,0.15591588838595083,1
5497,25,26171.0,salaried,697.0,9782.0,143923,24,0,0.45827761007731205,0.3737724962745023,1
5498,45,75684.0,salaried,676.0,30915.0,213747,12,0,0.23535027218434543,0.40847471063897256,1
5499,40,64948.0,salaried,575.0,39804.0,325687,36,0,0.4178817412904683,0.6128595183839379,1
5500,38,,salaried,680.0,37596.0,130170,18,1,0.21814982403217698,0.756078431372549,1
5501,38,34450.0,salaried,649.0,22316.0,346594,12,1,0.8383986453797775,0.6477793904208998,1
5502,22,140900.0,salaried,581.0,6583.0,477431,12,0,0.2823698840785427,0.04672107877927608,0
5503,30,99600.0,self_employed,509.0,2148.0,115795,12,0,0.09688336680053547,0.021566265060240963,0
5504,32,126315.0,salaried,779.0,6044.0,69801,18,0,0.046049558643074855,0.047848632387285754,0
5505,33,35115.0,salaried,711.0,49899.0,303288,6,0,0.7197493948455076,1.421016659547202,1
5506,31,114405.0,contract,639.0,3356.0,105211,12,0,0.07663636496073889,0.029334382238538525,0
5507,39,102404.0,salaried,759.0,5188.0,141809,24,0,0.11539995182479851,0.0506620835123628,0
5508,55,125670.0,self_employed,727.0,385.0,80265,6,0,0.05322471552478714,0.003063579215405427,0
5509,59,57738.0,salaried,835.0,15811.0,203245,18,1,0.2933437828351057,0.2738404516955904,1
5510,46,147053.0,contract,504.0,4233.0,349728,12,0,0.198187048207109,0.028785539907380333,1
5511,34,96666.0,salaried,582.0,28919.0,379891,18,0,0.3274944999620687,0.29916413216642873,0
5512,44,99351.0,self_employed,505.0,6246.0,81422,18,0,0.06829490057137488,0.06286801340701151,1
5513,21,25728.0,salaried,651.0,1735.0,309816,12,0,1.0034981343283582,0.06743625621890548,1
5514,42,120852.0,contract,722.0,18941.0,353003,18,0,0.24341274175575636,0.1567288915367557,0
5515,43,98911.0,salaried,,13686.0,457103,24,1,0.38511304775673755,0.13836681461111505,0
5516,39,132616.0,salaried,762.0,37590.0,415110,24,1,0.26084710743801653,0.28344996078904505,1
5517,38,51214.0,salaried,765.0,33946.0,151053,36,0,0.2457872847268325,0.6628265708595306,1
5518,32,60588.0,contract,,14422.0,156392,12,0,0.21510310072401576,0.23803393411236548,1
5519,48,83408.0,self_employed,577.0,33647.0,187816,12,0,0.18764786751071041,0.40340255131402264,1
5520,48,49103.0,salaried,541.0,17889.0,164297,12,0,0.27883055346244967,0.3643158259169501,1
5521,53,85949.0,salaried,561.0,38065.0,260830,36,0,0.2528922190291142,0.44287891656680123,1
5522,39,28423.0,salaried,777.0,3657.0,395656,24,0,1.160022986079349,0.12866340639622842,1
5523,48,53062.0,salaried,812.0,10497.0,310269,24,0,0.48727432060608344,0.1978251856319023,1
5524,57,16987.0,salaried,530.0,16656.0,400207,12,0,1.9633003669472735,0.980514511096721,1
5525,46,77979.0,contract,503.0,35663.0,409046,18,0,0.4371326468237175,0.457341079008451,1
5526,55,52597.0,self_employed,608.0,35863.0,420103,6,0,0.6656003827848229,0.6818449721467004,1
5527,54,98905.0,contract,592.0,17990.0,142587,6,0,0.12013801122289065,0.1818917142712704,0
5528,55,91970.0,salaried,598.0,35215.0,266337,12,0,0.24132597586169402,0.38289659671632054,0
5529,60,78805.0,self_employed,691.0,39264.0,345592,12,0,0.36545058477676967,0.4982424973034706,1
5530,36,134779.0,salaried,832.0,27427.0,290289,24,0,0.17948456361896142,0.20349609360508686,0
5531,58,72467.0,salaried,711.0,1324.0,113719,24,1,0.13077101761261448,0.018270385140822718,1
5532,33,122732.0,salaried,582.0,10249.0,302705,18,0,0.20553251529076905,0.08350715379852035,0
5533,43,116460.0,salaried,706.0,20286.0,446586,24,0,0.3195560707539069,0.17418856259659968,0
5534,42,149461.0,contract,614.0,23594.0,105675,6,0,0.05892005272278387,0.15786057901392336,0
5535,36,133105.0,salaried,751.0,19506.0,460247,6,1,0.28814782815571666,0.1465459599564254,1
5536,48,139535.0,self_employed,560.0,26730.0,403522,24,0,0.24099210472880161,0.19156484036263302,1
5537,55,24458.0,self_employed,752.0,18113.0,445505,6,0,1.517925286886363,0.7405756807588519,1
5538,28,83481.0,salaried,578.0,,171525,6,0,0.1712215953330698,0.45665480768078964,1
5539,42,89888.0,salaried,695.0,2894.0,461605,6,0,0.4279445903049721,0.03219562121751513,1
5540,41,91022.0,salaried,761.0,27939.0,370384,6,0,0.3390975075622743,0.3069477708685812,0
5541,46,82628.0,salaried,,48896.0,329903,36,1,0.3327191347565797,0.5917606622452437,1
5542,60,85648.0,self_employed,831.0,47563.0,320246,12,0,0.31159124167133695,0.555331122734915,1
5543,41,31937.0,contract,795.0,34729.0,94715,18,1,0.24714020310820262,1.0874221122835583,1
5544,45,16112.0,salaried,735.0,12616.0,128811,36,0,0.6662270357497517,0.7830188679245284,1
5545,21,63355.0,contract,,31928.0,171690,18,0,0.22583063688738064,0.5039539105043012,1
5546,26,90561.0,salaried,506.0,37630.0,55886,36,1,0.05142574250137108,0.41552103002396173,1
5547,43,,salaried,521.0,19059.0,21083,36,0,0.013191946799218106,0.1431059986034044,0
5548,43,75482.0,salaried,571.0,18323.0,407632,18,0,0.45003223726627983,0.24274661508704062,1
5549,43,94098.0,salaried,605.0,29149.0,275539,12,1,0.24401776162440575,0.3097727900699271,1
5550,52,137978.0,salaried,638.0,49165.0,463452,24,0,0.27990694168635577,0.35632492136427546,0
5551,50,71625.0,salaried,529.0,,464117,36,0,0.5399848749272833,0.6700593368237348,1
5552,33,,salaried,823.0,45782.0,203390,12,0,0.12162233272818165,0.32851843081537613,0
5553,38,86246.0,salaried,588.0,49897.0,341143,24,0,0.32962205010473916,0.578542772998168,1
5554,43,27588.0,salaried,652.0,47283.0,220154,18,0,0.6650053163211058,1.7138973466724663,1
5555,35,130910.0,salaried,572.0,42970.0,477434,36,0,0.3039199959259542,0.3282407761057215,1
5556,53,143658.0,salaried,827.0,27189.0,388679,24,0,0.22546545731297016,0.1892619972434532,0
5557,41,35967.0,salaried,737.0,14640.0,131961,12,1,0.3057455445269275,0.4070397864709317,1
5558,59,145153.0,self_employed,821.0,4570.0,447334,24,0,0.2568175189857139,0.03148402030960435,0
5559,43,39256.0,salaried,840.0,40477.0,169450,18,0,0.3597114666123225,1.0311035255757082,1
5560,47,143121.0,salaried,750.0,35714.0,403412,24,0,0.2348898251595969,0.24953710496712572,0
5561,38,95732.0,self_employed,804.0,45579.0,427356,6,0,0.3720072702962437,0.476110391509631,1
5562,44,145145.0,salaried,507.0,,374709,36,1,0.21513486513486513,0.24768335113162698,0
5563,60,148578.0,self_employed,706.0,39332.0,102663,12,0,0.057580866615515085,0.26472290648682845,0
5564,27,113120.0,salaried,757.0,20890.0,318194,12,0,0.2344074139556813,0.18467114568599718,0
5565,40,59840.0,salaried,783.0,20462.0,73285,36,0,0.102056873885918,0.3419451871657754,0
5566,47,127647.0,salaried,638.0,,157683,36,0,0.10294209812999913,0.2716475906210095,1
5567,26,74321.0,salaried,,36759.0,325468,6,0,0.36493498921345696,0.4945977583724654,1
5568,47,58202.0,self_employed,625.0,35431.0,340594,6,0,0.4876607905799343,0.6087591491701316,1
5569,29,149162.0,salaried,520.0,8127.0,72579,12,0,0.04054819592121318,0.05448438610369934,0
5570,51,74231.0,contract,669.0,34650.0,143509,24,0,0.16110632125841404,0.46678611361829964,1
5571,41,36552.0,salaried,531.0,16712.0,254286,36,0,0.5797357189757059,0.45721164368570805,1
5572,46,,contract,649.0,37135.0,81978,6,0,0.18634243473991435,1.012929270887319,1
5573,60,146642.0,salaried,705.0,12462.0,449969,6,0,0.25570720984892914,0.08498247432522743,0
5574,33,80843.0,salaried,832.0,10397.0,304284,6,0,0.31365733582375716,0.12860730057024108,0
5575,43,84278.0,salaried,520.0,,256819,24,1,0.25394033239200425,0.2503737630223783,1
5576,40,109328.0,salaried,789.0,45196.0,266251,12,1,0.2029451131762525,0.41339821454705106,1
5577,57,146837.0,self_employed,637.0,5600.0,321353,12,0,0.1823751279763729,0.038137526645191606,1
5578,48,141355.0,salaried,564.0,381.0,159048,6,0,0.09376392769976301,0.002695341516041173,0
5579,37,39198.0,self_employed,564.0,11784.0,278631,24,0,0.5923580284708404,0.300627583039951,1
5580,48,76201.0,salaried,587.0,15024.0,433753,24,0,0.47435182390432323,0.19716276689282292,1
5581,22,88271.0,salaried,822.0,9625.0,183111,12,0,0.1728682126632756,0.10903920880017219,0
5582,45,126578.0,salaried,542.0,36649.0,340970,36,0,0.22447950407390435,0.2895368863467585,1
5583,26,55364.0,self_employed,640.0,40876.0,148630,6,0,0.22371637405775113,0.7383137056571057,1
5584,31,130227.0,salaried,503.0,28017.0,480701,24,0,0.3076045418128857,0.21513971757008915,0
5585,58,115353.0,contract,778.0,27980.0,473003,36,0,0.34170690546987653,0.2425597947170858,0
5586,26,147735.0,contract,825.0,12436.0,304021,18,0,0.17149005539197437,0.08417775070227096,0
5587,31,92564.0,self_employed,540.0,43164.0,416349,6,1,0.3748298474568947,0.4663151981331835,1
5588,34,120447.0,salaried,589.0,,162781,18,0,0.11262284102828077,0.056016339136715734,0
5589,22,34631.0,salaried,755.0,18583.0,284278,12,0,0.684064373923171,0.5366001559296584,1
5590,60,48500.0,salaried,807.0,19916.0,184450,12,0,0.31692439862542954,0.41063917525773197,1
5591,23,73915.0,contract,644.0,29047.0,191406,12,0,0.21579517012784954,0.3929784211594399,1
5592,55,117760.0,contract,806.0,35497.0,340635,24,0,0.24105171535326086,0.3014351222826087,1
5593,53,41897.0,salaried,810.0,8787.0,304645,24,0,0.6059403616806295,0.20972862018760294,1
5594,44,116639.0,salaried,683.0,8038.0,445947,36,0,0.3186091273073329,0.06891348519791836,0
5595,39,128849.0,self_employed,618.0,3910.0,150566,18,0,0.09737884396981479,0.030345598336036755,1
5596,38,126118.0,salaried,612.0,,139429,12,0,0.09212866786131506,0.2875402400926117,0
5597,44,72320.0,salaried,790.0,44079.0,309050,12,0,0.3561140302359882,0.6094994469026549,1
5598,55,83289.0,contract,748.0,40270.0,186401,24,1,0.18650021811603773,0.48349722052131733,1
5599,21,46941.0,self_employed,823.0,36568.0,371109,24,0,0.6588217123623272,0.779020472508042,1
5600,56,90172.0,contract,591.0,8162.0,53596,24,1,0.04953126617279569,0.090515902941046,1
5601,45,18376.0,salaried,558.0,11262.0,169151,6,0,0.7670829705412857,0.6128646060078363,1
5602,54,45783.0,salaried,768.0,32298.0,456380,18,0,0.8306940713073994,0.7054583579057729,1
5603,45,58025.0,salaried,817.0,35591.0,325377,18,0,0.4672942697113313,0.6133735458853943,1
5604,36,31447.0,salaried,593.0,34260.0,489824,6,0,1.2980146489861248,1.0894520939994277,1
5605,54,31713.0,salaried,753.0,30270.0,173230,12,1,0.45520238808480223,0.9544981553306215,1
5606,49,143869.0,self_employed,674.0,19700.0,56233,36,0,0.032571876730451546,0.1369301239321883,0
5607,39,19858.0,contract,502.0,43269.0,200489,36,0,0.8413443784201161,2.1789203343740557,1
5608,43,74834.0,salaried,520.0,,185129,12,0,0.20615517901844974,0.5038485180532913,1
5609,39,97060.0,salaried,603.0,23801.0,244804,36,0,0.21018270485610274,0.2452194518854317,1
5610,45,118898.0,salaried,820.0,15856.0,148287,24,0,0.10393152113576343,0.13335800433985434,0
5611,36,117207.0,salaried,768.0,13363.0,451395,18,1,0.32093859581765594,0.11401196174289932,1
5612,29,101366.0,salaried,832.0,20968.0,47967,24,0,0.03943383382988379,0.206854369315155,0
5613,21,,salaried,708.0,12052.0,364536,36,1,1.914298317474321,0.7594681454407965,1
5614,39,77624.0,salaried,595.0,27789.0,124846,36,0,0.13402856504861038,0.3579949500154591,0
5615,53,108676.0,self_employed,592.0,13683.0,205416,18,0,0.157514078545401,0.1259063638705878,0
5616,54,18659.0,salaried,544.0,,358447,24,0,1.6008673205066366,2.0988263036604318,1
5617,36,,salaried,561.0,8172.0,21896,18,0,0.0149700271287302,0.06704515620897873,1
5618,60,73185.0,self_employed,529.0,39225.0,432754,36,0,0.49276263350868804,0.5359704857552777,1
5619,38,132136.0,salaried,769.0,36064.0,78233,18,0,0.04933868640390709,0.2729309196585336,0
5620,54,77758.0,contract,509.0,22168.0,162763,18,0,0.17443328446376363,0.285089637079143,0
5621,45,147430.0,salaried,505.0,39991.0,365675,36,1,0.20669413733071063,0.27125415451400664,0
5622,26,106150.0,contract,518.0,15698.0,436034,18,0,0.34230962474485793,0.14788506829957607,1
5623,41,32216.0,salaried,511.0,11784.0,434076,24,0,1.1228271666252794,0.3657809783958282,1
5624,26,56209.0,salaried,691.0,31472.0,477266,36,0,0.7075764853789726,0.5599103346439183,1
5625,52,57987.0,salaried,602.0,31726.0,445322,18,0,0.6399739021964693,0.5471226309345198,1
5626,59,123024.0,contract,749.0,,306905,12,0,0.20788965296744266,0.19953830146963195,1
5627,51,57320.0,salaried,743.0,28131.0,492068,24,0,0.7153814840660618,0.49077110956036285,1
5628,30,26301.0,salaried,837.0,12451.0,228805,24,0,0.7249565922715233,0.47340405307782973,1
5629,50,141560.0,salaried,694.0,38328.0,187173,24,0,0.11018472732410285,0.27075445040972024,1
5630,38,15891.0,salaried,764.0,17358.0,235218,6,0,1.2334969479579636,1.0923164055125543,1
5631,44,65457.0,salaried,,6276.0,285357,36,0,0.36328811280688084,0.09587973784316421,0
5632,29,128389.0,contract,848.0,6224.0,400847,6,0,0.26017740356780306,0.048477673320923134,0
5633,51,35932.0,contract,676.0,39886.0,398123,18,0,0.9233250769972912,1.11004118891239,1
5634,35,19192.0,salaried,598.0,8184.0,219125,36,0,0.9514598096429068,0.4264276781992497,0
5635,24,31128.0,salaried,529.0,21555.0,311820,24,1,0.8347789771267027,0.6924633770239013,1
5636,60,37836.0,salaried,790.0,37573.0,293384,24,0,0.6461747189625401,0.9930489480917645,1
5637,29,39837.0,salaried,,26107.0,142737,24,0,0.29858548585485856,0.6553455330471673,1
5638,29,132028.0,self_employed,527.0,20200.0,262755,24,0,0.1658455024691732,0.1529978489411337,0
5639,46,131481.0,self_employed,645.0,15308.0,165978,18,0,0.10519770917470965,0.11642746860763152,1
5640,24,140176.0,salaried,787.0,5133.0,118065,12,0,0.07018854868165735,0.036618251341171096,0
5641,37,140172.0,salaried,568.0,13696.0,367166,36,0,0.21828301420159993,0.09770852952087436,0
5642,36,37778.0,self_employed,751.0,14048.0,433218,12,0,0.9556223198687066,0.37185663613743447,1
5643,35,58130.0,salaried,661.0,15560.0,302371,36,0,0.43346952233499625,0.267675898847411,1
5644,55,31708.0,salaried,609.0,10404.0,495656,24,0,1.3026575837853749,0.3281190866658257,1
5645,25,122481.0,self_employed,631.0,12848.0,136332,6,0,0.09275724398069905,0.10489790253182127,1
5646,25,19782.0,salaried,770.0,31876.0,282798,18,0,1.1913102820746133,1.6113638661409362,1
5647,40,,self_employed,687.0,,216649,36,0,0.7206643514822503,0.35019160146894457,1
5648,35,34521.0,salaried,519.0,16243.0,84698,24,0,0.20446008709674304,0.4705251875669882,1
5649,38,84690.0,salaried,775.0,6262.0,493684,6,0,0.48577557366080215,0.07394025268626757,0
5650,22,50546.0,salaried,676.0,7818.0,489855,24,0,0.8076059431013335,0.15467099275907095,1
5651,49,119713.0,salaried,598.0,16114.0,400616,18,1,0.2788725256794723,0.1346052642570147,1
5652,33,117617.0,salaried,746.0,15028.0,138639,6,0,0.09822772218301776,0.12777064539989968,1
5653,24,37030.0,self_employed,823.0,19941.0,210239,36,0,0.47312764425240794,0.5385093167701863,1
5654,30,,self_employed,517.0,35150.0,295279,36,1,0.23472621012232386,0.3353015806393147,1
5655,51,92400.0,salaried,788.0,22065.0,271180,36,0,0.24457070707070708,0.2387987012987013,0
5656,28,33055.0,self_employed,624.0,16614.0,218121,36,0,0.5498941158674936,0.5026168507033731,1
5657,23,89861.0,self_employed,819.0,39222.0,368830,6,0,0.3420375172024942,0.4364741100143555,0
5658,29,136184.0,self_employed,652.0,18267.0,367800,18,0,0.22506314985607706,0.13413470011161369,1
5659,50,,self_employed,568.0,10103.0,346327,6,0,0.21943206816499905,0.07681487789300812,1
5660,31,131826.0,salaried,645.0,6031.0,422688,36,0,0.267200703958248,0.045749700362599184,1
5661,55,51775.0,salaried,544.0,4176.0,319836,18,0,0.5147851279575084,0.08065668759053597,0
5662,57,100909.0,self_employed,519.0,10147.0,309858,12,1,0.2558889692693417,0.1005559464467986,1
5663,33,51253.0,salaried,790.0,37251.0,192251,12,0,0.3125849543766544,0.7268062357325424,0
5664,56,66884.0,self_employed,,34136.0,473954,6,0,0.5905174132328609,0.5103761736738234,1
5665,33,91497.0,salaried,846.0,2266.0,335305,36,1,0.3053879726475549,0.024765839317136083,1
5666,32,32705.0,salaried,,17035.0,106879,12,0,0.27233093818478316,0.5208683687509555,0
5667,57,106640.0,salaried,508.0,34878.0,64767,12,0,0.05061187171792948,0.3270630157539385,1
5668,30,22101.0,salaried,679.0,14775.0,46608,24,0,0.17573865435953123,0.6685217863445093,1
5669,29,77495.0,salaried,655.0,35866.0,119933,24,0,0.1289685356044476,0.46281695593264083,0
5670,27,23951.0,self_employed,518.0,2755.0,174682,18,0,0.6077755974002478,0.11502651246294518,1
5671,22,51180.0,salaried,602.0,40316.0,154321,18,0,0.2512716555946333,0.7877295818679172,1
5672,43,71977.0,salaried,,20432.0,36844,36,0,0.04265714510653866,0.2838684579796324,0
5673,59,78209.0,salaried,584.0,30459.0,364353,12,0,0.3882257796417292,0.3894564564180593,1
5674,60,123575.0,salaried,818.0,13559.0,258703,6,0,0.17445748196102231,0.10972284038033583,1
5675,59,65918.0,salaried,850.0,17561.0,215907,6,0,0.27294896689826753,0.2664067477775418,1
5676,41,148542.0,self_employed,733.0,15381.0,444117,24,0,0.24915343808485144,0.10354647170497233,1
5677,43,135014.0,self_employed,634.0,,79857,18,0,0.049289332958063606,0.3000948049831869,0
5678,49,93950.0,self_employed,536.0,25618.0,282367,36,0,0.25045857725740645,0.27267695582756785,1
5679,34,22749.0,salaried,844.0,18940.0,284589,24,0,1.0424963734669657,0.8325640687502748,1
5680,46,39182.0,salaried,591.0,11876.0,404159,24,0,0.8595762509996087,0.30309836149252206,1
5681,25,92450.0,self_employed,791.0,47777.0,364517,36,0,0.3285712998016946,0.5167874526771228,1
5682,51,95543.0,salaried,,11127.0,458634,36,0,0.40002407293051295,0.11646065122510284,1
5683,45,111487.0,salaried,589.0,42583.0,251422,12,0,0.18793073033926228,0.3819548467534331,1
5684,51,,self_employed,847.0,7596.0,50544,36,1,0.03363491898711939,0.060657845352839246,0
5685,40,93578.0,self_employed,,18468.0,379175,36,0,0.3376639452292918,0.1973540789501806,1
5686,37,131258.0,salaried,752.0,18855.0,473282,24,1,0.3004781930752157,0.14364838714592634,0
5687,22,28181.0,salaried,804.0,21162.0,156983,24,1,0.46421052009036823,0.750931478655832,1
5688,45,59898.0,salaried,580.0,30467.0,392738,6,0,0.5463983215911494,0.5086480349928211,1
5689,33,18405.0,salaried,683.0,18769.0,426096,6,0,1.9292583537082315,1.0197772344471612,1
5690,59,25862.0,salaried,789.0,8157.0,64835,6,0,0.20891333488000413,0.3154048410795762,0
5691,48,43688.0,salaried,748.0,42254.0,438482,36,1,0.8363890923518281,0.9671763413294269,1
5692,26,63017.0,salaried,714.0,45028.0,25479,12,0,0.033693289112461715,0.7145373470650777,1
5693,23,27939.0,self_employed,657.0,918.0,143728,24,0,0.4286958492907167,0.0328572962525502,1
5694,55,119152.0,self_employed,678.0,15102.0,132568,18,0,0.09271630634259881,0.12674566939707266,1
5695,38,54585.0,salaried,519.0,4747.0,285530,12,0,0.4359103538823242,0.08696528350279381,0
5696,31,131315.0,salaried,646.0,30275.0,335997,18,0,0.21322583101702014,0.23055248829151279,1
5697,40,119447.0,salaried,567.0,42563.0,172280,36,0,0.12019277727081187,0.35633377146349426,0
5698,25,96560.0,salaried,576.0,27571.0,58933,18,0,0.05086043220104943,0.28553231151615577,1
5699,39,112435.0,salaried,601.0,21965.0,169924,6,0,0.1259423963475193,0.19535731756125763,0
5700,42,84283.0,contract,639.0,8567.0,206314,24,0,0.20398933750973902,0.1016456462157256,0
5701,39,24297.0,salaried,572.0,40634.0,443037,12,0,1.519518870642466,1.6723875375560768,1
5702,36,79005.0,salaried,706.0,24007.0,85291,6,0,0.08996371537666392,0.3038668438706411,1
5703,44,143833.0,salaried,712.0,6550.0,111540,24,0,0.06462355648564655,0.04553892361280096,0
5704,24,147679.0,salaried,578.0,42368.0,255150,6,0,0.14397781675119686,0.28689251687782286,1
5705,35,145654.0,salaried,612.0,18487.0,464683,12,0,0.2658600747891121,0.12692408035481345,1
5706,45,101994.0,salaried,752.0,31194.0,40309,36,0,0.032934126844062724,0.305841520089417,1
5707,55,,salaried,632.0,22019.0,198790,18,0,0.23232358647126194,0.30880022438819155,1
5708,34,137688.0,salaried,696.0,22300.0,63575,36,0,0.038477693529332016,0.16196037417930392,0
5709,39,22645.0,salaried,524.0,24592.0,69890,18,0,0.2571943769779937,1.0859792448664165,1
5710,58,57238.0,self_employed,600.0,33200.0,189065,18,0,0.27526148130030165,0.5800342429854293,1
5711,56,84694.0,salaried,744.0,33004.0,123055,12,1,0.12107803779882086,0.38968521973221243,1
5712,27,31786.0,self_employed,530.0,306.0,378944,12,0,0.993477212189853,0.009626879758384194,1
5713,50,,salaried,789.0,12720.0,76948,36,0,0.11513715068919493,0.22839495089149445,0
5714,39,111447.0,self_employed,755.0,32791.0,349898,24,0,0.2616325846964626,0.29422954408822133,0
5715,45,84702.0,salaried,705.0,44269.0,243536,24,0,0.23960079651798855,0.5226440934098369,1
5716,36,99845.0,salaried,567.0,41973.0,427885,36,0,0.35712437611631365,0.4203815914667735,0
5717,60,30076.0,salaried,714.0,49832.0,264753,18,0,0.7335666312009576,1.6568692645298577,1
5718,28,34377.0,salaried,621.0,34283.0,158987,12,0,0.38540060699498696,0.9972656136370247,1
5719,38,142368.0,salaried,545.0,,468911,36,0,0.27447120607627185,0.12176191278939087,0
5720,48,48539.0,salaried,568.0,5407.0,391879,24,0,0.6727906082394226,0.11139496075320876,0
5721,36,141552.0,self_employed,526.0,414.0,223714,18,0,0.13170307260464942,0.0029247202441505596,1
5722,39,41245.0,salaried,670.0,37616.0,217482,24,0,0.4394108376772942,0.9120135774033216,1
5723,37,82092.0,salaried,744.0,25999.0,494045,18,0,0.5015155760203999,0.3167056473225162,1
5724,33,124454.0,salaried,800.0,4971.0,313721,24,0,0.21006489680256696,0.039942468703296,0
5725,27,147223.0,salaried,773.0,15145.0,421742,6,0,0.23872062562688348,0.1028711546429566,1
5726,47,62427.0,self_employed,787.0,4985.0,451971,18,0,0.6033326925849392,0.07985326861774553,1
5727,30,86839.0,contract,748.0,24353.0,381626,18,0,0.36621986281125607,0.28043851264984626,0
5728,54,131801.0,salaried,501.0,7650.0,477455,18,1,0.3018787161452999,0.0580420482393912,1
5729,56,125845.0,salaried,519.0,21754.0,102549,6,0,0.06790694902459375,0.17286344312447852,1
5730,45,101298.0,self_employed,793.0,12964.0,255895,6,0,0.2105133697934148,0.12797883472526606,0
5731,26,104147.0,salaried,,43407.0,484766,24,0,0.3878860328830083,0.4167858891758764,1
5732,44,70413.0,salaried,748.0,31572.0,446064,12,0,0.5279138795392896,0.4483831110732393,1
5733,38,80958.0,contract,652.0,22905.0,315821,24,0,0.32508728805882886,0.28292447935966797,0
5734,43,46275.0,salaried,636.0,27767.0,454625,18,1,0.8187016027372591,0.6000432198811453,1
5735,26,41597.0,salaried,721.0,21841.0,449054,18,0,0.899612151517337,0.5250619035026565,1
5736,49,92521.0,self_employed,710.0,16833.0,375226,24,0,0.33796471431711,0.18193707374541995,1
5737,45,109243.0,contract,688.0,,385877,36,0,0.29435677038040575,0.40181064232948566,1
5738,37,83908.0,self_employed,731.0,40096.0,433678,12,0,0.43070783874402124,0.4778567001954522,1
5739,44,70188.0,salaried,635.0,27752.0,345463,6,0,0.4101638931631238,0.3953952242548584,1
5740,31,49710.0,contract,515.0,13137.0,366043,12,1,0.613630724870918,0.26427278213639105,1
5741,46,,contract,613.0,23012.0,155847,36,0,0.09728787277235511,0.17238357067411775,1
5742,54,64249.0,contract,763.0,12708.0,239820,24,0,0.3110554249871593,0.19779296175815966,0
5743,48,49247.0,salaried,778.0,15051.0,80739,24,0,0.13662253538286595,0.30562267752350397,0
5744,23,41408.0,self_employed,572.0,27175.0,282873,18,0,0.5692800908037094,0.6562741499227203,1
5745,31,91313.0,self_employed,723.0,19335.0,113411,24,0,0.1035002318034307,0.21174422042863558,1
5746,58,20443.0,salaried,533.0,44678.0,457187,36,0,1.8636656394201765,2.185491366237832,1
5747,34,145270.0,salaried,744.0,1537.0,116446,24,0,0.06679860489662927,0.010580298754044194,0
5748,46,146151.0,self_employed,737.0,35936.0,27905,24,0,0.01591105546090459,0.24588268297856328,0
5749,41,111818.0,self_employed,517.0,,334316,36,1,0.2491518956399387,0.05085943229175982,0
5750,59,,self_employed,543.0,16352.0,225813,6,0,0.19442837216510822,0.16895180038229066,0
5751,50,,salaried,642.0,40571.0,270535,12,0,0.15911090565620492,0.28633434727682067,0
5752,28,50391.0,salaried,514.0,41144.0,463688,24,1,0.766816825755922,0.8164950090293902,1
5753,40,49171.0,salaried,592.0,34224.0,91868,12,0,0.15569475232691357,0.6960200117955706,1
5754,52,130019.0,self_employed,778.0,34262.0,56032,12,1,0.0359126999387269,0.2635153323744991,1
5755,42,22485.0,salaried,714.0,5060.0,466976,18,0,1.7306945370988067,0.2250389148321103,1
5756,27,142628.0,self_employed,,27981.0,279080,6,0,0.16305821203877688,0.1961816754073534,1
5757,29,125104.0,salaried,570.0,9479.0,131178,12,0,0.08737930042204886,0.07576896022509272,0
5758,21,130427.0,contract,,29523.0,246127,18,0,0.15725718856780677,0.22635650593818765,0
5759,49,105153.0,salaried,787.0,,203132,36,0,0.16098130026405968,0.2549998573507175,1
5760,28,52748.0,self_employed,659.0,10065.0,301571,36,0,0.47643354566365864,0.19081292181694093,1
5761,24,149950.0,contract,788.0,34518.0,415406,36,1,0.23085806379904414,0.23019673224408135,1
5762,55,148021.0,self_employed,670.0,25820.0,222554,36,0,0.12529415871171432,0.1744347085886462,1
5763,23,102150.0,salaried,512.0,10438.0,280582,36,1,0.22889704682656226,0.10218306412139011,0
5764,60,104364.0,salaried,719.0,22871.0,407265,18,0,0.3251959487946035,0.21914644896707677,1
5765,27,130925.0,self_employed,684.0,49325.0,358441,6,0,0.22814652154541404,0.3767424097765896,1
5766,47,24958.0,salaried,822.0,37080.0,170960,6,0,0.5708256537649918,1.4856959692283036,1
5767,21,102160.0,self_employed,708.0,19661.0,404138,18,1,0.32966098929783344,0.19245301487862176,0
5768,47,30493.0,self_employed,787.0,18405.0,311869,18,0,0.8522967019753167,0.6035811497720789,1
5769,36,36199.0,contract,828.0,,258357,24,0,0.5947609049973757,0.038564601232078236,1
5770,58,45493.0,salaried,605.0,173.0,110034,12,0,0.20155848152463016,0.003802782845712527,1
5771,27,126545.0,self_employed,711.0,44354.0,148041,36,1,0.09748903552096093,0.3504998221976372,1
5772,43,,salaried,824.0,15913.0,64259,12,0,0.08366795829297001,0.24863285522327427,0
5773,31,38731.0,salaried,731.0,23935.0,224572,24,0,0.48318745535445334,0.6179804291136299,1
5774,53,16071.0,salaried,712.0,11080.0,87500,6,0,0.45371580279177814,0.6894406073050837,1
5775,56,,self_employed,824.0,,82943,36,0,0.06014232346611443,0.41365748394619145,0
5776,57,142872.0,self_employed,695.0,35014.0,143296,6,0,0.08358064094667488,0.2450725124587043,0
5777,37,56410.0,salaried,748.0,19462.0,52678,18,0,0.07782012645512025,0.3450097500443184,0
5778,55,109948.0,salaried,816.0,34467.0,309992,12,0,0.23495349316646658,0.31348455633572236,1
5779,25,56041.0,self_employed,,14963.0,414560,6,0,0.616453429929278,0.26700094573615746,0
5780,52,138616.0,self_employed,716.0,19475.0,183537,24,0,0.11033899405552029,0.14049604663242338,1
5781,23,68326.0,self_employed,762.0,20168.0,121041,6,0,0.1476268184878377,0.29517314053215465,1
5782,55,68096.0,contract,669.0,1844.0,243599,36,1,0.2981073288690476,0.02707941729323308,0
5783,34,58167.0,self_employed,655.0,39165.0,497781,36,0,0.7131492083139924,0.6733199236680593,1
5784,51,76292.0,salaried,569.0,45653.0,325711,12,0,0.35577233960747306,0.5983982593194568,1
5785,51,90419.0,salaried,733.0,48876.0,266564,18,0,0.2456747659968222,0.5405501056193942,1
5786,37,,salaried,553.0,40288.0,126325,36,0,0.10245037452272278,0.39208587583817506,1
5787,44,26093.0,self_employed,669.0,9942.0,193984,24,0,0.6195275872200718,0.38102172996589123,1
5788,43,119089.0,salaried,535.0,33660.0,435621,12,0,0.3048287415294444,0.2826457523364878,1
5789,38,87043.0,self_employed,821.0,8406.0,117114,36,0,0.11212274393116047,0.09657295819307699,1
5790,34,139534.0,salaried,758.0,19813.0,310117,24,0,0.18520993688515583,0.14199406596241776,0
5791,35,117865.0,contract,750.0,13171.0,41302,6,1,0.029201487577595837,0.1117464896279642,0
5792,35,139678.0,self_employed,512.0,23129.0,243147,24,0,0.14506400435286873,0.16558799524620915,1
5793,26,62287.0,salaried,658.0,30303.0,66897,12,0,0.08950101947436864,0.48650601249056785,0
5794,47,48427.0,salaried,528.0,20028.0,319317,36,0,0.5494816940962686,0.4135709418299709,1
5795,35,144849.0,salaried,556.0,27191.0,254174,18,1,0.14622929165314685,0.18771962526493108,1
5796,56,124839.0,self_employed,660.0,21723.0,263048,18,0,0.17559149517912404,0.1740081224617307,0
5797,28,107662.0,self_employed,765.0,16989.0,268335,24,0,0.20769863090041055,0.15779940926232097,1
5798,35,32970.0,salaried,729.0,47440.0,469151,24,0,1.1858027499747246,1.4388838337882923,1
5799,23,85218.0,salaried,818.0,,441166,24,1,0.4314092484373411,0.1914149592809031,1
5800,33,89362.0,salaried,828.0,32503.0,319704,36,0,0.2981356728810904,0.3637228352095969,1
5801,54,125949.0,salaried,692.0,29400.0,351393,18,0,0.2324968836592589,0.2334278160207703,0
5802,44,141895.0,salaried,607.0,39811.0,179396,18,0,0.10535724773012908,0.2805666161598365,0
5803,60,42315.0,salaried,,17561.0,258172,12,0,0.5084327858521407,0.4150064988774666,1
5804,52,98804.0,salaried,609.0,45406.0,129846,12,0,0.10951479697178251,0.45955629326747904,1
5805,52,56581.0,salaried,629.0,21565.0,97524,6,0,0.14363478906346652,0.3811350099856842,1
5806,50,112357.0,self_employed,622.0,17867.0,178348,36,0,0.13227776937203142,0.15901990975195138,0
5807,33,134761.0,self_employed,615.0,29621.0,144530,24,0,0.08937427495096256,0.21980394921379331,1
5808,21,128984.0,salaried,729.0,,221024,12,0,0.14279807314602327,0.16024468151088508,0
5809,54,107449.0,self_employed,792.0,23697.0,31740,6,0,0.024616329607534737,0.22054183845359193,0
5810,35,145522.0,salaried,732.0,9737.0,429903,6,0,0.24618442572257115,0.06691084509558692,0
5811,34,58030.0,salaried,816.0,32035.0,397350,18,1,0.5706100292951921,0.5520420472169567,1
5812,49,77245.0,contract,733.0,46721.0,49598,36,0,0.0535072388719874,0.6048417373292769,1
5813,54,50133.0,salaried,795.0,48187.0,400862,36,0,0.6663308931575342,0.9611832525482217,1
5814,38,58998.0,salaried,690.0,9688.0,209356,24,0,0.29571058905951614,0.16420895623580462,0
5815,27,130603.0,salaried,524.0,12974.0,117335,36,0,0.07486747369253896,0.09933921885408452,0
5816,49,63245.0,salaried,665.0,,370399,24,0,0.4880478035154294,0.3897225077081192,1
5817,51,38557.0,self_employed,792.0,38126.0,222773,36,0,0.48147980046857036,0.9888217444303239,1
5818,45,85474.0,salaried,709.0,22943.0,194910,18,0,0.19002854669256147,0.2684208063270702,1
5819,58,106228.0,salaried,526.0,28612.0,396911,6,0,0.3113672164275583,0.2693451820612268,1
5820,34,80074.0,self_employed,839.0,43186.0,361275,36,0,0.37598034318255613,0.5393261233359142,1
5821,28,73204.0,salaried,677.0,42576.0,346059,36,0,0.39394363695972895,0.5816075624282826,1
5822,47,21846.0,salaried,543.0,14583.0,93830,18,0,0.3579221215172877,0.6675363911013458,1
5823,22,38694.0,contract,571.0,,405752,12,0,0.8738477972467739,0.5475267483330749,1
5824,37,36740.0,salaried,721.0,25563.0,409261,24,0,0.928282072219198,0.6957811649428416,1
5825,57,45996.0,self_employed,810.0,26691.0,494097,12,0,0.895181102704583,0.5802895903991652,1
5826,34,78874.0,contract,727.0,1591.0,85108,6,0,0.08991978767823787,0.020171412632806755,0
5827,45,112661.0,salaried,828.0,15458.0,55218,12,0,0.040843770248799496,0.13720808443028198,0
5828,50,121945.0,salaried,732.0,5901.0,356827,6,0,0.24384421938852216,0.04839066792406413,0
5829,49,37970.0,salaried,767.0,40847.0,262433,24,1,0.5759656746554297,1.0757703450092178,1
5830,40,103890.0,self_employed,753.0,41547.0,434514,18,0,0.3485369140437001,0.39991336991048226,1
5831,41,72300.0,salaried,662.0,9034.0,45315,6,0,0.05223029045643154,0.12495159059474412,0
5832,42,76915.0,self_employed,505.0,36417.0,474817,24,0,0.5144390994387744,0.47347071442501465,1
5833,55,90147.0,contract,546.0,,258161,18,0,0.23864817095041063,0.3127336461557234,1
5834,57,91064.0,self_employed,567.0,15116.0,198391,12,0,0.18154905707341357,0.16599314767635948,1
5835,36,81535.0,contract,753.0,17949.0,187389,12,0,0.19152204574722512,0.22013859078923162,1
5836,37,18760.0,self_employed,558.0,35697.0,53330,6,1,0.23689587775408671,1.9028251599147121,1
5837,36,117715.0,contract,618.0,33489.0,41394,36,0,0.02930382703988447,0.2844922057511787,1
5838,22,140491.0,salaried,685.0,1804.0,382147,36,1,0.2266734761182804,0.012840680185919382,1
5839,24,145992.0,self_employed,547.0,12611.0,370458,18,0,0.21146021699819167,0.08638144555866074,1
5840,41,77399.0,self_employed,690.0,654.0,127220,12,0,0.136974207246433,0.008449721572630138,0
5841,59,77278.0,salaried,764.0,8336.0,478450,24,0,0.5159402848589939,0.10787028649809778,0
5842,54,128286.0,salaried,671.0,,181653,18,0,0.11800001559016572,0.3732051821710865,0
5843,50,108515.0,salaried,545.0,42656.0,406457,6,0,0.31213580303798244,0.3930885131087868,1
5844,26,67142.0,salaried,642.0,22837.0,35010,6,0,0.043452682374668615,0.34012987399839145,1
5845,37,142157.0,salaried,,13229.0,168798,18,0,0.09895045618576644,0.09305908256364442,0
5846,59,107930.0,salaried,715.0,27287.0,202119,24,0,0.15605716668210878,0.25282127304734553,0
5847,45,112812.0,contract,675.0,17276.0,475043,12,1,0.3509105118840785,0.1531397369074212,1
5848,25,85063.0,salaried,827.0,27140.0,157300,12,1,0.1541014698909436,0.31905763963180234,1
5849,25,145990.0,self_employed,,4290.0,313378,24,0,0.17888097358266547,0.029385574354407838,1
5850,40,27247.0,salaried,534.0,28130.0,400932,12,0,1.2262267405585936,1.032407237494036,1
5851,36,32603.0,salaried,631.0,28122.0,366346,36,0,0.9363811101227903,0.8625586602459896,1
5852,57,117099.0,salaried,803.0,,248764,36,0,0.1770325394182131,0.3985260335271864,1
5853,60,15527.0,salaried,652.0,37681.0,282518,24,0,1.5162727292243618,2.4268049204611324,1
5854,29,20849.0,self_employed,801.0,23720.0,382770,36,0,1.529929493021248,1.1377044462564152,1
5855,25,65314.0,self_employed,547.0,43736.0,226194,18,0,0.28859815659736043,0.669626726276143,1
5856,22,32230.0,self_employed,667.0,7350.0,180656,12,0,0.4671010445754473,0.22804840210983557,1
5857,29,107229.0,salaried,677.0,42096.0,376129,18,1,0.29230976073015075,0.3925803653862295,1
5858,56,87495.0,self_employed,762.0,2523.0,373811,24,0,0.3560308208088081,0.028835933481913253,0
5859,42,116390.0,salaried,594.0,34428.0,307643,36,1,0.2202673482830713,0.29579860812784603,1
5860,42,,salaried,815.0,7630.0,160104,18,0,0.12476504858000505,0.07135042127607844,0
5861,42,128723.0,self_employed,790.0,4512.0,50089,18,1,0.03242686492183474,0.03505201090714169,1
5862,54,18323.0,self_employed,729.0,34626.0,231604,6,0,1.0533391547963398,1.8897560443158872,1
5863,49,146517.0,salaried,690.0,,146952,18,0,0.08358074489649665,0.17258065616959123,0
5864,58,97945.0,contract,643.0,8329.0,57491,36,1,0.048914356696785614,0.08503752105773649,0
5865,53,135801.0,self_employed,663.0,11752.0,103971,12,0,0.06380107657528294,0.08653839073349975,1
5866,38,96947.0,salaried,518.0,11048.0,165941,12,0,0.14263893330032562,0.11395917356906352,0
5867,27,149308.0,salaried,567.0,40103.0,392550,12,1,0.21909408738982505,0.26859243978889275,1
5868,21,76897.0,contract,597.0,14071.0,165085,36,0,0.17890273135926413,0.18298503192582286,1
5869,53,133636.0,self_employed,506.0,17117.0,349227,12,0,0.21777253135382682,0.1280867430931785,1
5870,21,28487.0,salaried,802.0,6520.0,458154,12,1,1.3402429178221644,0.22887632955383158,1
5871,44,92384.0,salaried,676.0,41354.0,455612,24,0,0.4109766481930493,0.44763162452372707,1
5872,24,28155.0,salaried,705.0,5291.0,473820,24,1,1.4024152015627775,0.18792399218611258,1
5873,24,26255.0,salaried,798.0,18901.0,284508,6,0,0.9030279946676824,0.7199009712435727,1
5874,38,135860.0,salaried,787.0,15106.0,428090,6,0,0.2625803523234702,0.11118798763432945,0
5875,47,,salaried,728.0,36095.0,453582,18,0,0.2553072927572255,0.24380112258613587,0
5876,52,140596.0,self_employed,618.0,32423.0,403315,18,0,0.2390507790643641,0.23061111269168397,1
5877,53,89543.0,contract,769.0,6124.0,27821,18,0,0.02589165726708583,0.06839172241269557,0
5878,48,50094.0,contract,580.0,13431.0,286758,6,0,0.477033177626063,0.26811594202898553,1
5879,56,24734.0,self_employed,659.0,45863.0,124334,12,0,0.41890380313199105,1.8542492116115468,1
5880,26,54605.0,contract,687.0,48948.0,233915,18,1,0.3569804352470775,0.896401428440619,1
5881,36,92932.0,self_employed,687.0,33014.0,193482,12,0,0.17349782636766667,0.3552489992682822,1
5882,54,139109.0,salaried,807.0,21708.0,308265,12,0,0.1846663407831269,0.15605029149803393,0
5883,43,42881.0,contract,,7587.0,254162,6,0,0.4939289351150082,0.17693150812714256,1
5884,44,55122.0,salaried,759.0,3138.0,117794,24,0,0.17808074211143765,0.05692826820507239,0
5885,33,50297.0,salaried,690.0,49493.0,459244,24,1,0.7608869978991457,0.9840149511899318,1
5886,38,126513.0,salaried,788.0,31064.0,26758,36,0,0.017625329676265154,0.2455399840332614,0
5887,33,51680.0,salaried,605.0,46995.0,174923,24,0,0.2820610810113519,0.9093459752321982,1
5888,57,98452.0,salaried,628.0,28344.0,404053,18,0,0.3420050718455017,0.2878966399869987,1
5889,59,66044.0,self_employed,596.0,2434.0,215745,6,1,0.27222382048331417,0.036854218399854644,1
5890,37,105502.0,salaried,563.0,49493.0,84960,12,0,0.06710773255483309,0.46911906883281834,0
5891,35,37152.0,contract,627.0,16491.0,97541,6,0,0.21878813163939134,0.44387919896640826,0
5892,38,99738.0,salaried,722.0,39588.0,326008,36,0,0.2723869872399019,0.396919930217169,1
5893,43,147267.0,contract,792.0,21477.0,317170,36,0,0.17947560100588275,0.1458371529263175,1
5894,50,119533.0,salaried,825.0,46381.0,113976,36,1,0.07945922883220534,0.3880183714957376,0
5895,54,40433.0,salaried,603.0,37994.0,483294,12,0,0.9960799347067989,0.9396779858036752,1
5896,24,63648.0,salaried,651.0,7802.0,249445,36,0,0.3265944465392995,0.1225804424333836,1
5897,23,57113.0,self_employed,613.0,12872.0,95052,36,0,0.1386899655069774,0.22537775987953707,1
5898,27,118504.0,salaried,554.0,10716.0,260707,36,0,0.18333206755327527,0.09042732734760008,1
5899,38,145431.0,salaried,620.0,28107.0,407353,12,0,0.2334171073109126,0.19326691008106936,0
5900,27,48062.0,salaried,716.0,10552.0,262841,36,0,0.45573252604275033,0.21954974824185428,1
5901,60,86633.0,salaried,622.0,13465.0,444397,18,0,0.42747086368166093,0.15542576154583126,0
5902,26,56604.0,contract,502.0,5920.0,191965,6,1,0.28261400843285517,0.10458624832167338,1
5903,42,47121.0,salaried,591.0,41568.0,256767,36,1,0.454091593981452,0.8821544534284077,1
5904,21,140015.0,self_employed,663.0,5468.0,151439,36,0,0.09013260483995762,0.03905295861157733,1
5905,24,101940.0,self_employed,,15125.0,398715,6,0,0.3259392780066706,0.14837159113203846,0
5906,49,31494.0,salaried,560.0,14077.0,451292,36,0,1.1941216316335386,0.4469740267987553,1
5907,41,61235.0,salaried,713.0,27217.0,436129,36,0,0.5935181404969925,0.44446803298767046,1
5908,46,147720.0,salaried,746.0,40464.0,188916,18,0,0.10657324668291362,0.2739236393176279,1
5909,34,96213.0,salaried,734.0,43307.0,374029,24,0,0.32395916698713617,0.45011588870526853,0
5910,29,31489.0,salaried,,2739.0,305453,12,0,0.8083590036732404,0.08698275588300676,1
5911,32,92281.0,salaried,577.0,13845.0,469188,12,0,0.423695018476176,0.15003088393060326,1
5912,26,123190.0,salaried,523.0,,400545,6,1,0.27095340530887246,0.04107476256189626,1
5913,40,139613.0,self_employed,807.0,24861.0,342052,18,0,0.20416675619987631,0.17807081002485442,0
5914,44,119222.0,self_employed,600.0,10662.0,146821,12,0,0.10262437581430721,0.08942980322423713,0
5915,47,16316.0,self_employed,750.0,8685.0,350881,6,0,1.7921110157718394,0.5322995832311841,1
5916,58,75046.0,salaried,622.0,17401.0,365984,6,0,0.4063996304488802,0.23187111904698451,1
5917,28,93643.0,salaried,714.0,3490.0,241871,6,0,0.21524210743639852,0.0372692032506434,0
5918,21,,salaried,761.0,2814.0,293429,12,0,0.21734708691839105,0.02501244400199104,0
5919,44,130594.0,salaried,831.0,42949.0,95816,24,0,0.061141144820333754,0.32887422086772744,0
5920,27,79042.0,salaried,845.0,47448.0,69304,6,1,0.0730666396767963,0.6002884542395183,1
5921,39,143295.0,contract,622.0,37682.0,467021,36,0,0.2715964734754644,0.26296800307058865,1
5922,42,,salaried,751.0,10558.0,43901,24,0,0.028265600453269462,0.0815730510700765,0
5923,55,,salaried,819.0,13653.0,371240,24,0,0.21974873681768028,0.09697972752198435,0
5924,50,65094.0,self_employed,836.0,44410.0,294364,36,0,0.3768447680789832,0.6822441392447844,1
5925,49,62719.0,self_employed,657.0,26232.0,328836,12,0,0.43691704268244075,0.4182464643887817,1
5926,42,136103.0,salaried,826.0,27318.0,160334,12,0,0.09816952357160875,0.20071563448270796,0
5927,31,143826.0,salaried,648.0,49741.0,59241,18,0,0.034324461502092805,0.3458415029271481,1
5928,40,65478.0,self_employed,564.0,41594.0,351470,12,1,0.44731309243817263,0.635236262561471,1
5929,49,58677.0,salaried,503.0,28616.0,256272,18,0,0.3639586209247235,0.48768682788826967,1
5930,54,26584.0,salaried,673.0,24783.0,319010,6,0,1.0000062694352492,0.9322524826963587,1
5931,21,17106.0,self_employed,635.0,18617.0,175032,12,1,0.8526832690284111,1.0883315795627266,1
5932,51,40223.0,contract,743.0,25552.0,447043,12,0,0.9261761512898922,0.6352584342291724,1
5933,50,50706.0,salaried,559.0,26640.0,465226,36,0,0.7645807859687874,0.5253816116435924,1
5934,38,75369.0,salaried,544.0,17697.0,327195,6,0,0.36177009115153447,0.23480476057795646,1
5935,37,25015.0,salaried,571.0,24553.0,163085,18,0,0.5432906922513159,0.9815310813511893,1
5936,58,97164.0,salaried,594.0,12541.0,240593,6,0,0.2063461432903819,0.1290704376106377,0
5937,34,66500.0,salaried,530.0,17354.0,271710,24,0,0.3404887218045113,0.2609624060150376,1
5938,43,78925.0,contract,655.0,37474.0,29633,36,0,0.031288142751557384,0.4748051948051948,0
5939,45,105979.0,salaried,739.0,,382714,24,0,0.3009354054419586,0.37136602534464375,1
5940,35,111355.0,salaried,563.0,49057.0,431848,18,0,0.3231766273030698,0.440546001526649,1
5941,42,69909.0,salaried,822.0,31715.0,335785,12,0,0.40026439132777375,0.45366118811597933,0
5942,23,26565.0,salaried,608.0,42439.0,191546,12,0,0.6008720747851183,1.597553171466215,1
5943,39,42597.0,salaried,567.0,9362.0,127096,12,0,0.24864035808468515,0.21978073573256332,1
5944,54,,salaried,534.0,13171.0,280364,18,0,0.2897891007115422,0.16336529278245662,0
5945,55,89300.0,self_employed,750.0,3185.0,60754,24,0,0.05669466218738335,0.03566629339305711,1
5946,21,106837.0,salaried,535.0,7264.0,348515,18,0,0.2718432440696263,0.06799142619130076,1
5947,41,64314.0,salaried,631.0,48509.0,214683,18,0,0.27817038280934164,0.7542525733121871,1
5948,49,56965.0,salaried,804.0,,257967,24,1,0.37737645922935137,0.45598174317563417,1
5949,26,112449.0,salaried,721.0,15529.0,358200,12,0,0.26545367233145695,0.1380981600547804,1
5950,57,82957.0,salaried,666.0,39218.0,217615,36,0,0.21860220756938334,0.4727509432597611,0
5951,21,43317.0,self_employed,773.0,16582.0,422174,18,0,0.8121792060084185,0.3828058268116444,1
5952,21,134191.0,contract,559.0,36016.0,380880,18,0,0.23652853022930004,0.2683935584353645,0
5953,47,81753.0,salaried,841.0,1147.0,307119,24,1,0.3130557900015902,0.014030066174941593,0
5954,41,50242.0,self_employed,612.0,39518.0,412038,36,0,0.6834222363759405,0.786553083077903,1
5955,36,147001.0,salaried,720.0,32029.0,123425,18,0,0.06996834488654272,0.21788287154509153,0
5956,60,121262.0,salaried,778.0,4706.0,53096,6,0,0.036488484988427265,0.03880853028978575,0
5957,46,114806.0,self_employed,567.0,29592.0,368794,36,0,0.26769361647765216,0.2577565632458234,1
5958,36,113724.0,salaried,814.0,30574.0,308491,18,1,0.226052401721126,0.2688438676092997,1
5959,48,28580.0,salaried,,4035.0,67486,36,0,0.19677513412642875,0.14118264520643806,1
5960,21,119134.0,salaried,762.0,49008.0,87148,6,0,0.06095936788266434,0.41136871086339755,0
5961,56,110967.0,salaried,768.0,26858.0,376429,6,0,0.2826883968507154,0.24203592058900394,1
5962,30,35742.0,salaried,630.0,9917.0,442219,36,0,1.0310442430007647,0.27746069050416877,0
5963,37,32833.0,salaried,766.0,25893.0,313026,12,0,0.7944902993939025,0.7886272957085859,1
5964,43,111421.0,salaried,707.0,29456.0,204469,36,0,0.15292524150145245,0.2643666813257824,0
5965,27,86347.0,self_employed,711.0,31561.0,22004,24,0,0.021236020552731036,0.36551356735034224,0
5966,27,89155.0,salaried,550.0,3968.0,485455,12,0,0.45375563157796345,0.04450675789355617,1
5967,35,104791.0,salaried,787.0,11281.0,125073,6,0,0.09946226298059947,0.10765237472683722,0
5968,54,129527.0,salaried,541.0,37822.0,173080,12,0,0.11135387473911489,0.29200089556617537,0
5969,24,56057.0,self_employed,746.0,46253.0,206943,6,0,0.30763776156412226,0.8251065879372781,1
5970,34,59261.0,salaried,694.0,27004.0,367074,6,0,0.516182649634667,0.4556791144260137,1
5971,34,146114.0,self_employed,,23671.0,220853,6,0,0.1259592966222721,0.16200364099264958,1
5972,36,37769.0,salaried,699.0,37631.0,291944,24,0,0.6441437863503578,0.9963462098546427,1
5973,27,37449.0,contract,620.0,14431.0,334414,24,1,0.744154272032186,0.3853507436780688,1
5974,52,51345.0,salaried,833.0,44853.0,200007,18,0,0.3246129126497225,0.8735612036225533,1
5975,39,132926.0,salaried,827.0,6174.0,118665,24,0,0.07439289529512662,0.046446895265034684,0
5976,22,139576.0,salaried,702.0,18528.0,251797,6,1,0.15033446533310407,0.13274488450736516,0
5977,30,84428.0,salaried,605.0,26069.0,67874,36,0,0.06699396724625321,0.30877197138390106,0
5978,37,19321.0,salaried,749.0,33472.0,319102,12,0,1.376317650915239,1.7324155064437659,1
5979,57,20776.0,salaried,788.0,9960.0,453252,36,0,1.8180111667308432,0.4793993068925683,1
5980,32,31119.0,salaried,578.0,33837.0,318373,6,0,0.852568634381996,1.0873421382435169,1
5981,26,145078.0,salaried,664.0,,236973,36,0,0.1361181571292684,0.3090337611491749,0
5982,42,67967.0,contract,833.0,26859.0,230514,12,1,0.28262980564097284,0.3951770712257419,0
5983,52,90723.0,contract,618.0,40496.0,35289,18,0,0.03241460269170993,0.4463697188144131,1
5984,40,127620.0,salaried,556.0,22864.0,292465,18,0,0.19097385467272632,0.17915687196364205,0
5985,21,95880.0,salaried,687.0,6428.0,380441,24,0,0.33065724516757056,0.0670421360033375,0
5986,26,23195.0,salaried,551.0,8960.0,172184,36,0,0.6186103326866422,0.38629014873895234,1
5987,39,117658.0,self_employed,571.0,47798.0,494083,24,0,0.3499429136423646,0.4062452191946149,1
5988,38,72995.0,self_employed,740.0,47642.0,292796,24,0,0.33426490398885766,0.6526748407425166,1
5989,26,145112.0,contract,823.0,44683.0,431650,36,0,0.24788324420677363,0.3079207784332102,0
5990,53,53250.0,salaried,,8451.0,278060,36,0,0.43514866979655714,0.15870422535211268,1
5991,43,30376.0,self_employed,837.0,23030.0,106179,12,0,0.2912908217013432,0.7581643402686331,1
5992,43,79723.0,self_employed,654.0,39503.0,286856,36,0,0.29984655201970156,0.4955031797599187,0
5993,46,58442.0,salaried,558.0,48394.0,29560,36,0,0.042150051903311544,0.8280688545908764,1
5994,33,20392.0,self_employed,774.0,26163.0,126331,24,0,0.5162604616189356,1.2830031384856806,1
5995,27,39809.0,salaried,758.0,31741.0,73413,18,0,0.15367756035067448,0.797332261548896,0
5996,35,130095.0,salaried,700.0,24659.0,359018,6,0,0.22997168735667525,0.1895461009262462,1
5997,47,146765.0,contract,,20889.0,370267,18,0,0.2102380222350924,0.1423295744898307,0
5998,46,114473.0,salaried,821.0,,75016,36,0,0.054609675061659375,0.04608073519519887,0
5999,53,109769.0,self_employed,828.0,22855.0,42909,6,0,0.03257522615674735,0.2082099682059598,0
6000,35,89710.0,salaried,783.0,47041.0,313960,36,0,0.2916434436889236,0.524367406086278,1
6001,56,26352.0,self_employed,675.0,42599.0,231733,12,1,0.732812816231532,1.6165376442015786,1
6002,47,68076.0,self_employed,597.0,18777.0,372916,36,0,0.4564947019997258,0.2758240789705623,1
6003,25,38354.0,contract,848.0,22624.0,434842,6,0,0.9447993255809911,0.5898732857068363,1
6004,22,149384.0,self_employed,681.0,18614.0,40946,12,1,0.022841580535175564,0.12460504471697102,0
6005,53,60833.0,salaried,771.0,44358.0,420672,6,0,0.5762661713214867,0.7291765982279355,1
6006,36,19318.0,salaried,534.0,20131.0,340003,12,1,1.4666934120164268,1.0420851019774304,1
6007,43,127363.0,self_employed,830.0,895.0,346112,24,0,0.22646032730594182,0.007027158593940155,0
6008,58,114992.0,salaried,586.0,41620.0,157452,6,0,0.11410358981494365,0.3619382217893419,1
6009,36,81003.0,self_employed,657.0,11041.0,487663,24,0,0.5016923241526035,0.13630359369406073,1
6010,34,122841.0,salaried,824.0,10617.0,372427,24,1,0.25264841000426025,0.08642879820255452,1
6011,49,115726.0,self_employed,615.0,1110.0,66464,36,0,0.04786017547194811,0.009591621588925566,0
6012,46,104199.0,salaried,507.0,39591.0,381917,18,0,0.30543879179902556,0.3799556617625889,1
6013,55,134195.0,contract,606.0,9350.0,447157,12,0,0.2776786268738279,0.06967472707626961,0
6014,35,122507.0,self_employed,606.0,2137.0,165119,6,0,0.11231943208687395,0.017443901164831396,0
6015,23,123173.0,salaried,613.0,31207.0,319578,24,0,0.21621215688503162,0.2533590965552516,1
6016,43,43273.0,salaried,509.0,13107.0,123204,36,0,0.23726110969888844,0.3028909481662931,1
6017,49,44473.0,contract,783.0,1840.0,217782,6,0,0.40807905920446114,0.04137341757920536,0
6018,54,76410.0,self_employed,559.0,28240.0,236736,36,0,0.25818610129564196,0.36958513283601624,0
6019,53,143536.0,salaried,765.0,,220816,6,1,0.12820012633299893,0.3056376100769145,1
6020,43,107981.0,contract,601.0,33510.0,328455,36,0,0.25348209407210526,0.31033237328789326,0
6021,27,60310.0,salaried,,3160.0,226741,36,0,0.31329934228707235,0.05239595423644503,1
6022,23,98406.0,salaried,674.0,37309.0,387079,18,0,0.3277908189880021,0.3791333861756397,1
6023,52,,self_employed,696.0,40449.0,322013,24,0,0.21002948120899045,0.3165890502093688,1
6024,51,40992.0,salaried,811.0,23391.0,373653,12,0,0.7596055327868853,0.5706235362997658,1
6025,38,44433.0,salaried,721.0,20189.0,482773,12,0,0.9054325238748978,0.4543695001462877,1
6026,27,40933.0,self_employed,689.0,25616.0,422105,6,0,0.8593412812807922,0.6258031417193951,1
6027,21,84285.0,salaried,627.0,14295.0,152846,6,0,0.15112020723339464,0.16960313222993414,0
6028,34,125121.0,salaried,833.0,40876.0,41750,18,0,0.02780641672194649,0.3266917623740219,1
6029,52,137747.0,salaried,545.0,42615.0,162475,6,0,0.09829312677106096,0.30937152896251824,0
6030,26,126682.0,salaried,568.0,47036.0,247951,12,0,0.16310591349468223,0.3712918962441389,1
6031,59,38439.0,salaried,800.0,47789.0,450047,24,0,0.9756735780500707,1.2432425401285152,1
6032,30,110826.0,self_employed,850.0,17951.0,243938,18,0,0.18342416641101064,0.16197462689260642,0
6033,27,107776.0,salaried,557.0,18194.0,339419,6,0,0.26244170006927947,0.16881309382422802,1
6034,46,134070.0,self_employed,715.0,40642.0,485020,18,0,0.3014718679296885,0.3031401506675617,1
6035,54,,self_employed,614.0,37891.0,48910,18,0,0.03796947536758427,0.3529833713726769,0
6036,50,127923.0,self_employed,509.0,43976.0,408077,18,0,0.2658350466035558,0.3437692987187605,1
6037,56,98459.0,salaried,768.0,14868.0,204832,6,0,0.1733648862301398,0.15100701814968667,0
6038,41,134598.0,salaried,791.0,26070.0,219288,36,0,0.135767247655983,0.1936878705478536,0
6039,37,102971.0,salaried,585.0,15597.0,108664,6,0,0.08794061758488636,0.15146983131172853,0
6040,53,138299.0,self_employed,646.0,25180.0,285747,6,1,0.17217948069038821,0.18206928466583272,1
6041,30,40236.0,salaried,617.0,41437.0,170800,6,0,0.3537462305729529,1.0298488915399144,1
6042,32,129679.0,salaried,634.0,23664.0,230096,6,1,0.1478625426373327,0.1824813578142953,0
6043,36,95570.0,salaried,514.0,38620.0,111541,6,1,0.09725942590073594,0.40410170555613684,1
6044,52,,self_employed,836.0,,145041,18,0,0.10828383547898693,0.33571639745209236,1
6045,35,24442.0,salaried,801.0,141.0,49600,18,1,0.1691078198728964,0.005768758694051223,0
6046,47,71437.0,contract,705.0,,353593,6,0,0.4124764944403227,0.6686311015300195,1
6047,48,93179.0,salaried,732.0,4655.0,323130,24,0,0.2889867888687365,0.049957608474012385,1
6048,37,140608.0,salaried,803.0,30927.0,302299,24,0,0.17916180681990593,0.21995192307692307,0
6049,22,79557.0,salaried,565.0,43530.0,144321,36,0,0.1511714871098709,0.5471548700931408,0
6050,56,87752.0,salaried,503.0,28602.0,321654,24,0,0.3054574254717841,0.3259412890874282,1
6051,27,63534.0,contract,502.0,38157.0,245871,12,1,0.3224926810841439,0.6005760695060912,1
6052,33,119303.0,salaried,758.0,25785.0,328685,12,0,0.22958698998907542,0.21613035715782503,1
6053,35,138295.0,salaried,702.0,33575.0,210643,24,0,0.126928546464683,0.2427781192378611,0
6054,45,130287.0,self_employed,824.0,7388.0,258134,6,1,0.1651060095532683,0.056705580756330254,1
6055,43,22288.0,self_employed,739.0,26704.0,349203,24,0,1.3056465362526921,1.1981335247666907,1
6056,42,124570.0,contract,592.0,37272.0,153436,12,0,0.1026437612052126,0.29920526611543713,1
6057,46,110547.0,salaried,783.0,33741.0,338897,24,0,0.25546977002240373,0.3052185948058292,1
6058,53,96122.0,salaried,522.0,35706.0,385800,18,0,0.3344707767212501,0.37146542935020077,0
6059,31,47400.0,salaried,,31401.0,352734,36,0,0.6201371308016878,0.6624683544303798,1
6060,30,137609.0,self_employed,817.0,85.0,380383,18,0,0.23035254477056977,0.0006176921567630024,0
6061,45,147639.0,salaried,586.0,24107.0,89501,18,0,0.05051792999591346,0.1632834142740062,0
6062,57,62878.0,contract,550.0,42756.0,220300,36,0,0.2919675138098116,0.6799834600337161,1
6063,58,63850.0,self_employed,796.0,14439.0,57849,6,0,0.07550117462803446,0.22613938919342208,1
6064,44,147166.0,contract,819.0,,21773,36,0,0.0123290479232069,0.17011402090156694,0
6065,60,94044.0,contract,,15075.0,465305,6,0,0.4123114357818326,0.16029730764323083,1
6066,53,60113.0,salaried,703.0,30395.0,138578,12,0,0.1921076417192066,0.5056310615008401,1
6067,37,73791.0,salaried,846.0,18892.0,174992,24,0,0.19762120945192052,0.2560203818893903,0
6068,44,24684.0,salaried,557.0,15711.0,347322,12,0,1.1725611732296224,0.6364851725814292,1
6069,57,107783.0,salaried,558.0,28464.0,273095,12,0,0.21114569706416286,0.26408617314418786,1
6070,22,86727.0,salaried,667.0,44220.0,250467,12,0,0.24066611320580672,0.509875817219551,1
6071,52,,salaried,673.0,47972.0,100648,24,0,0.08525618871427894,0.48762934802496494,0
6072,44,73552.0,salaried,817.0,22216.0,306647,6,0,0.34742653723442823,0.30204481183380466,1
6073,29,19934.0,salaried,706.0,13442.0,157178,36,0,0.6570766863984482,0.6743252734022274,1
6074,24,16354.0,salaried,610.0,37034.0,340234,6,1,1.7336941013411602,2.264522440993029,1
6075,37,119777.0,salaried,522.0,42313.0,160838,6,1,0.11190100492303753,0.3532648171184785,1
6076,37,110352.0,salaried,732.0,33959.0,230574,18,0,0.17412008844425111,0.30773343482673626,0
6077,50,68046.0,salaried,774.0,49135.0,384888,24,0,0.47135761102783413,0.7220850601063986,1
6078,60,126098.0,salaried,671.0,26108.0,72753,6,0,0.04807966819457882,0.20704531396215642,0
6079,31,,self_employed,510.0,26492.0,177747,6,0,0.18500512090327736,0.3308852917665867,0
6080,41,72184.0,salaried,559.0,15870.0,56284,12,0,0.06497746499685987,0.21985481547157265,1
6081,41,149035.0,self_employed,731.0,9439.0,425213,18,0,0.2377590275214994,0.06333411614721374,0
6082,38,42424.0,salaried,734.0,5921.0,334148,36,0,0.6563658935193916,0.13956722609843486,1
6083,49,,salaried,502.0,29208.0,364655,18,0,0.2037898297052367,0.19587698002870288,1
6084,44,22139.0,salaried,643.0,19895.0,217300,12,0,0.8179381784784017,0.8986404083291928,1
6085,30,26226.0,salaried,,29215.0,463531,12,0,1.4728736114288619,1.1139708686036758,1
6086,37,120234.0,salaried,508.0,38509.0,163056,12,0,0.11301295806510638,0.32028377996240665,1
6087,38,98652.0,self_employed,796.0,32356.0,44984,24,0,0.03799889172714863,0.32798118639257184,1
6088,40,85647.0,contract,793.0,13461.0,481134,12,0,0.4681366539400096,0.15716837717608323,1
6089,57,83617.0,contract,824.0,40792.0,369464,6,0,0.36821061107988406,0.4878433811306313,0
6090,38,18531.0,self_employed,692.0,24256.0,356276,24,0,1.6021621427158095,1.308941773244833,1
6091,37,109311.0,salaried,790.0,22883.0,149145,12,0,0.11370081693516663,0.20933849292385945,0
6092,29,97124.0,salaried,626.0,48916.0,107895,24,0,0.0925749557266999,0.5036448251719451,1
6093,34,59069.0,self_employed,547.0,,237734,6,1,0.335390249820831,0.7753644043406863,1
6094,49,136907.0,self_employed,606.0,30671.0,398315,12,0,0.24244864518736564,0.22402798980329713,1
6095,51,103074.0,salaried,763.0,40927.0,84176,12,0,0.0680546662268532,0.39706424510545824,1
6096,24,123345.0,contract,752.0,46075.0,467526,6,0,0.31586606672341805,0.37354574567270665,1
6097,38,69203.0,salaried,526.0,37396.0,423530,12,0,0.5100091999865131,0.5403811973469358,1
6098,40,30915.0,salaried,508.0,39284.0,110976,6,0,0.29914281093320394,1.270710011321365,1
6099,29,56477.0,contract,719.0,3483.0,349264,12,0,0.5153484309246832,0.06167112275793686,0
6100,33,131740.0,contract,657.0,10130.0,355093,12,0,0.22461730175598402,0.0768938818885684,0
6101,35,137217.0,self_employed,513.0,6157.0,299270,18,1,0.18174983177497442,0.044870533534474594,1
6102,47,104067.0,salaried,528.0,39126.0,425246,24,0,0.3405226120351953,0.37596932745250655,0
6103,35,68520.0,salaried,525.0,5139.0,473834,36,1,0.5762721346565479,0.075,1
6104,48,85053.0,salaried,713.0,17311.0,409775,18,0,0.40148985534509857,0.20353191539393084,0
6105,57,66464.0,self_employed,642.0,42471.0,160127,18,0,0.2007690880276039,0.6390075830524795,0
6106,39,40357.0,salaried,614.0,39347.0,40366,24,0,0.08335191746991434,0.9749733627375672,1
6107,46,147316.0,salaried,828.0,13632.0,368110,18,0,0.20823151139953117,0.09253577343940916,0
6108,46,82952.0,salaried,717.0,3038.0,50214,6,0,0.05044483556755714,0.036623589545761406,0
6109,45,63061.0,salaried,580.0,7219.0,318596,18,1,0.4210156303684792,0.11447645930131142,1
6110,46,21490.0,salaried,700.0,6500.0,327495,36,0,1.2699511400651466,0.3024662633783155,1
6111,46,92219.0,contract,566.0,18105.0,150885,6,1,0.13634663138832562,0.1963261366963424,1
6112,48,141305.0,salaried,748.0,29278.0,377603,24,0,0.22268792092754444,0.20719719755139593,0
6113,38,20839.0,self_employed,643.0,27995.0,390790,24,0,1.5627349360973815,1.3433945966697058,1
6114,52,39992.0,salaried,,2825.0,496251,24,1,1.0340630626125225,0.07063912782556511,1
6115,23,128154.0,self_employed,845.0,23054.0,88373,6,1,0.05746536718843475,0.17989294130499242,0
6116,22,71249.0,contract,595.0,43694.0,416644,24,1,0.48730976341188414,0.6132577299330517,1
6117,53,118313.0,salaried,617.0,41178.0,371108,24,0,0.26138857662866016,0.3480429031467379,1
6118,39,65734.0,salaried,817.0,41481.0,153265,36,1,0.19429950000507093,0.6310432957069401,1
6119,37,140626.0,salaried,684.0,16788.0,39722,12,0,0.0235387955759722,0.11938048440544423,0
6120,53,39260.0,salaried,791.0,13077.0,415382,12,0,0.8816904398030225,0.3330871115639328,1
6121,32,76852.0,self_employed,744.0,31013.0,70678,12,0,0.0766386474435712,0.4035418726903659,1
6122,23,43380.0,salaried,700.0,6158.0,208679,24,0,0.4008740587060089,0.14195481788842784,1
6123,46,86257.0,salaried,777.0,20805.0,455475,6,0,0.4400367506405277,0.24119781582943994,1
6124,55,19930.0,self_employed,609.0,37834.0,249066,24,0,1.0414199698946311,1.8983442047165078,1
6125,28,69017.0,salaried,711.0,10027.0,232026,12,0,0.28015561383427273,0.1452830462060072,1
6126,56,95630.0,salaried,758.0,32925.0,433018,36,0,0.3773380041130747,0.3442957230994458,0
6127,27,46280.0,salaried,663.0,22295.0,80380,24,0,0.14473494670123885,0.48174157303370785,1
6128,56,139130.0,self_employed,596.0,42581.0,39096,24,0,0.023416948177963057,0.30605189391216847,0
6129,36,21544.0,salaried,709.0,28253.0,280281,24,0,1.0841417564054958,1.3114092090605274,1
6130,44,29388.0,salaried,535.0,39811.0,84626,6,1,0.23996756045551473,1.3546685722063427,1
6131,21,16694.0,self_employed,765.0,7921.0,201010,36,0,1.0034044167565193,0.47448184976638313,1
6132,45,142727.0,salaried,599.0,46853.0,385436,36,0,0.22504268054864648,0.3282700540192115,1
6133,30,103202.0,self_employed,520.0,17189.0,261537,36,0,0.21118534524524718,0.16655684967345594,0
6134,36,128057.0,self_employed,716.0,25881.0,194441,36,1,0.12653284605032655,0.20210531247803712,1
6135,36,64294.0,self_employed,603.0,43154.0,326150,12,0,0.42273255150817596,0.6711979344884437,1
6136,28,53769.0,self_employed,611.0,40003.0,331531,24,1,0.5138199210201665,0.7439788725845747,1
6137,49,128289.0,self_employed,718.0,16887.0,263129,36,0,0.1709220328061382,0.13163248602764072,1
6138,59,117885.0,self_employed,619.0,24110.0,164961,18,0,0.11661152818424736,0.20452135555838316,1
6139,48,,self_employed,748.0,5183.0,400166,18,1,0.6309179200958598,0.09806073219184562,0
6140,26,147532.0,salaried,834.0,19023.0,168530,12,0,0.0951940369998825,0.12894151777241547,0
6141,36,62646.0,salaried,595.0,8957.0,130942,18,0,0.17418244314614395,0.14297800338409475,0
6142,40,128947.0,salaried,687.0,,360384,18,0,0.23290188992376712,0.1288901641759793,0
6143,36,25910.0,salaried,643.0,4491.0,227690,18,1,0.7323105622024958,0.17333076032419914,1
6144,27,97757.0,salaried,527.0,42964.0,446727,12,0,0.38081416164571336,0.43949793876653337,1
6145,34,23463.0,salaried,505.0,38728.0,245127,24,1,0.8706154370711333,1.650598815155777,1
6146,46,41534.0,contract,816.0,34567.0,365069,12,0,0.7324701850692605,0.8322579091828382,1
6147,46,148441.0,contract,761.0,3387.0,28204,6,0,0.015833451225290406,0.022817146206236823,1
6148,34,127296.0,self_employed,729.0,16025.0,478121,6,0,0.31299818271325625,0.12588769482151835,0
6149,27,100094.0,contract,621.0,1446.0,207248,18,0,0.17254447486029797,0.014446420364857035,0
6150,53,102905.0,contract,693.0,32899.0,496986,18,0,0.40246343715077015,0.319702638355765,0
6151,46,40407.0,self_employed,604.0,39137.0,368965,24,0,0.7609345740424514,0.9685698022619843,1
6152,40,77552.0,salaried,,38360.0,187443,18,0,0.2014164689498659,0.49463585723127707,1
6153,23,107303.0,salaried,561.0,26610.0,317172,6,0,0.24632116529826753,0.24798933860190303,0
6154,24,86908.0,salaried,783.0,36981.0,147245,18,0,0.1411885748914561,0.4255189395682791,1
6155,46,139506.0,salaried,579.0,29309.0,340471,24,0,0.20337894666418171,0.2100913222370364,1
6156,31,37369.0,self_employed,674.0,32630.0,248391,6,1,0.5539150097674543,0.8731836549011213,1
6157,22,20900.0,salaried,508.0,30434.0,289958,18,1,1.1561323763955342,1.4561722488038278,1
6158,34,55733.0,salaried,679.0,45394.0,311589,24,0,0.4658954299965909,0.8144905172877828,1
6159,50,102236.0,salaried,770.0,34226.0,341447,24,0,0.27831602044941767,0.3347744434445792,0
6160,32,146661.0,salaried,661.0,5298.0,358100,6,0,0.20347377057749957,0.036124122977478676,0
6161,46,75044.0,salaried,775.0,18406.0,357634,6,0,0.3971381234120427,0.2452694419274026,0
6162,53,100553.0,self_employed,705.0,34716.0,463656,6,0,0.3842550694658538,0.3452507632790668,1
6163,33,103435.0,salaried,559.0,22989.0,356888,24,1,0.2875300107958299,0.22225552279209165,1
6164,34,64008.0,salaried,685.0,42580.0,366217,6,1,0.47678545390159566,0.6652293463317085,1
6165,44,81794.0,self_employed,574.0,45731.0,35168,6,0,0.03582984897017711,0.5590996894637749,0
6166,54,94134.0,self_employed,593.0,12005.0,122886,24,1,0.10878641086111288,0.12753096649457157,1
6167,46,148938.0,salaried,566.0,6861.0,204723,24,0,0.11454598557789147,0.04606614833017766,0
6168,41,67890.0,salaried,501.0,40039.0,384933,6,0,0.4724959493297982,0.5897628516718221,1
6169,48,130259.0,salaried,677.0,10353.0,315519,6,0,0.2018536147214396,0.07948011269854674,0
6170,56,44404.0,self_employed,641.0,40635.0,253420,6,0,0.47559529171546105,0.9151202594360869,1
6171,60,80223.0,salaried,543.0,15630.0,118086,24,0,0.12266432319908256,0.19483190606185258,1
6172,22,15637.0,salaried,673.0,4718.0,310938,36,1,1.6570633753277484,0.3017202788258617,1
6173,29,118186.0,salaried,794.0,36918.0,22836,12,0,0.016101737938503714,0.3123720237591593,0
6174,43,30828.0,self_employed,730.0,16907.0,212548,18,0,0.5745534362700575,0.5484299987024782,1
6175,35,116976.0,salaried,735.0,35249.0,427307,12,0,0.3044121586194319,0.30133531664614965,0
6176,33,60097.0,salaried,592.0,4484.0,274661,24,1,0.3808578908542301,0.0746127094530509,1
6177,43,128271.0,salaried,,23194.0,446750,36,1,0.29023837552265647,0.18082029453266912,1
6178,37,47022.0,salaried,526.0,23886.0,294934,24,0,0.5226879616633349,0.5079749904300115,1
6179,22,47202.0,salaried,771.0,,244148,6,1,0.431033995734644,0.18086098046692936,1
6180,40,43704.0,salaried,,35080.0,67700,18,0,0.12908810787723474,0.8026725242540729,1
6181,40,106411.0,salaried,788.0,23399.0,478851,12,0,0.3750011746905865,0.2198926802680174,1
6182,23,144688.0,self_employed,747.0,23655.0,260592,24,0,0.1500884662169634,0.163489715802278,0
6183,32,38641.0,salaried,549.0,26274.0,191462,36,0,0.4129077059772435,0.6799513470148288,1
6184,60,52479.0,self_employed,782.0,32908.0,201974,6,0,0.3207219395694786,0.6270698755692753,1
6185,22,37027.0,salaried,708.0,6892.0,81292,36,0,0.18295658123351427,0.1861344424338996,0
6186,56,57912.0,salaried,623.0,,433269,18,0,0.6234588686282636,0.7000966984390109,1
6187,34,123227.0,salaried,841.0,42081.0,53161,36,0,0.03595058983285589,0.34149171853571053,0
6188,36,143773.0,self_employed,748.0,19267.0,307313,36,1,0.17812396393388652,0.1340098627697829,1
6189,39,124658.0,salaried,783.0,,375137,6,0,0.250777460465166,0.3240546134223235,1
6190,54,,salaried,650.0,46025.0,94613,36,0,0.13666395109662807,0.7977709214449143,0
6191,26,113884.0,self_employed,563.0,47668.0,486891,6,1,0.3562770011590741,0.41856626040532474,1
6192,33,47209.0,contract,740.0,31340.0,23052,18,1,0.04069139359020526,0.6638564680463471,1
6193,56,71738.0,salaried,666.0,32136.0,454680,24,0,0.5281719590732945,0.44796342245392956,1
6194,42,52242.0,salaried,,40229.0,238228,6,0,0.38000714622972576,0.770050916886796,1
6195,38,122966.0,salaried,548.0,41942.0,203974,24,0,0.13823197740296775,0.34108615389619895,0
6196,32,81457.0,self_employed,686.0,43404.0,283921,12,0,0.29046102033383664,0.5328455504131014,1
6197,50,144257.0,salaried,647.0,36228.0,108853,36,0,0.06288140841230119,0.2511351268915893,0
6198,60,83309.0,salaried,688.0,26889.0,477194,24,0,0.4773333813473534,0.32276224657600017,0
6199,27,101496.0,salaried,610.0,9348.0,163701,36,0,0.13440677465121778,0.09210215180893828,0
6200,52,125078.0,salaried,764.0,15637.0,277449,6,0,0.18485065319240793,0.1250179887750044,0
6201,39,16865.0,salaried,778.0,11224.0,257701,36,0,1.2733521098922818,0.6655203083308627,1
6202,26,111242.0,salaried,736.0,46180.0,481677,18,0,0.3608326890922493,0.4151309757106129,1
6203,40,43887.0,salaried,658.0,1307.0,469715,24,0,0.8919023097196588,0.029781028550595848,1
6204,47,111047.0,salaried,559.0,15636.0,420036,36,1,0.3152088755211757,0.1408052446261493,1
6205,57,143863.0,salaried,,12426.0,294643,24,1,0.17067337212023476,0.08637384178002683,1
6206,27,55478.0,self_employed,574.0,15580.0,85029,24,0,0.12772179963228666,0.2808320415299759,1
6207,25,126750.0,salaried,727.0,45124.0,217192,18,0,0.1427955292570677,0.3560078895463511,0
6208,31,28394.0,salaried,653.0,2852.0,275388,6,0,0.8082341339719659,0.10044375572304008,1
6209,35,19487.0,salaried,809.0,36212.0,356228,36,0,1.5233574519765314,1.8582644840149845,1
6210,23,123924.0,self_employed,786.0,45600.0,231396,12,0,0.15560343436299667,0.3679674639295052,0
6211,25,72268.0,self_employed,740.0,47404.0,388050,24,0,0.4474663751591299,0.6559473072452537,1
6212,43,44605.0,self_employed,726.0,26247.0,189036,6,0,0.3531666853491761,0.588431790158054,1
6213,57,86602.0,salaried,668.0,,228154,12,0,0.2195426587530696,0.205295489711554,0
6214,29,93206.0,salaried,783.0,25590.0,423158,24,0,0.3783358009856304,0.2745531403557711,0
6215,35,108375.0,self_employed,845.0,4741.0,267460,12,0,0.20565936178392927,0.04374625144175317,0
6216,23,108937.0,salaried,761.0,47502.0,95437,36,0,0.07300626355906013,0.4360501941489118,0
6217,49,71921.0,salaried,789.0,44174.0,23681,36,0,0.02743867113453187,0.6142016935248398,1
6218,26,75760.0,self_employed,847.0,17140.0,421944,24,0,0.4641235480464625,0.22624076029567053,1
6219,37,82847.0,salaried,508.0,26607.0,202692,24,0,0.2038818545028788,0.3211582797204485,0
6220,46,112547.0,salaried,848.0,19004.0,388790,36,0,0.28787232593198103,0.16885390103690015,0
6221,41,58839.0,self_employed,597.0,46724.0,292091,6,0,0.4136867837092178,0.7940991519230443,1
6222,28,54673.0,salaried,511.0,47001.0,497686,12,0,0.75857979868186,0.859674793773892,1
6223,41,18642.0,salaried,771.0,12758.0,134251,24,0,0.6001278475127848,0.6843686299753245,1
6224,31,66761.0,salaried,570.0,42191.0,233879,24,0,0.2919356610396289,0.6319707613726577,1
6225,58,24622.0,salaried,634.0,36792.0,63955,18,0,0.21645615032626647,1.494273414019982,1
6226,28,,salaried,758.0,15078.0,385286,12,0,0.5062385359674987,0.23773709852892483,1
6227,44,57873.0,salaried,504.0,32802.0,104482,36,0,0.1504472436772473,0.5667928049349438,1
6228,55,62565.0,salaried,738.0,40201.0,242792,24,0,0.32338634486800394,0.6425477503396467,1
6229,34,15757.0,salaried,793.0,46031.0,224398,24,0,1.1867635548221955,2.9213048169067717,1
6230,34,21220.0,salaried,834.0,16404.0,67438,36,0,0.2648366321080741,0.7730442978322337,0
6231,30,123408.0,salaried,598.0,46219.0,190567,12,0,0.12868358075111283,0.3745219110592506,0
6232,32,106851.0,salaried,650.0,44431.0,189371,6,0,0.14769086547310428,0.41582203254999955,0
6233,58,108329.0,salaried,,49608.0,330526,36,0,0.25426093966835595,0.4579383175327013,1
6234,54,142636.0,salaried,648.0,23671.0,29433,6,0,0.01719586920553016,0.16595389663198631,1
6235,30,43288.0,salaried,641.0,40668.0,72984,24,0,0.14050083163925337,0.9394751432267603,1
6236,37,89492.0,self_employed,750.0,27573.0,285043,6,0,0.26542689104426465,0.30810575246949445,1
6237,37,34109.0,salaried,733.0,37246.0,437751,6,0,1.069490457064118,1.0919698613269224,1
6238,23,149569.0,salaried,631.0,43542.0,279356,36,0,0.1556449977379448,0.2911164746705534,1
6239,51,72326.0,self_employed,546.0,1062.0,342243,24,1,0.39432914857727513,0.014683516301191826,1
6240,21,24864.0,salaried,593.0,39895.0,337046,12,1,1.129631864006864,1.6045286357786357,1
6241,32,102562.0,salaried,748.0,39957.0,216285,18,1,0.17573516507088396,0.38958873656909965,0
6242,59,89310.0,self_employed,519.0,9782.0,243909,6,1,0.22758649647295937,0.10952860821856455,1
6243,24,,salaried,679.0,40862.0,136967,24,1,0.08489086726067403,0.3039106311452244,0
6244,33,36017.0,contract,771.0,26441.0,189601,18,1,0.4386840473480116,0.7341255518227504,1
6245,54,147893.0,contract,635.0,41006.0,193020,12,0,0.1087610637420297,0.2772680248558079,0
6246,41,65337.0,salaried,736.0,30079.0,278928,18,0,0.35575554433169565,0.46036702021825304,1
6247,42,98557.0,self_employed,689.0,40417.0,92283,12,0,0.07802845054131112,0.4100875635419098,1
6248,24,25372.0,self_employed,,21551.0,468843,18,0,1.53989634242472,0.8494009143938199,1
6249,38,115050.0,contract,563.0,4774.0,158876,12,0,0.11507750253512965,0.041495002172968275,0
6250,25,108938.0,self_employed,663.0,5079.0,260427,6,1,0.19921652683177588,0.04662284969432154,0
6251,39,86333.0,self_employed,,30715.0,147182,18,1,0.14206811609311232,0.35577357441534524,1
6252,22,31283.0,salaried,714.0,12180.0,349329,12,0,0.9305613272384362,0.3893488476169165,1
6253,32,55857.0,salaried,518.0,34421.0,448392,24,0,0.668958232629751,0.6162343126197254,1
6254,37,66772.0,salaried,753.0,16428.0,148350,36,0,0.18514497094590546,0.2460312705924639,1
6255,30,110856.0,salaried,573.0,37138.0,325524,18,0,0.24470484231796205,0.33501118568232663,1
6256,54,21107.0,contract,640.0,20148.0,258692,18,0,1.021351526349868,0.9545648363102288,1
6257,26,50561.0,salaried,516.0,44342.0,182335,18,1,0.3005198341277533,0.8770000593342695,1
6258,28,28138.0,self_employed,594.0,32853.0,115701,18,1,0.34265939299168385,1.1675669912573743,1
6259,31,139143.0,salaried,733.0,11368.0,362146,36,0,0.21689077663506848,0.08170012145778084,1
6260,32,33632.0,salaried,800.0,14066.0,340016,18,0,0.8424912781477958,0.418232635585157,1
6261,29,62547.0,salaried,587.0,45232.0,107516,6,0,0.14324694496405369,0.7231681775304971,1
6262,22,27100.0,salaried,,30441.0,27542,6,0,0.08469249692496925,1.1232841328413283,1
6263,28,62930.0,contract,550.0,15548.0,185259,24,0,0.24532416971237883,0.2470681709836326,1
6264,31,68025.0,salaried,744.0,39995.0,255071,36,1,0.3124721303442362,0.5879456082322676,1
6265,56,93944.0,salaried,612.0,36059.0,175582,24,0,0.1557505890033779,0.38383505066848334,1
6266,30,106641.0,salaried,507.0,8779.0,56941,6,0,0.04449586306705051,0.08232293395598315,1
6267,41,111920.0,salaried,536.0,41562.0,87271,18,1,0.06498019418632356,0.3713545389563974,1
6268,40,147533.0,salaried,546.0,16151.0,130632,18,0,0.07378688157903655,0.10947381263852833,0
6269,28,57362.0,salaried,,48294.0,214817,12,0,0.3120779726415862,0.8419162511767372,1
6270,56,43610.0,salaried,844.0,19900.0,459476,36,0,0.8780019873117787,0.45631735840403576,1
6271,49,119334.0,salaried,672.0,17640.0,283292,12,0,0.1978285037513757,0.14782040323797074,1
6272,32,22717.0,salaried,,10353.0,191863,36,0,0.7038157914043814,0.455737993573095,1
6273,34,79022.0,self_employed,690.0,46587.0,51343,36,0,0.054144204567504406,0.5895446837589532,0
6274,41,66645.0,salaried,841.0,47715.0,271347,18,0,0.3392940205566809,0.7159576862480306,0
6275,42,44550.0,salaried,733.0,30870.0,99082,18,1,0.18533857089412645,0.692929292929293,1
6276,41,,self_employed,780.0,12871.0,62483,24,0,0.0347944287038027,0.08600849994654122,0
6277,50,55868.0,self_employed,734.0,19419.0,456937,6,0,0.6815723371757237,0.34758716975728504,1
6278,59,113039.0,self_employed,625.0,43377.0,370759,6,0,0.27332675743180085,0.38373481718698854,1
6279,40,47800.0,self_employed,677.0,7516.0,487654,18,0,0.8501638772663878,0.15723849372384938,1
6280,44,25886.0,salaried,672.0,,111072,6,1,0.3575677972649309,0.8371320404852044,1
6281,43,60805.0,salaried,619.0,10311.0,491862,36,1,0.6740975248745992,0.16957487048762437,1
6282,27,47532.0,salaried,529.0,4955.0,97437,6,0,0.1708270217958428,0.10424556088529832,1
6283,29,,self_employed,547.0,43360.0,149097,24,0,0.09724689860290377,0.3393730677415568,1
6284,21,43688.0,salaried,678.0,13322.0,470226,6,0,0.8969396630653726,0.3049349935909174,1
6285,46,38089.0,salaried,593.0,43748.0,347684,6,1,0.7606833118923224,1.1485730788416604,1
6286,58,48585.0,self_employed,554.0,33405.0,90455,24,0,0.15514905149051492,0.6875578882371102,1
6287,58,17438.0,salaried,735.0,152.0,241301,24,0,1.1531377833849448,0.008716595939901366,1
6288,42,108095.0,salaried,801.0,13473.0,104711,18,0,0.08072451701435465,0.12464036264397058,0
6289,30,29026.0,salaried,786.0,5909.0,180404,24,0,0.5179379406968465,0.2035761041824571,1
6290,26,135168.0,salaried,847.0,27009.0,443225,18,0,0.2732556275647096,0.19981800426136365,0
6291,37,65998.0,salaried,573.0,15503.0,426728,36,1,0.5388143075042678,0.2349010576078063,1
6292,58,72013.0,salaried,811.0,138.0,494972,12,0,0.5727808404963919,0.0019163206643244969,0
6293,44,66039.0,self_employed,621.0,14541.0,488510,6,0,0.6164412947904521,0.22018807068550403,1
6294,30,121446.0,self_employed,556.0,6239.0,239884,24,0,0.164602649188391,0.051372626517135186,0
6295,28,113452.0,salaried,772.0,49877.0,354253,6,1,0.2602076942965601,0.4396308571025632,1
6296,41,82182.0,self_employed,638.0,46435.0,213178,36,0,0.21616452913452255,0.5650264048088389,0
6297,26,67147.0,salaried,698.0,11734.0,222437,12,0,0.2760572574600007,0.1747509196241083,1
6298,41,90400.0,salaried,708.0,14847.0,67262,24,0,0.06200405604719764,0.1642367256637168,1
6299,59,61434.0,salaried,772.0,18.0,272584,18,1,0.36975182038176474,0.0002929973630237328,1
6300,44,41515.0,salaried,637.0,42396.0,219980,18,0,0.4415673049901642,1.021221245333012,1
6301,53,73001.0,self_employed,633.0,10646.0,172995,24,0,0.19748017150449995,0.14583361871755182,0
6302,38,124591.0,contract,836.0,39880.0,113441,24,0,0.07587559829094129,0.3200873257297879,0
6303,48,60778.0,salaried,,21905.0,270941,36,0,0.37148995798918466,0.3604100167823884,1
6304,52,110849.0,salaried,602.0,16484.0,410135,12,0,0.3083285971607021,0.1487067993396422,0
6305,32,118083.0,salaried,742.0,25168.0,374964,24,0,0.2646189544642328,0.2131382163393545,1
6306,47,116276.0,salaried,589.0,39606.0,242369,18,0,0.17370236907587694,0.34062059238363895,1
6307,30,71908.0,salaried,503.0,47121.0,191093,12,0,0.22145542452392872,0.6552956555598821,1
6308,52,109048.0,self_employed,561.0,14464.0,74284,24,0,0.056767050595456434,0.13263883794292422,1
6309,46,49256.0,self_employed,,7135.0,441138,12,0,0.7463354718206919,0.1448554490823453,1
6310,45,142025.0,salaried,747.0,6029.0,253888,36,0,0.14896907821392946,0.04245027283928886,1
6311,31,142343.0,salaried,691.0,12653.0,442757,24,0,0.2592078055588731,0.08889091841537694,1
6312,43,24127.0,contract,555.0,2509.0,416282,24,0,1.4378151724900181,0.10399137895304016,1
6313,54,133251.0,self_employed,788.0,46240.0,481872,12,0,0.3013560873839596,0.3470142813187143,0
6314,60,96163.0,salaried,530.0,1955.0,365090,24,1,0.3163812138417756,0.020330064577852188,1
6315,43,133279.0,salaried,500.0,9846.0,311749,12,0,0.19492255594154617,0.07387510410492276,1
6316,49,116824.0,self_employed,697.0,7078.0,416286,12,0,0.29694668903649934,0.06058686571252482,0
6317,51,53664.0,salaried,544.0,40311.0,214300,24,0,0.33278051083283644,0.7511739713774598,1
6318,27,71795.0,salaried,546.0,26264.0,74994,18,1,0.08704645170276482,0.3658193467511665,1
6319,60,136729.0,salaried,721.0,17294.0,178278,36,0,0.1086565395782899,0.12648377447359374,0
6320,53,51079.0,self_employed,785.0,,65326,12,0,0.10657674060442321,0.12065623837584917,0
6321,41,99225.0,salaried,580.0,45601.0,189509,18,0,0.15915763836398758,0.4595716805240615,1
6322,22,39259.0,salaried,779.0,24377.0,273244,12,0,0.5800028868115167,0.6209276853715072,1
6323,38,41571.0,self_employed,786.0,6715.0,226805,18,0,0.45465388532069634,0.16153087488874457,1
6324,53,66119.0,contract,783.0,22526.0,372689,24,1,0.4697199997983434,0.34068875814818733,1
6325,57,23009.0,self_employed,688.0,39373.0,81961,36,0,0.2968439885841772,1.7111999652309966,1
6326,54,125210.0,salaried,538.0,32461.0,358788,18,0,0.23879083140324256,0.2592524558741315,1
6327,40,76829.0,salaried,582.0,49756.0,425370,6,0,0.46138176990459334,0.6476200393080738,1
6328,55,53230.0,salaried,826.0,18754.0,407561,12,0,0.6380502849270462,0.35232012023295134,1
6329,38,126364.0,salaried,675.0,30808.0,442697,18,0,0.29194562269844787,0.24380361495362604,1
6330,44,71049.0,contract,508.0,42970.0,117001,36,0,0.1372304090604137,0.6047938746498895,1
6331,28,116762.0,self_employed,777.0,12327.0,398054,36,0,0.28409214184980275,0.10557373117966462,0
6332,50,138273.0,salaried,757.0,47055.0,311251,36,0,0.1875824154631297,0.3403050487079907,0
6333,30,134466.0,salaried,846.0,13221.0,63224,18,0,0.03918214765566513,0.09832225246530721,0
6334,43,,salaried,771.0,16586.0,291869,18,1,0.18143880902826992,0.123727182532282,1
6335,31,110018.0,salaried,760.0,16092.0,370247,24,0,0.2804442606361383,0.14626697449508264,1
6336,22,47795.0,salaried,679.0,,336089,6,0,0.5859905150469017,0.2901977194267183,1
6337,46,128812.0,salaried,653.0,33010.0,323895,18,0,0.20953987206160918,0.2562649442598516,0
6338,56,100411.0,salaried,514.0,3740.0,492312,24,0,0.40858073318660304,0.03724691517861589,1
6339,53,54191.0,self_employed,566.0,19105.0,100551,12,0,0.1546243841228248,0.3525493163071359,0
6340,33,27453.0,salaried,828.0,8851.0,239539,6,0,0.7271184691411989,0.3224055658762248,1
6341,60,135848.0,salaried,686.0,41672.0,111164,36,0,0.06819141000726302,0.30675460809139626,0
6342,45,129165.0,self_employed,847.0,44855.0,415300,6,0,0.26793894114762773,0.3472689970193164,1
6343,24,64993.0,salaried,562.0,9366.0,333850,12,0,0.42805891916565375,0.1441078269967535,1
6344,39,125780.0,salaried,780.0,37987.0,162867,18,1,0.10790467482906663,0.3020114485609795,1
6345,38,60706.0,salaried,540.0,24822.0,480433,18,0,0.6595078465610209,0.4088887424636774,0
6346,57,106434.0,self_employed,527.0,17114.0,112419,24,0,0.08801933592648965,0.16079448296596952,1
6347,50,65799.0,self_employed,,28519.0,23722,18,0,0.03004351636549694,0.43342603990942113,1
6348,39,134586.0,self_employed,720.0,8687.0,47902,18,0,0.029660093422297515,0.0645460894892485,0
6349,43,75964.0,salaried,716.0,22942.0,415252,6,0,0.45553595562810456,0.30201147912168924,0
6350,36,112379.0,self_employed,,43622.0,285301,12,1,0.21156162035018405,0.3881686080139528,1
6351,21,124987.0,self_employed,560.0,30080.0,445523,36,0,0.29704622614085197,0.24066502916303295,0
6352,32,76926.0,salaried,602.0,2575.0,347466,36,0,0.376407196526532,0.03347372799833606,0
6353,44,18801.0,contract,684.0,23892.0,31917,24,0,0.1414685389075049,1.2707834689644169,1
6354,54,55144.0,salaried,646.0,1082.0,325563,12,0,0.49198915566516754,0.01962135499782388,1
6355,28,109478.0,contract,574.0,29570.0,27555,6,0,0.020974533696267745,0.2700999287528088,0
6356,38,127364.0,self_employed,500.0,8735.0,437167,36,0,0.28603516954032016,0.0685829590779184,1
6357,25,,salaried,832.0,11255.0,463326,24,0,0.39471370592625155,0.11505944652879298,0
6358,46,33637.0,salaried,661.0,39601.0,313526,18,0,0.7767389085431717,1.177304753693849,1
6359,50,59621.0,salaried,516.0,10094.0,385900,18,0,0.5393793014765491,0.1693027624494725,1
6360,33,62431.0,self_employed,742.0,20698.0,35350,6,0,0.047185426043685565,0.33153401355096024,1
6361,39,,salaried,518.0,21474.0,492723,36,0,0.3572413583093347,0.1868327866570382,1
6362,49,71172.0,self_employed,829.0,30651.0,148452,18,0,0.17381835553307481,0.4306609340751981,1
6363,23,40437.0,salaried,558.0,34918.0,243230,24,0,0.5012529778832917,0.8635160867522319,1
6364,46,38119.0,self_employed,700.0,6103.0,143474,24,0,0.31365373348373954,0.1601038852016055,1
6365,60,83835.0,salaried,614.0,,71369,36,0,0.0709419295839049,0.2059640961412298,0
6366,32,75805.0,salaried,702.0,36743.0,275300,6,0,0.302640547017567,0.48470417518633335,1
6367,22,33201.0,self_employed,793.0,49158.0,235821,24,0,0.591902352338785,1.4806180536730822,1
6368,31,43634.0,salaried,530.0,27011.0,347907,12,0,0.6644417197598204,0.6190356144291149,1
6369,48,101821.0,salaried,,24029.0,76645,24,0,0.06272854650154029,0.2359925752055077,1
6370,38,60775.0,salaried,605.0,38168.0,167460,6,1,0.22961744138214726,0.6280213903743316,1
6371,33,141546.0,salaried,805.0,4191.0,331447,24,0,0.1951350326631154,0.029608749099232758,0
6372,57,129090.0,salaried,625.0,5623.0,210684,18,0,0.13600588736540398,0.043558757456038426,1
6373,42,89676.0,self_employed,602.0,2293.0,491196,6,0,0.45645434675944513,0.02556982916276373,0
6374,32,21798.0,self_employed,662.0,40159.0,424737,18,0,1.6237613542526836,1.842324983943481,1
6375,22,,salaried,814.0,20593.0,121381,18,0,0.10975567853009259,0.22344835069444444,1
6376,57,92751.0,salaried,620.0,27167.0,206657,36,0,0.1856736495204005,0.292902502398896,0
6377,27,55888.0,salaried,,37193.0,314091,6,1,0.4683339894073862,0.6654916976810764,1
6378,46,64047.0,self_employed,594.0,11766.0,112437,18,0,0.1462949084266242,0.18370883882149047,0
6379,46,124640.0,salaried,707.0,35992.0,89507,36,0,0.05984368314077878,0.2887676508344031,0
6380,44,117614.0,salaried,648.0,17624.0,414220,36,0,0.2934883035466299,0.14984610675599844,0
6381,32,60955.0,salaried,,15848.0,344464,18,0,0.470926639870943,0.2599950783364777,1
6382,36,148054.0,salaried,807.0,47375.0,290146,18,0,0.16331090908272208,0.31998460021343567,0
6383,43,136298.0,self_employed,692.0,15759.0,384108,12,0,0.23484570573302616,0.11562165255543001,0
6384,60,100490.0,salaried,641.0,7517.0,386937,6,0,0.32087521146382725,0.07480346303114738,1
6385,29,54265.0,salaried,771.0,36261.0,428691,36,0,0.6583294941490831,0.6682207684511196,1
6386,52,61313.0,salaried,810.0,30980.0,79080,6,0,0.10748128455629312,0.5052762056986283,1
6387,35,59350.0,contract,700.0,3590.0,333923,36,0,0.4688612749227745,0.060488626790227464,0
6388,57,124168.0,self_employed,661.0,25292.0,24708,24,1,0.016582372269827974,0.20369177243734296,1
6389,33,42924.0,salaried,,8455.0,353767,24,0,0.6868088559624763,0.1969760506942503,1
6390,25,97593.0,salaried,849.0,6944.0,370881,36,1,0.3166902339307122,0.07115264414455955,1
6391,31,132490.0,self_employed,762.0,33085.0,173912,12,0,0.10938687196517977,0.24971695977054872,0
6392,30,22312.0,salaried,709.0,27100.0,326596,24,0,1.2198069798016016,1.2145930441018287,1
6393,33,45353.0,contract,648.0,640.0,38309,6,0,0.07039041886240528,0.014111525147178797,1
6394,35,128744.0,salaried,755.0,858.0,156774,18,0,0.10147657366556888,0.0066643882433356115,0
6395,27,31192.0,salaried,,37011.0,241356,6,0,0.6448127725057707,1.1865542446781225,1
6396,60,111548.0,self_employed,836.0,30518.0,144072,6,0,0.10763079571126331,0.2735862588302793,0
6397,48,113991.0,salaried,685.0,42430.0,422534,6,0,0.3088942694306276,0.37222236843259554,0
6398,52,93711.0,contract,843.0,15437.0,347907,36,0,0.309379368483956,0.16472986095549083,1
6399,55,21774.0,self_employed,664.0,25550.0,371364,36,0,1.4212822632497475,1.1734178377881876,1
6400,35,130107.0,salaried,,25861.0,449627,6,0,0.28798540175906495,0.19876716856126111,1
6401,56,87427.0,self_employed,582.0,41011.0,112098,18,0,0.10684914271334943,0.469088496688666,1
6402,41,102513.0,self_employed,800.0,28929.0,154800,12,0,0.12583769863334407,0.28219835533054344,1
6403,26,79014.0,salaried,579.0,1019.0,226034,12,0,0.23839024307928552,0.012896448730604703,1
6404,21,70256.0,salaried,752.0,24284.0,385676,24,0,0.4574650800880589,0.3456501935777727,1
6405,24,113743.0,salaried,524.0,11814.0,214752,24,0,0.1573371548139226,0.10386573239671892,1
6406,31,106190.0,salaried,782.0,,461700,18,1,0.362322252566155,0.426622092475751,1
6407,46,66715.0,self_employed,550.0,49144.0,425174,6,1,0.5310824652127207,0.736625946189013,1
6408,57,,salaried,607.0,10104.0,270376,36,0,1.0029080981631502,0.44974628327250066,1
6409,43,32637.0,salaried,737.0,8479.0,302243,24,1,0.7717289170777543,0.25979716272941755,1
6410,49,145424.0,self_employed,815.0,5373.0,90057,6,1,0.051605993508636816,0.03694713389811861,0
6411,41,83745.0,salaried,827.0,32371.0,444877,12,0,0.4426901108523892,0.3865424801480685,1
6412,47,51317.0,salaried,685.0,13234.0,104041,18,0,0.16895148456327014,0.25788724983923456,1
6413,59,149150.0,self_employed,579.0,,436863,36,1,0.24408481394569226,0.042621521957760644,1
6414,60,18543.0,salaried,827.0,21595.0,69494,36,0,0.3123101260134103,1.1645904114760286,1
6415,33,,salaried,595.0,45599.0,245650,24,0,0.14856544983912717,0.33093112707743666,0
6416,43,66052.0,salaried,649.0,7772.0,42928,6,0,0.0541593491996205,0.11766487010234361,1
6417,36,37064.0,self_employed,505.0,14567.0,63891,36,0,0.14365017267429311,0.39302287934383767,1
6418,50,87287.0,salaried,521.0,36669.0,335613,12,0,0.32041140146871816,0.4200969216492719,1
6419,24,95442.0,salaried,719.0,28684.0,360607,12,0,0.31485701612846895,0.30053854697093524,1
6420,60,135550.0,salaried,511.0,11708.0,50207,18,0,0.030866224025574818,0.08637403172261159,0
6421,36,29425.0,self_employed,782.0,7670.0,199034,18,0,0.5636760124610591,0.2606627017841971,1
6422,51,66481.0,salaried,,48984.0,232472,12,0,0.2914015533260129,0.7368120214798213,1
6423,45,92347.0,self_employed,724.0,4934.0,194453,12,0,0.1754731249165286,0.05342891485375811,0
6424,32,87317.0,salaried,835.0,2666.0,478213,6,0,0.4563954709086814,0.03053242782047024,0
6425,46,65530.0,salaried,666.0,2453.0,246310,36,0,0.31322803804873084,0.037433236685487564,1
6426,57,96099.0,contract,815.0,20136.0,385280,6,1,0.33409990391852845,0.209533918146911,1
6427,53,40888.0,salaried,615.0,41247.0,344996,18,0,0.7031321333072458,1.0087800821756994,1
6428,48,80836.0,salaried,825.0,2473.0,378835,18,0,0.39053866264205717,0.030592805185808303,0
6429,29,125478.0,salaried,,49587.0,361107,18,0,0.2398209247836274,0.3951848132740401,0
6430,32,63990.0,salaried,535.0,25565.0,88710,36,0,0.11552586341615878,0.39951554930457883,1
6431,25,,salaried,744.0,22608.0,307457,24,0,0.25231837101814647,0.22264240132356417,1
6432,48,78627.0,contract,807.0,28135.0,426068,18,0,0.45157091923469883,0.35782873567604,1
6433,55,143345.0,self_employed,629.0,35173.0,126358,18,0,0.07345797435092492,0.24537305103073007,0
6434,25,87843.0,salaried,739.0,31421.0,299554,6,0,0.28417555563144853,0.3576949785412611,1
6435,54,44251.0,self_employed,843.0,41214.0,75101,6,0,0.14142994885237997,0.9313687826263813,1
6436,54,89418.0,salaried,803.0,30548.0,303167,24,0,0.2825372594630462,0.34163143886018477,1
6437,33,67620.0,salaried,604.0,42969.0,396577,24,0,0.48873237700877453,0.6354480922803905,1
6438,59,25040.0,salaried,666.0,34602.0,119407,24,0,0.3973875133120341,1.3818690095846646,1
6439,34,28162.0,salaried,541.0,39810.0,235675,24,0,0.6973788556683947,1.4136069881400468,1
6440,31,80435.0,salaried,753.0,28837.0,156016,6,0,0.16163776133938376,0.35851308509977,1
6441,58,133504.0,self_employed,849.0,20735.0,158036,18,0,0.09864623282198785,0.15531369846596357,0
6442,24,89667.0,self_employed,,,28587,6,0,0.026567745101319325,0.18742681253973034,0
6443,53,,self_employed,704.0,46292.0,489883,12,0,0.28417201501714723,0.3222375363711036,1
6444,27,20037.0,salaried,694.0,29228.0,458660,12,0,1.9075543577714562,1.4587014024055498,1
6445,28,75526.0,salaried,670.0,38701.0,228131,18,1,0.2517135379427835,0.5124195641236131,1
6446,57,102914.0,contract,749.0,47986.0,443223,24,0,0.3588943195289271,0.4662728103076355,0
6447,30,107162.0,salaried,603.0,42855.0,76655,18,0,0.05960990525248378,0.39990854967245854,1
6448,35,74090.0,salaried,538.0,31244.0,240369,12,0,0.27035699824537723,0.4217033337832366,1
6449,58,148523.0,contract,735.0,15411.0,455710,18,0,0.2556899155910757,0.1037617069410125,0
6450,35,80560.0,salaried,633.0,25864.0,477151,24,0,0.4935772509102946,0.32105263157894737,1
6451,25,104552.0,salaried,751.0,38840.0,192076,6,0,0.15309447292575307,0.3714897849873747,1
6452,49,31444.0,salaried,669.0,25924.0,71131,24,0,0.18851238180044946,0.824449815545096,1
6453,39,55443.0,salaried,782.0,554.0,133043,6,0,0.19996963848757582,0.00999224428692531,1
6454,30,112229.0,self_employed,706.0,49158.0,313172,12,0,0.23253942088646132,0.4380151297792906,0
6455,32,127314.0,salaried,642.0,18149.0,382312,36,0,0.2502421833681554,0.14255305779411534,0
6456,24,39248.0,salaried,518.0,2091.0,406831,18,0,0.8638041004212529,0.053276600081532816,1
6457,51,142521.0,salaried,689.0,27749.0,423682,36,0,0.2477307437734322,0.19470113176303844,0
6458,38,83008.0,salaried,563.0,37598.0,171900,24,0,0.17257372783346184,0.45294429452582885,1
6459,36,75309.0,salaried,729.0,46659.0,465469,6,0,0.5150657070646714,0.6195673823845755,1
6460,60,58237.0,salaried,806.0,,220041,24,1,0.3148642615519343,0.15459244123151947,1
6461,56,141967.0,self_employed,674.0,7463.0,180469,24,0,0.10593365594351739,0.05256855466411208,1
6462,45,23104.0,salaried,812.0,49642.0,408531,12,0,1.473521900969529,2.148632271468144,1
6463,43,98230.0,salaried,519.0,8509.0,258371,24,0,0.21918880857850623,0.08662323119210018,0
6464,32,105266.0,salaried,,29866.0,235061,18,0,0.18608493404011425,0.2837193395778314,1
6465,54,49980.0,salaried,837.0,12505.0,425888,12,0,0.7100973722822462,0.25020008003201283,1
6466,56,89990.0,salaried,725.0,24466.0,90676,36,0,0.08396858910249287,0.27187465273919326,0
6467,57,24554.0,contract,730.0,18932.0,296143,24,0,1.0050738508321795,0.7710352692025739,1
6468,23,106049.0,salaried,600.0,26416.0,143370,36,0,0.11266018538600081,0.24909240068270327,0
6469,29,63167.0,self_employed,726.0,,99314,18,1,0.13102041677880327,0.6676904079661848,1
6470,38,82238.0,salaried,793.0,38867.0,168935,18,0,0.17118505638107281,0.47261606556579683,0
6471,55,32038.0,salaried,537.0,18984.0,35108,18,0,0.09131864244542938,0.5925463512079405,1
6472,54,42397.0,self_employed,564.0,35862.0,166422,36,1,0.3271104087553365,0.8458617355001533,1
6473,34,89491.0,salaried,575.0,48825.0,440727,36,0,0.41040160463063324,0.5455855896123633,1
6474,24,44602.0,salaried,691.0,35031.0,253692,6,0,0.4739921976592978,0.7854132101699476,1
6475,49,69471.0,salaried,622.0,33834.0,277617,12,0,0.3330130558074592,0.48702336226626936,1
6476,35,,salaried,624.0,28008.0,62972,24,0,0.04682030555282935,0.24989070404439645,1
6477,48,38116.0,salaried,526.0,2790.0,57454,12,1,0.1256121663693287,0.07319760730401931,0
6478,36,21674.0,self_employed,602.0,39847.0,254284,18,0,0.9776844760234997,1.8384700562886407,1
6479,32,20446.0,salaried,,,350910,24,0,1.4302308520003912,2.1739704587694413,1
6480,25,139809.0,contract,559.0,27245.0,437934,6,0,0.2610311210294044,0.19487300531439322,0
6481,54,35760.0,salaried,667.0,18057.0,447833,12,0,1.0436078486204325,0.5049496644295302,1
6482,21,16963.0,salaried,582.0,31336.0,417236,18,0,2.0497356992670324,1.847314743854271,1
6483,59,123281.0,salaried,505.0,44928.0,61004,24,0,0.04123641653350205,0.36443572002173896,1
6484,52,20177.0,salaried,663.0,36269.0,36834,24,0,0.15212866134707836,1.7975417554641424,1
6485,46,26160.0,salaried,701.0,,414475,18,0,1.3203204638124364,1.3601681957186544,1
6486,37,117876.0,salaried,,23026.0,225803,36,0,0.1596331455653964,0.19534086667345346,1
6487,47,22543.0,contract,839.0,33116.0,155849,12,0,0.5761174939744784,1.4690147717695072,1
6488,44,122211.0,self_employed,655.0,34890.0,404224,24,0,0.27563258080969255,0.2854898495225471,1
6489,55,54278.0,self_employed,,,322487,36,1,0.49511619195008416,0.8846309738752349,1
6490,59,149395.0,salaried,839.0,47827.0,115525,6,0,0.06444046543280119,0.32013788948759997,1
6491,46,67105.0,contract,802.0,20517.0,310071,24,0,0.3850570002235303,0.30574472841069966,1
6492,58,,salaried,601.0,47365.0,169452,24,0,0.1549187611765093,0.5196322585599719,1
6493,43,81968.0,self_employed,579.0,28093.0,310394,6,0,0.3155642039169757,0.3427313097794261,1
6494,42,78830.0,salaried,693.0,16595.0,326592,6,0,0.3452492705822656,0.21051630090067233,1
6495,24,88967.0,salaried,780.0,3529.0,132786,24,0,0.12437757820315398,0.03966639315701327,0
6496,29,23611.0,contract,590.0,13961.0,254264,18,0,0.897406576030946,0.5912921943162085,1
6497,24,28872.0,salaried,566.0,29456.0,474213,6,0,1.3687222914934885,1.0202272097533942,1
6498,27,64455.0,self_employed,714.0,28212.0,240128,36,0,0.31045949370361753,0.4377007214335583,1
6499,43,49930.0,salaried,644.0,39117.0,31224,6,0,0.05211295814139796,0.7834368115361506,1
6500,22,87022.0,salaried,539.0,13930.0,103414,24,0,0.09903051335677568,0.16007446392866173,0
6501,44,77714.0,self_employed,711.0,42226.0,373328,24,0,0.4003225502054542,0.5433512623208173,1
6502,60,139906.0,salaried,785.0,32915.0,32304,12,0,0.019241490715194487,0.2352651065715552,0
6503,51,123722.0,self_employed,558.0,1709.0,212660,36,0,0.14323779656541816,0.01381322642698954,0
6504,51,81704.0,salaried,527.0,19406.0,21578,12,0,0.022008306406867066,0.2375159110937041,1
6505,60,,salaried,546.0,46402.0,463603,6,0,2.50623310628176,3.0101848848524164,1
6506,54,,salaried,736.0,31106.0,46315,12,0,0.04220845499648225,0.340175632374974,1
6507,44,126736.0,salaried,616.0,3990.0,389655,24,1,0.25621173147329884,0.03148276732735766,1
6508,46,85779.0,self_employed,650.0,28040.0,491756,18,0,0.4777354208683555,0.3268865340001632,1
6509,36,103444.0,salaried,582.0,13962.0,305521,6,0,0.24612431202711935,0.13497157882525812,1
6510,33,119448.0,salaried,556.0,7854.0,47541,24,0,0.03316715223360793,0.06575246132208158,1
6511,35,24888.0,self_employed,716.0,36604.0,117342,6,1,0.3929001928640309,1.4707489553198327,1
6512,47,139790.0,salaried,719.0,14256.0,37943,12,0,0.02261904761904762,0.1019815437441877,0
6513,24,,self_employed,784.0,4523.0,259136,12,0,0.2927494972773899,0.061316342438826,1
6514,36,30935.0,contract,741.0,,456162,6,0,1.2288184903830612,1.071149183772426,1
6515,50,88002.0,salaried,819.0,29319.0,158960,6,0,0.15052688196480382,0.3331628826617577,0
6516,50,95631.0,salaried,598.0,27669.0,209926,12,0,0.18293056993373835,0.2893308655143207,0
6517,56,16320.0,salaried,741.0,2597.0,221183,6,0,1.129406658496732,0.1591299019607843,1
6518,23,,self_employed,702.0,29210.0,154928,12,0,0.21153930178704067,0.4786013894350505,1
6519,42,92763.0,salaried,536.0,1302.0,242895,6,0,0.2182039175102142,0.014035768571520973,0
6520,42,53002.0,self_employed,745.0,11516.0,482891,18,0,0.759233928279436,0.21727481981812008,0
6521,32,53912.0,salaried,627.0,34662.0,109752,6,0,0.1696468318741653,0.6429366374833061,0
6522,41,15552.0,self_employed,634.0,12254.0,449511,6,0,2.408645190329218,0.7879372427983539,1
6523,24,35140.0,self_employed,845.0,2524.0,330782,24,0,0.7844384367292734,0.07182697780307343,1
6524,51,100591.0,contract,842.0,7484.0,229770,18,0,0.19035003131492878,0.07440029426091797,1
6525,51,48367.0,salaried,,14211.0,272258,12,0,0.46908360383457043,0.29381603159178776,1
6526,43,39061.0,salaried,773.0,23966.0,287963,12,0,0.6143446575015147,0.613553160441361,1
6527,40,111590.0,salaried,528.0,3356.0,122172,36,0,0.09123577381485797,0.03007437942467963,0
6528,35,57124.0,salaried,725.0,22600.0,270211,18,0,0.3941877903041337,0.39563055808416775,1
6529,43,148054.0,salaried,559.0,33870.0,493982,18,1,0.27804157041800065,0.22876788198900402,1
6530,48,131322.0,contract,553.0,17451.0,60072,6,0,0.03812004081570491,0.1328871019326541,1
6531,36,121134.0,self_employed,827.0,33512.0,131065,24,0,0.0901652990352282,0.27665230240890254,0
6532,57,50765.0,salaried,648.0,3074.0,212085,12,1,0.3481483305426967,0.06055353097606619,1
6533,41,97606.0,self_employed,557.0,30858.0,149076,12,0,0.1272770116591193,0.3161485974222896,0
6534,35,111422.0,salaried,535.0,35630.0,441436,24,0,0.3301532312589375,0.31977526879790347,1
6535,37,124910.0,salaried,644.0,27654.0,470462,24,0,0.3138673178021509,0.2213914018093027,0
6536,57,69681.0,self_employed,749.0,14189.0,280084,18,0,0.3349597929612568,0.20362796171122688,0
6537,33,77349.0,contract,579.0,2560.0,374416,24,0,0.4033837972479713,0.033096743332169776,1
6538,39,,salaried,,37559.0,460111,24,0,0.33323121536317785,0.3264211779633766,1
6539,50,78474.0,self_employed,539.0,36602.0,107659,6,0,0.11432555156272566,0.4664219996431939,0
6540,38,,self_employed,580.0,24652.0,160765,18,0,0.35638123359580054,0.6557778250691636,1
6541,34,127196.0,salaried,806.0,47003.0,412526,36,0,0.270269243267608,0.3695320607566276,1
6542,56,38618.0,salaried,692.0,46299.0,119118,36,0,0.25704334766171216,1.1988968874618053,1
6543,56,66632.0,self_employed,665.0,1012.0,486336,12,0,0.6082362828670909,0.01518789770680754,1
6544,40,24529.0,self_employed,703.0,37053.0,164450,24,0,0.5586924320871893,1.510579314281055,1
6545,39,137164.0,salaried,710.0,41834.0,204289,6,0,0.12411480660620376,0.30499256364643784,0
6546,27,39154.0,salaried,757.0,20741.0,165727,24,0,0.35272471097035635,0.5297287633447413,1
6547,24,47882.0,salaried,614.0,36324.0,84121,12,0,0.1464033109171157,0.7586149283655653,1
6548,54,59917.0,self_employed,833.0,47744.0,359197,24,1,0.49957580208176866,0.7968356226112789,1
6549,22,,salaried,848.0,2325.0,409520,36,0,0.3500601783467367,0.02384908911866076,0
6550,25,30701.0,salaried,732.0,26301.0,152395,18,0,0.41365373549178636,0.8566821927624507,1
6551,30,83225.0,self_employed,576.0,32406.0,372260,24,0,0.37274456793831984,0.3893781916491439,1
6552,52,134278.0,salaried,815.0,20372.0,68989,36,0,0.042814782267633814,0.15171509852693665,0
6553,33,17988.0,self_employed,595.0,18738.0,244701,36,1,1.1336307538358905,1.0416944629753169,1
6554,59,50919.0,contract,597.0,12159.0,94986,12,1,0.1554527779414364,0.238791021033406,1
6555,25,24013.0,self_employed,555.0,10846.0,480786,18,0,1.6684920667971515,0.4516720109940449,1
6556,30,149646.0,contract,617.0,11419.0,42974,12,0,0.023930921418993268,0.07630675059807814,1
6557,30,22838.0,contract,618.0,45355.0,484718,6,0,1.7686823131038911,1.9859444785007443,1
6558,58,46368.0,salaried,,18778.0,312861,18,1,0.5622789423740511,0.4049775707384403,1
6559,47,47228.0,self_employed,684.0,38310.0,411206,6,0,0.7255688715733605,0.811171339036165,1
6560,41,61097.0,self_employed,741.0,37289.0,462567,18,0,0.6309188667201335,0.6103245658542973,1
6561,28,144802.0,salaried,550.0,16425.0,87241,36,0,0.050207064359147895,0.11343075371887129,0
6562,21,53333.0,salaried,626.0,47419.0,310661,6,0,0.48541084631778947,0.8891118069487934,1
6563,48,19435.0,salaried,602.0,29309.0,269691,18,0,1.1563802418317468,1.5080524826344224,1
6564,59,53418.0,salaried,728.0,18232.0,482510,18,0,0.7527269210128921,0.3413081732749261,1
6565,34,72955.0,salaried,710.0,10316.0,408169,6,0,0.4662337513992644,0.14140223425399218,1
6566,41,74507.0,salaried,584.0,4191.0,366907,18,0,0.4103719561025586,0.056249748345793014,1
6567,50,66033.0,contract,773.0,13024.0,186036,12,0,0.2347765511183802,0.19723471597534567,0
6568,41,87972.0,salaried,526.0,26222.0,445243,12,0,0.42176582700556237,0.29807211385440824,1
6569,29,117012.0,salaried,847.0,13599.0,349813,6,0,0.24912900671156235,0.11621884934878474,1
6570,37,62219.0,salaried,571.0,3334.0,22578,36,0,0.030239958855012135,0.05358491779038557,1
6571,25,47326.0,salaried,594.0,20043.0,271966,24,0,0.4788875741312034,0.42350927608502725,1
6572,51,127626.0,self_employed,575.0,23463.0,459923,6,0,0.3003064944969416,0.18384185040665696,1
6573,60,146197.0,salaried,505.0,49806.0,471251,6,0,0.26861643307774213,0.3406773052798621,1
6574,58,81735.0,salaried,589.0,9584.0,446797,6,1,0.455534144899166,0.11725698904997858,1
6575,39,119396.0,self_employed,579.0,28244.0,26551,6,0,0.018531469507632865,0.23655733860430836,0
6576,56,31375.0,salaried,721.0,24459.0,447611,12,0,1.1888738379814077,0.7795697211155378,1
6577,53,148783.0,self_employed,582.0,21755.0,477900,6,1,0.26767170980555577,0.1462196621925892,0
6578,33,24182.0,salaried,581.0,5452.0,150764,36,0,0.5195462189507347,0.22545695145149286,1
6579,34,108177.0,salaried,651.0,21223.0,73768,24,0,0.0568266205693755,0.1961877293694593,1
6580,53,110066.0,salaried,544.0,7593.0,350260,24,0,0.2651893712257494,0.06898588119855359,0
6581,49,139401.0,salaried,711.0,14630.0,476727,36,1,0.28498540182638576,0.10494903192946967,1
6582,56,103148.0,salaried,570.0,31361.0,337534,6,0,0.27269392846524737,0.30403885678830417,1
6583,30,118806.0,salaried,762.0,49436.0,412895,24,1,0.2896143011856865,0.41610693062639936,1
6584,51,37144.0,self_employed,557.0,42300.0,417148,12,0,0.9358801780458037,1.1388111135041998,1
6585,26,135270.0,self_employed,556.0,33279.0,225095,24,0,0.13867019048323107,0.24601907296518075,0
6586,21,148637.0,salaried,610.0,44015.0,289257,36,0,0.16217193565532134,0.29612411445333264,0
6587,27,103909.0,salaried,641.0,,449235,24,0,0.36027918659596375,0.19736500206911817,0
6588,47,145661.0,contract,555.0,12003.0,462243,36,0,0.2644513630965049,0.082403663300403,1
6589,41,48799.0,salaried,511.0,35846.0,365218,6,0,0.623677397760883,0.7345642328736245,1
6590,48,49510.0,salaried,848.0,37405.0,114092,24,0,0.1920352790682017,0.7555039385982629,0
6591,36,102919.0,salaried,514.0,47067.0,69684,36,0,0.05642301227178655,0.4573208056821384,1
6592,43,,self_employed,507.0,12215.0,254503,12,0,0.16563641380890273,0.0953976398553611,0
6593,40,68242.0,salaried,,41174.0,20887,12,0,0.02550604222228735,0.6033527739515254,0
6594,58,61546.0,contract,685.0,29859.0,498408,18,0,0.6748448315081402,0.485149319208397,0
6595,45,84939.0,salaried,552.0,43228.0,137613,24,0,0.13501159655752953,0.5089299379554739,1
6596,48,136265.0,salaried,636.0,5119.0,169888,6,0,0.1038955955919226,0.03756650643965802,1
6597,25,19897.0,salaried,673.0,35076.0,384045,18,0,1.6084711263004472,1.7628788259536614,1
6598,41,146235.0,salaried,847.0,16001.0,175467,24,0,0.09999145211474682,0.10941976954901357,0
6599,38,67540.0,salaried,718.0,5119.0,460867,12,0,0.5686346362649294,0.07579212318626,1
6600,26,45030.0,contract,762.0,22120.0,156597,6,0,0.2898012436153675,0.49122807017543857,1
6601,49,70313.0,salaried,,565.0,259988,12,0,0.3081317347669231,0.008035498414233498,0
6602,39,143070.0,self_employed,799.0,40407.0,211651,24,1,0.12327939703175601,0.28242818200880687,1
6603,53,44870.0,salaried,769.0,12090.0,477260,6,0,0.8863754550182007,0.2694450635168264,0
6604,21,131565.0,salaried,574.0,8992.0,346287,6,0,0.21933834986508569,0.06834644472314065,0
6605,23,139703.0,salaried,723.0,28206.0,116254,18,0,0.06934592194393344,0.20189974445788567,0
6606,41,72255.0,salaried,591.0,45701.0,499754,6,0,0.5763776439923419,0.6324960210366065,1
6607,55,107407.0,self_employed,633.0,23575.0,406401,24,1,0.3153123167018909,0.21949221186701054,1
6608,60,132952.0,self_employed,662.0,5084.0,220088,36,1,0.13794953567202198,0.03823936458270654,1
6609,23,124396.0,self_employed,697.0,41951.0,303134,36,0,0.20307057032916384,0.3372375317534326,0
6610,45,38674.0,salaried,688.0,29300.0,117113,6,0,0.2523508472531072,0.7576149350985159,1
6611,58,55426.0,salaried,572.0,14062.0,199138,36,0,0.2994052129566148,0.2537076462310107,0
6612,40,64584.0,contract,705.0,,192243,24,0,0.24805292332466244,0.6733091787439613,1
6613,54,88251.0,contract,530.0,,78270,18,0,0.07390851095171726,0.24925496594939434,0
6614,41,84353.0,salaried,618.0,10621.0,301200,12,0,0.29755906725309117,0.12591134873685583,0
6615,43,110029.0,salaried,,22901.0,351712,12,0,0.26637825785323266,0.20813603686300886,0
6616,26,97990.0,self_employed,658.0,43560.0,347513,24,0,0.295534408272953,0.44453515664863763,1
6617,33,19600.0,self_employed,754.0,39673.0,470904,18,0,2.0021428571428572,2.0241326530612245,1
6618,43,123286.0,salaried,744.0,13634.0,129578,24,1,0.08758631691081442,0.11058838797592589,1
6619,29,48762.0,salaried,605.0,27736.0,393071,6,0,0.6717508852521772,0.5688035765555145,1
6620,37,134006.0,self_employed,697.0,43099.0,263027,18,0,0.16356668109388137,0.3216199274659344,1
6621,22,32341.0,salaried,619.0,,206227,36,0,0.5313868876451975,0.011626109273058965,1
6622,39,110140.0,salaried,581.0,,177349,6,0,0.1341845227286484,0.3714363537316143,1
6623,39,99074.0,salaried,807.0,30337.0,158497,36,0,0.13331533331987538,0.30620546258352344,1
6624,27,32015.0,salaried,769.0,10339.0,443989,6,0,1.1556796293404132,0.3229423707637045,1
6625,40,125180.0,contract,686.0,22058.0,491644,6,1,0.32729136709804546,0.17621025722958938,1
6626,29,139581.0,salaried,775.0,38010.0,302374,6,0,0.18052480877292276,0.2723149998925355,1
6627,37,64849.0,self_employed,551.0,2847.0,499152,6,0,0.6414285493993739,0.043901987694490274,0
6628,47,129719.0,salaried,795.0,11659.0,36679,18,1,0.023563112060171088,0.08987889206669801,0
6629,22,30852.0,self_employed,567.0,8214.0,322636,18,0,0.8714616016249622,0.2662388175807079,0
6630,56,70361.0,salaried,799.0,39430.0,101845,6,0,0.12062198282192313,0.5603956737397138,1
6631,39,126794.0,salaried,633.0,44729.0,404216,24,0,0.26566451619687576,0.3527690584727984,1
6632,37,77355.0,self_employed,842.0,15454.0,342236,6,0,0.36868549759765584,0.19978023398616768,1
6633,25,139773.0,salaried,619.0,9110.0,155555,6,0,0.09274263746694045,0.06517710859751168,1
6634,59,42410.0,salaried,556.0,,182922,24,0,0.3594317377976892,0.23982551285074274,1
6635,38,48924.0,salaried,685.0,33144.0,492865,24,1,0.8395078761616657,0.6774589158695119,1
6636,27,127622.0,salaried,571.0,15384.0,250872,6,0,0.1638118819639247,0.12054347996426948,0
6637,37,85831.0,salaried,657.0,39202.0,129575,12,0,0.12580439079897318,0.456734746187275,0
6638,59,43038.0,self_employed,727.0,25826.0,496703,12,0,0.9617527921062007,0.6000743528974395,1
6639,56,131936.0,salaried,807.0,42156.0,304561,24,1,0.19236662725361792,0.31951855445064276,1
6640,60,24136.0,salaried,733.0,26246.0,379591,6,0,1.3105975859021102,1.0874212794166391,1
6641,24,28213.0,salaried,510.0,24004.0,41834,36,0,0.12356596840699914,0.8508134547903449,0
6642,58,123546.0,salaried,674.0,15647.0,153047,36,0,0.10323212946324986,0.12664918330014732,0
6643,45,42431.0,self_employed,760.0,44100.0,155204,6,0,0.3048164470944985,1.03933444886993,1
6644,25,57290.0,self_employed,630.0,11544.0,355078,6,0,0.5164921161342876,0.20150113457846047,0
6645,50,111815.0,salaried,501.0,11102.0,24278,6,0,0.018093875299974662,0.09928900415865492,0
6646,32,145374.0,salaried,748.0,22869.0,67395,36,0,0.03863311183567901,0.15731148623550292,0
6647,24,57747.0,salaried,699.0,29541.0,355605,36,1,0.5131651860702721,0.5115590420281573,1
6648,44,90974.0,salaried,681.0,34124.0,164905,24,0,0.15105506335143373,0.37509618132653283,1
6649,49,94763.0,salaried,849.0,,155237,18,0,0.13651337195600252,0.1915304496480694,1
6650,29,144132.0,salaried,626.0,21889.0,339724,24,0,0.19641948584168217,0.15186773235645104,1
6651,24,87994.0,salaried,796.0,10556.0,102383,24,0,0.09696020940821723,0.11996272473123168,0
6652,44,84015.0,salaried,696.0,28552.0,139925,12,1,0.13878970025193912,0.339844075462715,1
6653,34,15051.0,salaried,785.0,38194.0,249080,24,0,1.3790888756007353,2.537638695103315,1
6654,25,82695.0,salaried,543.0,36609.0,65246,24,0,0.06574964225970938,0.44269907491384003,1
6655,38,43491.0,contract,509.0,,184769,24,0,0.35403685053612627,0.3892069623600285,1
6656,39,31080.0,salaried,724.0,,202110,24,0,0.5419079794079794,0.36882239382239385,1
6657,32,49880.0,salaried,715.0,44623.0,453657,18,0,0.7579139935846031,0.894607056936648,1
6658,38,126056.0,salaried,710.0,30560.0,322583,12,0,0.21325376552220177,0.24243193501301008,0
6659,37,62361.0,self_employed,,14410.0,93454,36,0,0.12488307328832657,0.2310739083722198,0
6660,50,102685.0,salaried,716.0,22431.0,89447,6,0,0.07259012189381767,0.21844475824122317,0
6661,44,95875.0,salaried,830.0,16351.0,329114,36,0,0.28606171229900046,0.17054498044328553,0
6662,31,109841.0,salaried,548.0,34388.0,286556,12,0,0.21740212367573736,0.3130707113008804,1
6663,55,103091.0,self_employed,662.0,37080.0,53485,24,0,0.04323445628942714,0.3596822225024493,1
6664,43,48005.0,self_employed,692.0,14968.0,485117,36,0,0.8421292920876298,0.31180085407770025,0
6665,37,80471.0,salaried,,,37041,24,1,0.03835853910104261,0.10839929912639336,0
6666,21,141718.0,self_employed,658.0,29120.0,283356,18,0,0.1666196248888638,0.20547848544292185,0
6667,35,121379.0,self_employed,825.0,40596.0,245005,18,0,0.16820935527013184,0.33445653696273653,0
6668,52,,contract,679.0,48134.0,91971,12,0,0.11660555623174294,0.7323210808179162,1
6669,29,24756.0,contract,525.0,17272.0,145150,36,1,0.48860208972908925,0.6976894490224592,1
6670,35,138670.0,salaried,599.0,28632.0,217365,18,0,0.13062486478690416,0.2064758058700512,0
6671,48,51308.0,self_employed,610.0,49544.0,190742,12,0,0.30979899171019465,0.9656193965853278,1
6672,44,79079.0,salaried,769.0,,287680,12,0,0.3031567588529614,0.5384615384615384,1
6673,55,80524.0,salaried,550.0,36225.0,400310,12,0,0.41427607504180947,0.4498658784958522,1
6674,42,24327.0,salaried,514.0,29842.0,165343,36,1,0.5663905674079555,1.2267028404653266,1
6675,47,120561.0,salaried,627.0,2363.0,247365,36,1,0.1709819095727474,0.019600036496047645,0
6676,39,109436.0,salaried,639.0,31173.0,353252,12,0,0.26899435895561485,0.28485142000804126,0
6677,32,31533.0,contract,741.0,23738.0,111342,6,0,0.2942472964830495,0.7527986553769067,0
6678,40,112417.0,salaried,545.0,27436.0,375229,36,0,0.27815262223092,0.2440556143643755,1
6679,21,108318.0,salaried,733.0,33085.0,473007,36,1,0.36390304473863994,0.30544323196513967,1
6680,41,55429.0,salaried,571.0,22921.0,206293,6,0,0.31014601261674096,0.4135199985567122,1
6681,21,101348.0,salaried,594.0,12666.0,74631,36,0,0.0613652958124482,0.12497533251766192,0
6682,30,88065.0,contract,784.0,8896.0,112124,36,0,0.10609966123507258,0.10101629478226311,1
6683,52,108396.0,self_employed,631.0,47897.0,64635,18,0,0.04969048673382782,0.4418705487287354,1
6684,59,28654.0,salaried,780.0,13785.0,156197,6,0,0.4542617668272027,0.4810846653172332,1
6685,42,148180.0,contract,531.0,27450.0,68260,18,0,0.03838799658073514,0.18524767175057363,0
6686,38,84483.0,salaried,536.0,20628.0,57861,6,1,0.05707361244273996,0.2441674656439757,1
6687,52,,contract,625.0,48139.0,107512,6,0,0.3912543488070804,2.102231538495131,1
6688,47,110909.0,salaried,,39653.0,312443,6,0,0.23475927712509054,0.3575273422355264,0
6689,48,119971.0,self_employed,599.0,43469.0,165920,36,0,0.11525007432351707,0.36232922956381125,1
6690,38,106724.0,salaried,741.0,31903.0,379181,12,1,0.29607601539172695,0.2989299501517934,1
6691,59,44295.0,contract,744.0,4006.0,413298,24,0,0.7775482560108364,0.09043910147872221,1
6692,49,95565.0,salaried,526.0,12002.0,224574,12,0,0.19583006330769634,0.12558991262491498,1
6693,38,64574.0,salaried,708.0,27600.0,302290,36,1,0.39010798979981626,0.427416607303249,1
6694,28,116067.0,self_employed,598.0,45750.0,398232,36,0,0.2859210628343974,0.3941688852128512,0
6695,51,45066.0,salaried,636.0,,116590,24,0,0.2155912069705173,1.0577819198508853,1
6696,54,44418.0,self_employed,686.0,47369.0,168114,36,1,0.31540141384123555,1.0664370300328696,1
6697,27,97607.0,self_employed,535.0,21026.0,239237,6,1,0.20425191499243564,0.21541487803128873,0
6698,56,64874.0,salaried,617.0,13950.0,33599,18,1,0.04315930367584343,0.21503221629620495,1
6699,38,127158.0,salaried,657.0,29763.0,227672,18,0,0.14920545043698916,0.23406313405369697,1
6700,58,101257.0,contract,774.0,24584.0,205374,6,0,0.16902041340351778,0.24278815291782296,0
6701,29,145538.0,self_employed,668.0,48284.0,332633,12,0,0.19046171217597238,0.3317621514655966,1
6702,29,64635.0,salaried,554.0,20038.0,371204,18,0,0.47859003120084576,0.31001779221783865,1
6703,28,128023.0,salaried,583.0,47567.0,329401,6,1,0.21441524830173744,0.3715504245330917,1
6704,55,114837.0,salaried,505.0,42283.0,100431,12,1,0.0728793855638862,0.3682001445527138,1
6705,38,32404.0,salaried,843.0,38207.0,312730,18,1,0.8042474180142369,1.1790828292803357,1
6706,25,87629.0,salaried,755.0,43256.0,246856,6,0,0.23475485664943493,0.4936265391594107,1
6707,34,28156.0,self_employed,697.0,49148.0,31416,18,0,0.09298195766444098,1.7455604489274044,1
6708,48,,self_employed,651.0,35371.0,246222,18,1,0.31567408729365065,0.5441776027323497,1
6709,50,29694.0,self_employed,817.0,5747.0,356565,18,0,1.0006651175321615,0.19354078264969354,1
6710,24,84549.0,salaried,669.0,36301.0,155399,24,0,0.15316463431461835,0.42934866172278796,1
6711,59,47799.0,salaried,747.0,23949.0,144024,12,0,0.2510931191029101,0.5010355865185464,1
6712,40,105288.0,self_employed,748.0,41352.0,39640,18,0,0.03137426234075425,0.392751310690677,0
6713,45,55645.0,self_employed,649.0,,261095,6,1,0.3910129691197173,0.05330218348458981,1
6714,48,92614.0,self_employed,709.0,29240.0,111964,24,0,0.10074430791600981,0.3157190057658669,0
6715,32,148387.0,salaried,727.0,44088.0,311203,36,0,0.17476991470501685,0.29711497637933243,1
6716,22,113369.0,salaried,743.0,30911.0,132542,36,1,0.0974266921880467,0.2726583104728806,0
6717,34,27420.0,salaried,640.0,43526.0,424087,12,1,1.2888615365912959,1.587381473377097,1
6718,42,33312.0,salaried,619.0,7571.0,151935,6,0,0.3800807516810759,0.2272754562920269,0
6719,51,36395.0,self_employed,792.0,,135937,24,0,0.31125383523377753,0.5327929660667674,0
6720,43,55301.0,salaried,679.0,49074.0,459919,6,1,0.6930540737659958,0.8873980579013038,1
6721,40,61972.0,contract,,39974.0,62178,24,1,0.08361034015361776,0.6450332408184342,1
6722,58,78294.0,salaried,741.0,41152.0,467272,24,0,0.49734760432898223,0.5256086034689759,0
6723,24,95853.0,salaried,711.0,41286.0,83427,36,0,0.07253033290559503,0.43072204312854057,1
6724,35,135135.0,self_employed,516.0,31202.0,420577,12,0,0.2593560760227427,0.23089503089503088,0
6725,44,97504.0,salaried,515.0,36888.0,199218,12,0,0.17026480964883492,0.3783229405973088,1
6726,45,37854.0,self_employed,,20581.0,203126,6,1,0.44716982793540094,0.5436941934802134,1
6727,21,136373.0,self_employed,756.0,45272.0,180280,24,0,0.11016354654758151,0.3319718712648398,0
6728,27,85780.0,contract,785.0,37605.0,352486,24,1,0.34243219087588406,0.4383889018419212,1
6729,51,121458.0,salaried,779.0,4025.0,221991,18,0,0.1523098519652884,0.033139027482751236,0
6730,32,72103.0,salaried,545.0,37025.0,328738,12,0,0.3799402706313653,0.5135015186608047,1
6731,25,78620.0,salaried,757.0,47390.0,29686,24,0,0.03146569999152039,0.6027728313406258,0
6732,58,104590.0,self_employed,642.0,41845.0,67342,6,0,0.05365554386971348,0.40008605029161487,0
6733,32,99124.0,salaried,784.0,3953.0,251712,36,0,0.21161373633025302,0.03987934304507486,1
6734,59,59590.0,salaried,817.0,18678.0,102287,36,0,0.14304273647703752,0.31344185265984226,1
6735,38,115196.0,salaried,512.0,6317.0,233403,12,0,0.16884483836244313,0.05483697350602452,0
6736,22,87554.0,salaried,820.0,36235.0,72245,12,0,0.0687623257265992,0.4138588756653037,0
6737,30,132781.0,self_employed,544.0,,298881,18,1,0.18757766547924778,0.13116334415315445,1
6738,35,15973.0,salaried,546.0,1471.0,209981,12,1,1.0954996974060394,0.09209290678019158,1
6739,50,73786.0,salaried,515.0,5113.0,271438,24,0,0.30655996169101635,0.06929498820914537,1
6740,37,119919.0,salaried,606.0,31507.0,378819,24,0,0.26324644134790987,0.2627356799172775,0
6741,24,52097.0,self_employed,,7739.0,234330,24,0,0.3748296447012304,0.1485498205270937,1
6742,27,136403.0,self_employed,603.0,1148.0,467245,24,0,0.2854562094186589,0.008416237179534174,1
6743,51,49245.0,salaried,,24616.0,102248,18,0,0.1730260263309304,0.49986800690425426,0
6744,59,69841.0,salaried,632.0,22864.0,324597,12,0,0.38730473504102175,0.32737217393794477,1
6745,54,40346.0,salaried,847.0,20140.0,454139,12,0,0.9380091376262001,0.49918207505081047,1
6746,26,120633.0,salaried,770.0,31045.0,174472,12,0,0.12052533994291224,0.2573508078220719,0
6747,58,86980.0,salaried,700.0,44716.0,31021,18,0,0.029720433816202957,0.5140951942975397,0
6748,54,,salaried,753.0,15545.0,414702,18,0,0.3278266313782407,0.14746198430993104,1
6749,35,91942.0,contract,682.0,40176.0,420823,24,0,0.38142071450842197,0.4369711339757673,1
6750,34,120147.0,contract,649.0,11602.0,249348,18,1,0.1729464739028024,0.0965650411579149,0
6751,26,105975.0,salaried,536.0,11158.0,433335,18,1,0.3407525359754659,0.10528898325076669,1
6752,57,20972.0,salaried,825.0,13303.0,168193,6,0,0.6683236378663615,0.6343219530802975,0
6753,52,63063.0,salaried,638.0,47836.0,484119,24,0,0.6397293183007469,0.75854304425733,1
6754,23,145017.0,salaried,599.0,23047.0,482640,24,0,0.2773467938241723,0.15892619485991297,0
6755,23,72055.0,salaried,735.0,36564.0,131786,6,0,0.15241366548701224,0.5074457012004718,1
6756,42,99834.0,self_employed,583.0,,59660,12,0,0.04979933356037689,0.03452731534347016,1
6757,42,72450.0,salaried,846.0,8276.0,319755,6,0,0.36778812974465147,0.11423050379572118,1
6758,30,80252.0,self_employed,532.0,28878.0,242978,6,0,0.2523073152901693,0.3598414992772766,0
6759,23,61904.0,salaried,620.0,11610.0,111414,6,1,0.14998223055052987,0.18754846213491858,1
6760,32,67320.0,contract,529.0,12737.0,452275,18,0,0.5598571499306794,0.18920083184789066,1
6761,49,,self_employed,533.0,43123.0,22668,6,0,0.04106521739130435,0.9374565217391304,1
6762,37,110341.0,self_employed,632.0,4457.0,417454,36,1,0.3152756757083345,0.04039296363092595,1
6763,27,17599.0,salaried,707.0,11151.0,74223,6,0,0.3514546281038695,0.6336155463378601,1
6764,33,102636.0,self_employed,639.0,10422.0,155238,12,0,0.12604251919404497,0.10154331813398808,0
6765,22,15018.0,salaried,575.0,10915.0,492992,12,0,2.7355617703200603,0.7267945132507657,1
6766,24,146930.0,self_employed,574.0,48455.0,313174,12,0,0.17762086254225368,0.32978288981147486,1
6767,30,85916.0,salaried,,2639.0,20637,6,0,0.02001664416406723,0.030716048233157968,0
6768,59,134193.0,salaried,806.0,25606.0,499698,24,0,0.3103105229035792,0.19081472207939312,0
6769,44,73770.0,salaried,557.0,40455.0,22641,12,0,0.025576114951877456,0.5483936559577064,1
6770,37,,salaried,597.0,13698.0,142920,6,0,0.22691333092003735,0.2609789090631966,1
6771,26,117342.0,salaried,624.0,13681.0,130481,12,0,0.09266432024907251,0.11659081999625028,1
6772,39,76457.0,contract,848.0,13050.0,227746,18,0,0.24822885194728192,0.17068417541886288,0
6773,25,33836.0,salaried,633.0,27235.0,291106,18,1,0.7169533435788312,0.8049119281238917,1
6774,52,116150.0,self_employed,725.0,47182.0,378755,6,0,0.2717427177500359,0.40621609987085666,1
6775,30,26394.0,salaried,699.0,5902.0,443055,12,0,1.3988501174509358,0.2236114268394332,1
6776,29,87158.0,salaried,536.0,46300.0,156874,12,1,0.14999005637271776,0.531219165194245,1
6777,47,139660.0,salaried,637.0,22211.0,401206,36,0,0.23939448183684187,0.1590362308463411,1
6778,33,125599.0,salaried,707.0,20193.0,289782,12,0,0.19226665817403005,0.16077357303800188,0
6779,39,40280.0,salaried,693.0,30294.0,198830,24,0,0.41134971863621317,0.7520854021847071,1
6780,41,,salaried,555.0,9785.0,465384,18,0,0.27856429705288716,0.0702839370497267,1
6781,44,92318.0,salaried,838.0,14306.0,122014,12,0,0.11013922889721758,0.15496436231287505,0
6782,58,147231.0,contract,826.0,32222.0,265817,24,0,0.15045348239614392,0.21885336647852693,0
6783,24,85162.0,salaried,821.0,15017.0,373909,6,0,0.3658801265039963,0.1763345153941899,1
6784,44,67712.0,self_employed,,9312.0,367301,18,0,0.45203828961877757,0.13752362948960303,1
6785,55,124578.0,contract,586.0,26257.0,436116,6,0,0.29172887668769765,0.21076755125303023,1
6786,23,63241.0,self_employed,594.0,1924.0,134769,12,0,0.1775865340522762,0.03042330133932101,0
6787,24,38233.0,contract,695.0,2440.0,157061,6,0,0.34233297587598843,0.0638192137682107,1
6788,57,23177.0,salaried,691.0,23397.0,26507,18,0,0.09530641009046324,1.0094921689606076,1
6789,60,129506.0,self_employed,643.0,36210.0,267268,6,0,0.17197916184063544,0.27960094512995537,0
6790,55,76351.0,salaried,509.0,30737.0,25165,6,0,0.02746635058261625,0.4025749499024243,1
6791,51,106908.0,salaried,740.0,,143141,6,1,0.11157646449907085,0.1645433456803981,0
6792,45,66827.0,salaried,648.0,5582.0,67572,24,1,0.08426234905053347,0.08352911248447484,1
6793,60,95501.0,contract,639.0,41021.0,23706,24,0,0.020685647270709207,0.42953476926943174,0
6794,33,83772.0,contract,512.0,8354.0,445181,12,0,0.4428498384503971,0.09972305782361648,1
6795,24,30611.0,salaried,753.0,4647.0,140923,6,1,0.3836393235547135,0.15180817353239032,1
6796,34,56003.0,salaried,580.0,14514.0,116147,24,1,0.1728285389473183,0.2591646876060211,1
6797,33,111629.0,self_employed,709.0,49019.0,89650,18,0,0.06692555996500311,0.43912424190846466,0
6798,47,101643.0,self_employed,719.0,42043.0,284461,18,0,0.2332190444332943,0.41363399348700847,1
6799,26,89684.0,salaried,558.0,13539.0,385120,6,0,0.3578490403342105,0.1509633825431515,0
6800,37,123610.0,salaried,627.0,49390.0,99859,12,0,0.06732127929239813,0.3995631421406035,1
6801,56,135332.0,self_employed,804.0,43575.0,63871,24,0,0.03932982098345796,0.3219859308958709,0
6802,60,98035.0,self_employed,761.0,10985.0,100286,24,0,0.08524676561092127,0.11205181822818382,1
6803,55,33165.0,salaried,767.0,14419.0,263352,24,0,0.6617216945575155,0.4347655661088497,1
6804,37,124322.0,self_employed,528.0,36554.0,463638,12,0,0.3107776580170847,0.2940268013706343,1
6805,22,69515.0,salaried,832.0,26616.0,406758,36,0,0.4876141839890671,0.3828813925052147,1
6806,33,124446.0,contract,781.0,11304.0,417030,24,0,0.2792576699934108,0.09083457885347862,1
6807,22,45480.0,salaried,567.0,41397.0,213837,6,0,0.3918150835532102,0.9102242744063325,1
6808,48,74789.0,salaried,706.0,25104.0,171475,24,0,0.1910653081781189,0.3356643356643357,0
6809,46,47191.0,self_employed,771.0,41064.0,394799,24,0,0.6971650667853334,0.8701659214680766,1
6810,42,74488.0,salaried,808.0,,57483,36,0,0.0643090162173773,0.6395661046074536,1
6811,23,102457.0,contract,674.0,45437.0,387094,6,0,0.3148426494366742,0.4434738475653201,0
6812,55,117476.0,self_employed,717.0,40028.0,396202,6,0,0.28105173255246463,0.3407334264019885,1
6813,32,89525.0,contract,659.0,25814.0,245041,6,0,0.22809364237177698,0.2883440379782184,1
6814,44,,salaried,825.0,28552.0,292235,24,0,0.3599946290602334,0.42206717123935666,1
6815,25,28740.0,self_employed,743.0,32439.0,338135,24,0,0.9804424727441429,1.1287056367432151,1
6816,40,110716.0,self_employed,752.0,10456.0,442889,18,0,0.33335215024627574,0.09443982802846923,1
6817,59,,self_employed,688.0,24726.0,235223,36,0,0.13548744214122954,0.17090484320244406,1
6818,59,128917.0,salaried,760.0,46453.0,225240,6,0,0.14559755501601807,0.36033261711023373,0
6819,33,116630.0,salaried,629.0,34561.0,36964,6,0,0.026411157792449055,0.2963302752293578,0
6820,32,40221.0,salaried,502.0,39724.0,72473,18,0,0.15015580583940397,0.9876432709281221,1
6821,33,78265.0,salaried,850.0,25206.0,446359,24,0,0.4752645925168764,0.32205966907302114,1
6822,30,15719.0,self_employed,542.0,48576.0,239073,18,0,1.267431134296075,3.0902729181245627,1
6823,53,147141.0,salaried,632.0,,417017,18,0,0.2361776572584573,0.3090708911860053,1
6824,60,69714.0,self_employed,,29317.0,35447,24,0,0.042371929119928084,0.4205324611986115,1
6825,36,88285.0,salaried,765.0,10159.0,419705,12,1,0.3961648826716505,0.11507051027920938,1
6826,55,27935.0,salaried,523.0,24491.0,374063,36,1,1.115873157926138,0.8767137998926079,1
6827,23,134362.0,salaried,521.0,206.0,315640,12,1,0.19576467552829918,0.0015331715812506512,1
6828,25,59035.0,salaried,844.0,35590.0,443781,12,0,0.626437706445329,0.6028627085627171,1
6829,46,141687.0,salaried,502.0,25409.0,63397,36,0,0.03728700115983353,0.17933190765560708,0
6830,31,111256.0,salaried,657.0,44733.0,220883,12,0,0.16544650775388892,0.4020726972028475,1
6831,27,33540.0,self_employed,,27211.0,338076,24,0,0.8399821109123434,0.8112999403697078,1
6832,30,88480.0,salaried,606.0,20705.0,317335,12,0,0.29887639391199516,0.23400768535262206,1
6833,54,63702.0,contract,795.0,48733.0,468694,12,0,0.6131335489204944,0.7650152271514238,1
6834,23,93283.0,contract,771.0,14114.0,80235,12,0,0.07167704726477493,0.15130302413087057,0
6835,28,69781.0,salaried,731.0,22633.0,333672,24,1,0.3984752296470386,0.3243433026181912,1
6836,51,22087.0,self_employed,737.0,19531.0,456144,18,0,1.7210123602118894,0.8842758183546883,1
6837,31,37789.0,self_employed,571.0,37379.0,59401,6,0,0.13099270510818845,0.9891502818280452,1
6838,27,148271.0,salaried,587.0,31667.0,153319,36,0,0.08617048062893845,0.21357514281282247,0
6839,22,102273.0,salaried,515.0,12474.0,243927,36,0,0.19875480332052448,0.12196767475286732,0
6840,26,130310.0,self_employed,590.0,40902.0,206846,24,1,0.13227815721484665,0.31388228071521757,0
6841,52,113231.0,contract,519.0,,162120,6,0,0.11931361552931617,0.42068868066165627,1
6842,40,28894.0,salaried,711.0,3719.0,177407,12,0,0.5116604369996077,0.12871184328926422,0
6843,54,68095.0,salaried,583.0,44994.0,156646,36,0,0.19170032063049172,0.66075335927748,1
6844,36,44272.0,salaried,838.0,22478.0,76312,12,0,0.14364233224912662,0.507724972894832,0
6845,45,69021.0,salaried,625.0,45703.0,451977,24,0,0.545699859463062,0.6621607916431231,1
6846,32,48645.0,salaried,550.0,18449.0,107479,24,0,0.18412135539795113,0.3792578887861034,1
6847,27,127079.0,self_employed,517.0,20764.0,480664,24,0,0.3152002560087295,0.16339442394101308,1
6848,59,36179.0,salaried,836.0,48429.0,375928,18,0,0.8658982651077513,1.3385942121119987,1
6849,37,25691.0,salaried,616.0,43939.0,72960,24,0,0.23665875209217235,1.7102876493713752,1
6850,31,144436.0,self_employed,,13301.0,247826,12,0,0.14298489757862767,0.09208922983189786,1
6851,26,60311.0,salaried,527.0,27528.0,268437,18,0,0.3709066339473728,0.4564341496576081,1
6852,43,110381.0,salaried,844.0,46823.0,279227,12,0,0.21080545262922665,0.42419438127938686,0
6853,47,39967.0,self_employed,640.0,49089.0,271338,24,0,0.5657542472539845,1.2282382965946905,1
6854,26,43478.0,contract,505.0,24569.0,95422,18,0,0.18289326402625083,0.5650903905423432,1
6855,58,55332.0,self_employed,656.0,6400.0,214742,6,1,0.3234144196245693,0.11566543772139087,0
6856,22,54313.0,salaried,605.0,,57299,24,0,0.08791480247209078,0.777014711026826,0
6857,42,82857.0,salaried,618.0,10883.0,382185,18,0,0.3843821282450487,0.13134677818410032,1
6858,40,60900.0,salaried,636.0,26543.0,58465,18,0,0.08000136836343733,0.4358456486042693,1
6859,45,141861.0,self_employed,528.0,18788.0,249421,18,0,0.14651724810436506,0.1324395006379484,1
6860,35,56098.0,salaried,665.0,49407.0,321931,36,0,0.4782270906865367,0.8807265856180256,1
6861,49,23294.0,contract,564.0,27231.0,189731,18,0,0.6787549011190293,1.1690134798660599,1
6862,28,111784.0,contract,555.0,29969.0,480693,6,0,0.35834958491376223,0.26809740213268446,0
6863,57,55626.0,salaried,785.0,39245.0,304588,24,0,0.45630340727956953,0.7055154064646029,1
6864,53,35703.0,contract,595.0,26412.0,442131,24,0,1.031965100971907,0.7397697672464498,1
6865,42,118693.0,contract,,40303.0,208571,24,1,0.1464359032686567,0.3395566714128045,1
6866,25,149277.0,salaried,730.0,6140.0,70113,18,0,0.039140323023640615,0.04113158758549542,0
6867,59,26628.0,salaried,557.0,22542.0,313112,24,0,0.9798958489810224,0.8465525011266336,1
6868,38,,self_employed,683.0,,201168,6,0,0.14128355315831612,0.277662129703763,1
6869,58,21518.0,salaried,,39005.0,306302,36,0,1.1862239365492455,1.8126684636118597,1
6870,57,15610.0,salaried,770.0,21324.0,310774,6,0,1.659054025197523,1.3660474055092888,1
6871,50,49311.0,salaried,708.0,11658.0,23919,36,0,0.04042201537182373,0.23641783780495224,1
6872,51,141419.0,salaried,662.0,32795.0,439528,24,0,0.25899867297416423,0.23189953259463014,1
6873,30,56876.0,contract,588.0,,189898,12,0,0.27823393581358274,0.8279239046346438,1
6874,35,65333.0,salaried,770.0,27320.0,428197,36,0,0.5461724294511706,0.41816539880305514,0
6875,38,99192.0,self_employed,596.0,,79768,6,0,0.06701481302255559,0.14527381240422615,1
6876,43,56811.0,salaried,574.0,41013.0,449822,6,0,0.6598223348764617,0.7219200506944078,1
6877,53,85072.0,self_employed,587.0,41280.0,162083,12,0,0.1587704140806219,0.48523603535828475,1
6878,36,130407.0,self_employed,505.0,36398.0,132879,36,0,0.08491300313633471,0.27911078393031047,0
6879,58,57974.0,salaried,655.0,23287.0,429035,36,0,0.6167060521383149,0.40168006347673096,1
6880,55,96983.0,salaried,562.0,27881.0,473783,6,0,0.4071014163994377,0.28748337337471513,1
6881,54,60823.0,self_employed,528.0,30467.0,252026,36,0,0.34529974954649834,0.5009124837643655,1
6882,48,113863.0,salaried,803.0,13541.0,356111,12,0,0.2606282696456853,0.11892361873479533,0
6883,22,115037.0,self_employed,690.0,5921.0,56022,36,0,0.04058259516503386,0.05147039648113216,0
6884,50,82078.0,self_employed,703.0,331.0,116565,36,0,0.11834779112551476,0.0040327493359974655,0
6885,33,122767.0,salaried,777.0,34485.0,255778,12,0,0.17362021824540252,0.2808979611784926,0
6886,36,82951.0,contract,526.0,33084.0,371691,24,0,0.3734041783703632,0.39883786813902183,1
6887,25,124287.0,salaried,584.0,22628.0,147406,36,0,0.09883441818801109,0.1820624844110808,0
6888,48,36601.0,salaried,834.0,14583.0,323603,6,0,0.7367808711965975,0.3984317368377913,1
6889,59,118691.0,salaried,709.0,3551.0,228669,18,0,0.16054924130726003,0.02991802242798527,0
6890,40,63435.0,salaried,637.0,38866.0,271979,6,0,0.3572935550826305,0.6126901552770553,1
6891,44,26246.0,self_employed,777.0,35685.0,483144,6,0,1.5340242322639641,1.3596357540196602,1
6892,47,17458.0,salaried,671.0,7792.0,314249,24,0,1.5000238668041395,0.44632833085118573,1
6893,50,21028.0,self_employed,839.0,28892.0,341718,24,0,1.3542181852767738,1.3739775537378733,1
6894,47,134247.0,self_employed,838.0,25938.0,328282,6,0,0.2037798485875538,0.19321102147534022,0
6895,46,66901.0,salaried,655.0,41107.0,457804,36,0,0.5702505692490895,0.6144452250340054,0
6896,27,121555.0,salaried,728.0,15348.0,357301,6,0,0.244951530857088,0.1262638311875283,0
6897,58,42678.0,contract,805.0,46978.0,94254,36,0,0.18404095787056562,1.1007544870893669,1
6898,25,105444.0,contract,678.0,23847.0,42235,12,0,0.03337869706510881,0.22615796062364857,0
6899,43,27363.0,salaried,746.0,,316720,12,1,0.9645628525137351,1.5602090414062786,1
6900,48,78804.0,self_employed,661.0,7574.0,193242,24,0,0.20434876402213087,0.09611187249378204,0
6901,54,129433.0,salaried,662.0,35396.0,146827,18,0,0.0945321775229913,0.27346967156752916,0
6902,35,63544.0,salaried,717.0,20957.0,93711,18,0,0.12289515925972555,0.3298029711695833,1
6903,52,113247.0,self_employed,816.0,14111.0,225848,24,0,0.16619130455258566,0.12460374226248819,0
6904,46,15189.0,salaried,785.0,31767.0,171850,12,0,0.9428424078828977,2.0914477582460993,1
6905,51,26752.0,salaried,575.0,24432.0,51935,24,1,0.16177918161881977,0.9132775119617225,1
6906,39,22482.0,self_employed,703.0,12210.0,395474,12,0,1.4658912315037216,0.5431011475847345,1
6907,29,31679.0,contract,715.0,47986.0,319580,36,0,0.8406725801529931,1.514757410271789,1
6908,49,138056.0,contract,722.0,1209.0,265676,12,0,0.16036729056807866,0.008757315871820132,0
6909,59,15799.0,salaried,692.0,16553.0,455330,12,0,2.4016815410258032,1.0477245395278183,1
6910,24,,salaried,792.0,42527.0,42264,12,0,0.02576614407678633,0.3111177765909972,0
6911,23,72558.0,salaried,691.0,31157.0,463043,18,0,0.5318078870237144,0.42940819757986715,1
6912,49,74223.0,self_employed,768.0,31736.0,162302,12,0,0.182223389874657,0.42757635773277824,1
6913,31,56556.0,contract,800.0,20780.0,264215,6,0,0.3893117735813471,0.3674234387156093,1
6914,53,106467.0,self_employed,759.0,15023.0,137966,36,0,0.1079880776829127,0.14110475546413442,0
6915,58,125719.0,self_employed,691.0,19819.0,390925,18,0,0.25912617292003065,0.15764522466771133,0
6916,31,106404.0,salaried,770.0,1877.0,218847,6,0,0.1713962820946581,0.017640314273899477,0
6917,47,58558.0,salaried,603.0,20436.0,307771,18,0,0.43798598540478384,0.34898732880221317,1
6918,53,118018.0,salaried,703.0,35803.0,260746,18,0,0.1841145700938275,0.3033689776135844,0
6919,41,26408.0,self_employed,683.0,3248.0,146174,6,0,0.46126805008583255,0.12299303241441988,1
6920,59,50607.0,salaried,716.0,10383.0,430028,24,0,0.7081167954367314,0.20516924536131365,1
6921,51,76684.0,salaried,590.0,8714.0,431731,24,0,0.4691667536035331,0.11363517813363935,1
6922,58,42326.0,salaried,697.0,36320.0,110609,12,0,0.21777197624785397,0.8581014033927137,1
6923,22,28601.0,self_employed,538.0,32235.0,456460,6,1,1.3299651527335874,1.1270584944582358,1
6924,47,139594.0,self_employed,696.0,21989.0,427700,12,0,0.2553237722729248,0.15752109689528204,0
6925,56,16135.0,salaried,578.0,2706.0,417082,24,0,2.154126639809937,0.1677099473194918,1
6926,31,26913.0,self_employed,716.0,16219.0,151922,6,0,0.47041082995826056,0.6026455616244938,1
6927,38,25101.0,salaried,815.0,32668.0,260227,6,0,0.8639330438362349,1.3014620931436995,1
6928,21,117820.0,salaried,593.0,2532.0,438850,6,0,0.3103958015051208,0.02149040909862502,1
6929,55,77110.0,salaried,671.0,49973.0,197071,12,0,0.21297605152812,0.648074179743224,1
6930,55,34215.0,contract,542.0,36276.0,54912,18,0,0.13374251059476838,1.0602367382726874,1
6931,51,91949.0,salaried,631.0,49346.0,77187,18,0,0.06995454001674842,0.5366670654384496,1
6932,48,96855.0,salaried,,16849.0,473864,18,0,0.40770911844165675,0.1739610758350111,1
6933,59,121279.0,salaried,731.0,35793.0,26550,6,1,0.018243059391980475,0.2951294123467377,1
6934,21,136898.0,salaried,538.0,48287.0,240095,24,0,0.14615200124667027,0.3527224649008751,0
6935,45,15526.0,salaried,553.0,2537.0,227372,12,0,1.2203830134398215,0.16340332345742625,1
6936,58,16753.0,salaried,650.0,32867.0,439573,12,0,2.186538729381802,1.961857577747269,1
6937,40,29656.0,contract,687.0,8307.0,180669,24,0,0.5076797275424871,0.2801119503641759,0
6938,23,38266.0,self_employed,809.0,,380393,18,0,0.8283964006341574,0.7591857000993049,1
6939,22,79555.0,salaried,685.0,27447.0,471048,36,0,0.4934196467852429,0.345006599208095,1
6940,38,77995.0,self_employed,817.0,10302.0,110515,24,0,0.11807915037288715,0.13208539008910827,0
6941,30,93277.0,self_employed,634.0,6275.0,311589,18,0,0.2783724819623273,0.06727274676501174,0
6942,25,117345.0,self_employed,672.0,42231.0,418558,6,1,0.2972417515303876,0.3598875111849674,1
6943,29,111111.0,salaried,768.0,14730.0,356274,24,0,0.2672057672057672,0.13257013257013256,1
6944,22,80402.0,salaried,614.0,19074.0,384105,18,0,0.3981088778886097,0.2372329046541131,1
6945,54,138747.0,self_employed,,34202.0,259369,12,0,0.15578054540518593,0.2465062307653499,0
6946,58,29418.0,self_employed,538.0,1902.0,403252,36,0,1.14230516463843,0.06465429328982256,1
6947,51,52185.0,salaried,839.0,35791.0,393630,36,0,0.6285810098687362,0.6858484238765928,1
6948,30,56745.0,salaried,741.0,13739.0,297889,36,0,0.4374673245807266,0.24211824830381531,0
6949,32,95123.0,self_employed,720.0,39581.0,349196,18,1,0.30591619972737055,0.4161033609116617,1
6950,56,102804.0,salaried,645.0,,469830,18,0,0.3808460760281701,0.2660499591455585,1
6951,41,126055.0,salaried,663.0,15685.0,384604,6,0,0.254256739782899,0.1244298123834834,0
6952,26,134097.0,salaried,827.0,18977.0,275660,36,0,0.17130634292092042,0.14151696160242214,1
6953,23,63302.0,salaried,758.0,39286.0,90621,12,0,0.11929717860415152,0.6206123029288174,1
6954,30,137561.0,salaried,,37707.0,416909,36,1,0.2525600763782371,0.27411112161150325,1
6955,25,72728.0,salaried,828.0,37161.0,406971,24,0,0.46631627433725664,0.5109586404135958,1
6956,46,113598.0,salaried,763.0,7139.0,229041,24,0,0.16802012359372523,0.06284441627493442,0
6957,41,16238.0,salaried,721.0,28967.0,308269,12,1,1.5820349386213408,1.7839019583692572,1
6958,46,96610.0,salaried,831.0,28786.0,163542,18,0,0.1410671773108374,0.2979608736155677,1
6959,58,72193.0,salaried,673.0,14828.0,270170,36,0,0.3118607990617742,0.2053938747523998,1
6960,46,81634.0,salaried,591.0,7224.0,458124,24,0,0.4676605336011956,0.0884925398730921,1
6961,28,29679.0,salaried,605.0,44173.0,491698,12,0,1.3806001999168884,1.4883587721958287,1
6962,25,49505.0,salaried,744.0,39630.0,121095,6,0,0.20384304615695384,0.8005251994748005,1
6963,35,66341.0,salaried,804.0,31371.0,152067,24,1,0.1910168673972355,0.472874994347387,1
6964,36,65374.0,salaried,542.0,10858.0,416072,24,0,0.5303739509081082,0.16609049469207943,1
6965,21,61998.0,self_employed,757.0,38772.0,405675,36,0,0.5452796864414982,0.6253750120971644,1
6966,36,142203.0,salaried,820.0,34594.0,345267,18,0,0.20233222927786335,0.24327194222344115,0
6967,57,48178.0,self_employed,585.0,48205.0,453057,24,1,0.783651251608618,1.0005604217692723,1
6968,23,,salaried,596.0,33793.0,192924,24,1,0.13137701944056288,0.27614751620046907,1
6969,51,119139.0,contract,765.0,785.0,288323,36,0,0.20167129711233658,0.006588942327869128,0
6970,33,115290.0,salaried,562.0,45090.0,178484,18,0,0.12901090004915142,0.3911007025761124,0
6971,36,73951.0,salaried,602.0,31114.0,150103,6,0,0.16914691259527706,0.4207380562805101,1
6972,41,102629.0,salaried,753.0,27865.0,45640,6,0,0.03705905088555217,0.271511950813123,0
6973,22,83831.0,contract,816.0,,309150,6,0,0.3073147165129845,0.06186255681072634,0
6974,47,96223.0,salaried,500.0,7236.0,110280,6,0,0.0955073111418268,0.07520031593278115,1
6975,58,60643.0,self_employed,653.0,,118474,18,0,0.16280252186292454,0.7973055422719852,1
6976,46,18582.0,salaried,760.0,39369.0,400521,6,0,1.7961871703799375,2.1186632224733613,1
6977,58,127781.0,self_employed,534.0,33994.0,381186,36,1,0.2485932963429618,0.26603329133439246,1
6978,45,119004.0,self_employed,526.0,2640.0,408551,36,0,0.28609052356783526,0.022184128264596148,1
6979,31,55000.0,contract,849.0,36417.0,231541,36,0,0.35081969696969695,0.6621272727272727,0
6980,28,117592.0,self_employed,805.0,47400.0,103237,6,0,0.07316044742272718,0.40308864548608747,0
6981,28,16085.0,salaried,723.0,29617.0,404657,36,1,2.0964511449590715,1.8412806963009014,1
6982,53,112994.0,salaried,686.0,38405.0,381735,36,0,0.28153043524434923,0.3398853036444413,1
6983,27,132309.0,salaried,658.0,35971.0,407318,12,0,0.2565446543067113,0.27187115011072566,0
6984,58,122114.0,salaried,568.0,,484833,6,0,0.330860916848191,0.0818251797500696,1
6985,41,85410.0,salaried,664.0,40003.0,196275,36,1,0.1915027514342583,0.46836436014518207,1
6986,28,41825.0,salaried,757.0,7293.0,24036,18,0,0.04789001793185894,0.1743693962940825,1
6987,41,99269.0,self_employed,601.0,42376.0,221144,36,0,0.18564372227650794,0.42688049642889525,1
6988,40,29332.0,salaried,692.0,24234.0,376713,12,1,1.0702560343651983,0.8261966453020592,1
6989,28,69895.0,salaried,758.0,30748.0,325373,18,0,0.3879307055821828,0.4399170183847199,1
6990,51,137046.0,salaried,,22322.0,454833,18,0,0.27656954599185674,0.162879617062884,0
6991,49,82567.0,self_employed,798.0,34729.0,237195,24,0,0.23939649012317268,0.4206159845943295,1
6992,29,77713.0,salaried,520.0,6947.0,273883,12,0,0.2936906738040396,0.08939302304633716,1
6993,35,73639.0,salaried,544.0,843.0,90870,12,1,0.1028327380871549,0.011447738290851316,1
6994,50,118603.0,contract,775.0,49145.0,240916,36,0,0.16927340230292096,0.4143655725403236,1
6995,46,93488.0,salaried,670.0,26216.0,301729,12,1,0.26895519567573734,0.2804210166010611,1
6996,30,107905.0,self_employed,677.0,43269.0,52681,18,0,0.040684707227036127,0.4009916129929104,1
6997,49,17977.0,self_employed,722.0,49916.0,421983,18,0,1.9561244924069645,2.7766590643600155,1
6998,36,130650.0,salaried,798.0,42660.0,454475,36,1,0.28988072458221714,0.3265212399540758,1
6999,56,69641.0,contract,523.0,43299.0,441298,18,1,0.528062970568104,0.621745810657515,1
7000,40,147340.0,self_employed,837.0,7403.0,251268,36,0,0.1421134790280983,0.0502443328356183,1
7001,57,129465.0,salaried,583.0,21013.0,287625,24,0,0.18513690958946433,0.16230641486115938,1
7002,42,69431.0,salaried,559.0,1604.0,331519,12,0,0.39789983340774776,0.02310207256124786,0
7003,27,31756.0,salaried,,42229.0,419936,12,0,1.1019859764034092,1.329795944073561,1
7004,43,24796.0,self_employed,,12862.0,453638,12,1,1.5245671344840566,0.5187126955960639,1
7005,60,119583.0,salaried,504.0,45292.0,89184,24,0,0.062149302158333544,0.3787494878034503,1
7006,49,96014.0,self_employed,653.0,11594.0,230293,12,0,0.1998779691850494,0.1207532234882413,1
7007,36,35325.0,salaried,780.0,6506.0,248219,24,0,0.5855602736494456,0.18417551309271055,1
7008,58,68096.0,self_employed,841.0,33298.0,235733,24,0,0.28848121279761907,0.4889861372180451,1
7009,48,79649.0,self_employed,585.0,2790.0,174608,36,0,0.18268486317049387,0.03502868837022436,0
7010,58,23041.0,salaried,574.0,36709.0,156299,6,0,0.5652930283697177,1.593203419990452,1
7011,51,55058.0,salaried,766.0,12414.0,279422,6,0,0.42292067758848245,0.22547132115223945,1
7012,34,63263.0,self_employed,690.0,25233.0,34758,36,0,0.04578505603591357,0.39885873259251065,1
7013,53,119820.0,salaried,751.0,49009.0,91047,36,0,0.06332206643298281,0.4090218661325321,0
7014,29,122645.0,self_employed,567.0,42824.0,128354,36,0,0.08721241523638686,0.349170369766399,1
7015,47,43223.0,salaried,645.0,21617.0,310414,12,0,0.5984738063839469,0.5001272470675335,1
7016,44,48575.0,self_employed,621.0,,403051,18,0,0.6914582261108252,0.8672774060730829,1
7017,33,36661.0,self_employed,541.0,5792.0,366361,36,1,0.8327673367702281,0.1579880526990535,1
7018,46,51432.0,salaried,815.0,32723.0,191233,24,0,0.30984763052833514,0.6362381396795769,1
7019,49,44114.0,self_employed,649.0,18870.0,440656,6,0,0.8324190355291593,0.42775536110985174,1
7020,48,21030.0,salaried,561.0,48465.0,64504,12,0,0.25560310667300684,2.304564907275321,1
7021,48,105051.0,contract,754.0,43415.0,373955,18,1,0.29664559753516545,0.41327545668294446,1
7022,28,62743.0,salaried,630.0,14924.0,170790,6,0,0.22683805364741882,0.23785920341711425,0
7023,43,140756.0,salaried,826.0,48295.0,366126,6,0,0.2167616300548467,0.34311148370229333,1
7024,49,80615.0,self_employed,519.0,19227.0,165748,6,0,0.17133701337633608,0.2385040004961856,1
7025,25,62577.0,self_employed,698.0,40557.0,307384,24,1,0.4093410251902989,0.6481135241382616,1
7026,27,125436.0,salaried,826.0,26306.0,274447,24,1,0.18232870414660332,0.20971650881724546,0
7027,56,17966.0,contract,720.0,44771.0,381912,24,0,1.7714571969275297,2.491984860291662,1
7028,47,144356.0,self_employed,630.0,28618.0,426053,18,0,0.24595040501722593,0.19824600293718309,1
7029,22,,contract,670.0,19622.0,357956,6,0,0.23152848279751834,0.15229978732982505,1
7030,45,18728.0,salaried,644.0,38052.0,318617,36,0,1.417739036024491,2.031824006834686,1
7031,29,147019.0,salaried,839.0,2689.0,296239,18,0,0.16791423784227436,0.018290152973425202,1
7032,47,96380.0,salaried,680.0,44293.0,223520,24,0,0.19326277927647506,0.4595663000622536,0
7033,21,81130.0,contract,660.0,14899.0,213710,24,0,0.21951394880644234,0.18364353506717615,1
7034,43,36414.0,salaried,559.0,36100.0,20435,24,1,0.04676543820142436,0.9913769429340363,1
7035,30,108005.0,contract,714.0,6954.0,63300,12,0,0.048840331466135825,0.06438590805981205,0
7036,45,106742.0,self_employed,567.0,,483148,6,0,0.37719298245614036,0.37502576305484253,1
7037,23,51973.0,salaried,691.0,25956.0,429229,36,0,0.6882243344300566,0.4994131568314317,1
7038,26,102091.0,salaried,724.0,31089.0,76248,6,0,0.06223859106091624,0.3045224358660411,0
7039,26,77235.0,salaried,696.0,,103617,18,0,0.11179840745775879,0.515543471224186,1
7040,22,44400.0,self_employed,660.0,48848.0,404961,12,0,0.7600619369369369,1.1001801801801803,1
7041,38,132240.0,salaried,748.0,21645.0,306622,18,1,0.19322318007662836,0.16367967332123412,0
7042,43,67763.0,contract,610.0,,66418,24,1,0.08167928417179483,0.1926862742204448,1
7043,22,121810.0,salaried,,42150.0,485874,24,0,0.33239881783104835,0.3460307035547164,0
7044,32,104523.0,contract,532.0,7870.0,294347,36,0,0.23467482436082648,0.07529443280426318,1
7045,42,124955.0,salaried,540.0,17726.0,356918,6,0,0.2380310245021541,0.14185906926493538,0
7046,57,,salaried,,4753.0,341885,18,0,0.2634659428934284,0.043953503426209344,1
7047,40,149308.0,salaried,528.0,7136.0,133488,24,0,0.07450371045088006,0.047793822166260345,1
7048,59,45312.0,self_employed,754.0,27982.0,406113,36,1,0.7468827242231638,0.6175406073446328,1
7049,44,128687.0,salaried,684.0,25564.0,316330,36,1,0.20484457119470756,0.19865254454606915,1
7050,40,124602.0,contract,723.0,44505.0,34768,18,0,0.023252703273890736,0.357177252371551,1
7051,21,51640.0,salaried,720.0,48768.0,424429,6,0,0.6849164084688871,0.9443841982958947,1
7052,21,115171.0,contract,819.0,49149.0,465416,12,0,0.336757227658583,0.4267480528952601,0
7053,37,,self_employed,585.0,121.0,387608,36,0,0.41789899042172857,0.001565471646850297,1
7054,21,129124.0,self_employed,565.0,2214.0,224828,18,1,0.14509825180963,0.01714630897431926,1
7055,50,100802.0,salaried,613.0,41793.0,244338,24,0,0.20199500009920437,0.4146048689510129,0
7056,23,107024.0,salaried,764.0,34837.0,486395,12,0,0.3787273571037026,0.32550642846464345,0
7057,31,126411.0,self_employed,784.0,10076.0,359378,12,1,0.236911081050436,0.0797082532374556,1
7058,44,57262.0,salaried,596.0,12248.0,69792,6,0,0.10156823023994971,0.21389403094547868,0
7059,42,131214.0,self_employed,829.0,1962.0,359076,18,0,0.22804731202463152,0.014952672733092505,0
7060,46,121435.0,self_employed,623.0,20407.0,327314,6,0,0.2246153635003637,0.16804875036027506,0
7061,33,101314.0,salaried,655.0,24983.0,305729,36,0,0.2514698528008633,0.24658980989794105,0
7062,21,101287.0,salaried,609.0,29153.0,442989,36,0,0.36446681212791376,0.2878256834539477,1
7063,44,134318.0,salaried,552.0,6442.0,124722,18,0,0.07737980017570244,0.047960809422415464,0
7064,30,145134.0,salaried,673.0,47919.0,354167,24,1,0.2033563235814259,0.3301707387655546,0
7065,55,139958.0,contract,666.0,18753.0,90311,36,0,0.05377267942287448,0.13399019705911774,0
7066,44,32528.0,self_employed,575.0,26738.0,81520,36,0,0.2088457124118708,0.8219995081160846,1
7067,48,15068.0,salaried,813.0,18703.0,284129,24,0,1.5713708963808513,1.241239713299708,1
7068,56,84253.0,self_employed,713.0,40724.0,221424,12,0,0.2190070383250448,0.4833537084732888,1
7069,36,95754.0,salaried,681.0,5555.0,97759,18,0,0.08507825608677792,0.058013242266641604,1
7070,60,105938.0,salaried,544.0,1892.0,335463,12,1,0.2638831203156563,0.017859502728010724,1
7071,36,57129.0,salaried,650.0,39175.0,103949,6,0,0.15162906171413235,0.6857287892313886,1
7072,37,128996.0,contract,616.0,10489.0,158277,24,0,0.10224929455176905,0.08131259884027411,0
7073,35,76321.0,contract,621.0,46541.0,438265,18,0,0.478532557662155,0.609805951179885,1
7074,36,26526.0,salaried,669.0,15213.0,107036,24,1,0.3362612782427304,0.5735127799140466,1
7075,35,122535.0,salaried,665.0,47542.0,118474,24,0,0.08057153738387672,0.3879871057248949,0
7076,54,30063.0,salaried,829.0,23893.0,341575,12,0,0.9468310991362583,0.7947643282440209,1
7077,31,19213.0,self_employed,648.0,1489.0,449228,12,0,1.9484550391228161,0.07749960963930672,1
7078,21,37797.0,salaried,573.0,29753.0,235463,6,0,0.5191395260646788,0.7871788766304204,1
7079,35,99946.0,salaried,648.0,26628.0,232166,18,0,0.19357619781348595,0.26642386888920017,1
7080,46,103918.0,self_employed,524.0,36777.0,76183,24,0,0.06109223939388107,0.35390403972362827,1
7081,24,38655.0,salaried,560.0,15982.0,255351,6,0,0.5504915276160911,0.41345233475617643,1
7082,25,37555.0,salaried,553.0,26476.0,365309,24,0,0.8106088847468158,0.7049926774064705,1
7083,55,43071.0,salaried,722.0,1821.0,27769,6,0,0.05372717915380031,0.04227902765201644,1
7084,33,,self_employed,718.0,,28989,24,0,0.06855330741507988,0.7799880813870995,0
7085,30,138441.0,contract,815.0,12552.0,343234,12,0,0.20660666517385265,0.0906667822393655,0
7086,31,112138.0,salaried,669.0,17656.0,145377,36,0,0.1080342970268776,0.1574488576575291,0
7087,38,64151.0,salaried,,30814.0,164811,6,0,0.21409253168306028,0.4803354585275366,1
7088,54,17203.0,salaried,531.0,42846.0,124323,6,1,0.6022350752775678,2.4906121025402546,1
7089,59,147216.0,salaried,552.0,11058.0,435167,36,0,0.2463313543817701,0.07511411803064884,0
7090,43,106663.0,salaried,638.0,8888.0,98468,12,1,0.0769307694952014,0.0833278643953386,0
7091,27,144844.0,salaried,546.0,10556.0,249697,6,0,0.14365857980539984,0.07287840711386043,0
7092,59,,salaried,589.0,20598.0,400766,12,0,1.2272504562770246,0.7569176496527396,1
7093,23,31944.0,self_employed,815.0,19225.0,281914,24,0,0.7354380582686367,0.6018344603055347,0
7094,32,81723.0,salaried,535.0,43209.0,338615,24,1,0.3452873324115202,0.5287250835138211,1
7095,27,83947.0,contract,724.0,24325.0,204119,36,0,0.20262685583364107,0.289766161983156,1
7096,46,50191.0,salaried,541.0,44084.0,62028,18,0,0.10298659122153374,0.8783247992668008,1
7097,53,87264.0,salaried,727.0,35132.0,207387,12,1,0.19804558580858087,0.4025944261092776,1
7098,57,114846.0,salaried,768.0,28320.0,356195,18,0,0.25845842838816036,0.24659108719502637,1
7099,35,134550.0,salaried,685.0,5363.0,436155,18,1,0.27013192121887775,0.03985878855444073,1
7100,22,99963.0,contract,734.0,16300.0,138020,12,0,0.1150592385849431,0.1630603323229595,0
7101,27,15972.0,self_employed,621.0,1117.0,484090,18,0,2.5257220970030887,0.06993488605058854,1
7102,52,114219.0,salaried,820.0,32295.0,465035,6,1,0.3392860790819974,0.2827463031544664,1
7103,24,,self_employed,616.0,,63054,24,0,0.08116562142790942,0.11503290185053601,0
7104,40,69777.0,contract,538.0,17196.0,159908,36,0,0.19097505863918865,0.24644223741347435,1
7105,56,29530.0,salaried,661.0,32805.0,154916,12,0,0.43717123828874593,1.1109041652556721,1
7106,52,61529.0,salaried,608.0,2460.0,292047,36,0,0.3955411269482683,0.03998114710136683,1
7107,48,117895.0,salaried,513.0,47054.0,63640,24,0,0.04498353054271456,0.3991178591119216,0
7108,33,66714.0,self_employed,665.0,20103.0,290638,36,0,0.3630397417833338,0.3013310549509848,1
7109,21,139750.0,salaried,830.0,9046.0,449245,12,0,0.2678861061419201,0.0647298747763864,0
7110,55,135883.0,salaried,834.0,44906.0,99770,36,0,0.06118621657357187,0.33047548258428205,0
7111,50,103196.0,salaried,611.0,10440.0,475427,18,0,0.38391911185188055,0.10116671188805768,1
7112,56,75385.0,salaried,733.0,35122.0,433360,18,0,0.4790519776259645,0.4659017045831399,1
7113,45,79736.0,self_employed,701.0,4042.0,270839,24,0,0.2830580498979967,0.05069228453897863,0
7114,36,45268.0,salaried,822.0,49326.0,174458,18,0,0.3211576978586787,1.089643898559689,1
7115,39,45138.0,salaried,638.0,44023.0,260192,36,1,0.4803639210125984,0.9752979750985865,1
7116,21,139650.0,contract,766.0,15329.0,393599,6,0,0.23487229979711183,0.1097672753311851,1
7117,25,28432.0,salaried,771.0,49823.0,151407,36,0,0.4437693444006753,1.752356499718627,1
7118,42,82058.0,salaried,665.0,33461.0,103798,6,0,0.10541121320691868,0.40777255112237687,0
7119,44,73175.0,self_employed,668.0,8739.0,441083,36,0,0.5023152260562578,0.11942603348138026,1
7120,57,48329.0,self_employed,756.0,5976.0,54620,6,0,0.09418085759412913,0.12365246539344907,0
7121,56,21677.0,salaried,623.0,33890.0,24755,6,0,0.09516615152773293,1.5634082206947455,1
7122,56,65357.0,salaried,537.0,4368.0,393347,12,0,0.5015364332308194,0.0668329329681595,1
7123,24,70812.0,self_employed,748.0,3023.0,189078,12,0,0.2225117211772016,0.042690504434276674,0
7124,56,56616.0,self_employed,736.0,8975.0,27788,36,0,0.04090127643540106,0.15852409212943339,0
7125,38,60534.0,self_employed,597.0,25785.0,442791,18,0,0.6095623946872831,0.4259589652096343,1
7126,36,79162.0,self_employed,559.0,41899.0,366193,12,0,0.3854890393538988,0.5292817260806952,1
7127,38,59711.0,salaried,518.0,47664.0,352812,6,0,0.4923883371573077,0.7982448795029392,1
7128,42,110980.0,self_employed,623.0,49245.0,332264,36,0,0.2494924010332192,0.4437285997477023,1
7129,22,35143.0,salaried,,9522.0,46532,18,0,0.1103396598658813,0.27095011808895086,1
7130,41,123380.0,self_employed,599.0,42721.0,38909,36,0,0.026279921110930998,0.3462554709029016,1
7131,56,56423.0,self_employed,823.0,39428.0,366410,6,0,0.5411652458512781,0.6987930453892917,1
7132,59,56713.0,salaried,516.0,14176.0,280187,12,1,0.4117030780714592,0.24996032655652142,1
7133,59,89310.0,salaried,747.0,21433.0,20749,12,0,0.01936046728623148,0.23998432426380026,0
7134,49,17205.0,salaried,579.0,18605.0,424151,24,0,2.05439794633343,1.08137169427492,1
7135,46,68266.0,salaried,584.0,19126.0,298193,24,1,0.36400868172540746,0.2801687516479653,0
7136,41,96863.0,salaried,847.0,1096.0,149745,36,0,0.12882886138153887,0.01131494998090086,0
7137,37,141233.0,self_employed,528.0,24575.0,285059,36,0,0.16819664431589407,0.1740032428681682,1
7138,36,17808.0,salaried,633.0,29840.0,157028,18,0,0.7348195567535191,1.6756513926325247,1
7139,51,28851.0,salaried,693.0,46743.0,343553,12,0,0.9923197347290099,1.6201518144951648,1
7140,29,145982.0,self_employed,618.0,18487.0,236336,12,0,0.13491161010718217,0.126638900686386,0
7141,51,29620.0,salaried,690.0,4729.0,420795,24,0,1.1838706954760296,0.15965563808237676,1
7142,34,77995.0,self_employed,652.0,15229.0,159299,6,1,0.17020214971045153,0.1952561061606513,1
7143,57,51681.0,salaried,842.0,37067.0,98245,6,0,0.15841572982978916,0.7172268338460943,1
7144,22,79509.0,salaried,771.0,20046.0,171005,24,0,0.17923023389385687,0.2521224012375957,1
7145,34,82703.0,salaried,631.0,40975.0,238613,36,0,0.24043162481006333,0.49544756538456886,1
7146,53,57136.0,contract,507.0,49277.0,391025,12,0,0.5703132292541772,0.8624509941192943,1
7147,55,108699.0,salaried,633.0,31185.0,75877,12,1,0.05817057501295627,0.28689316369055834,1
7148,59,103456.0,salaried,808.0,47893.0,37817,12,0,0.030461419991751726,0.46293110114444785,1
7149,40,98086.0,salaried,691.0,22381.0,442350,6,0,0.3758181595742512,0.2281773137858614,1
7150,22,132529.0,self_employed,590.0,48555.0,265248,36,0,0.1667861373737069,0.36637264296870875,1
7151,39,33254.0,salaried,748.0,44382.0,413296,6,0,1.0357049778472764,1.334636434714621,1
7152,57,76273.0,self_employed,751.0,4174.0,324606,36,0,0.35465367823476196,0.05472447655133533,1
7153,38,,self_employed,562.0,11764.0,107425,24,0,0.06752518090525543,0.08873534780575376,1
7154,36,129847.0,salaried,715.0,21882.0,229315,36,0,0.1471700026441376,0.16852141366377352,0
7155,24,120547.0,salaried,,39175.0,203735,6,1,0.1408406403035054,0.3249769799331381,1
7156,32,27926.0,salaried,606.0,35120.0,75330,12,0,0.22479051779703502,1.2576093962615484,1
7157,49,104527.0,salaried,660.0,,235934,6,0,0.18809653646107385,0.4063160714456552,0
7158,27,122387.0,self_employed,757.0,6883.0,149524,24,0,0.10181092218400102,0.05623963329438584,0
7159,34,42563.0,salaried,515.0,4220.0,259298,12,0,0.5076748976027692,0.09914714658271269,1
7160,32,15925.0,salaried,558.0,28293.0,44759,6,1,0.23421768707482993,1.776640502354788,1
7161,55,66595.0,salaried,508.0,24656.0,401485,12,0,0.5023963260505043,0.3702380058562955,1
7162,25,145249.0,salaried,696.0,42604.0,176819,24,0,0.1014459078318382,0.29331699357654784,0
7163,37,31321.0,salaried,616.0,174.0,332583,36,0,0.8848775581877973,0.005555378180773283,1
7164,52,31151.0,self_employed,509.0,48252.0,187400,36,0,0.5013215199084031,1.5489711405733364,1
7165,30,91133.0,salaried,849.0,41307.0,289937,18,0,0.26512258640302266,0.4532606190951686,1
7166,37,49187.0,salaried,506.0,10104.0,357754,12,0,0.6061120485765209,0.20542013133551548,1
7167,25,58835.0,salaried,848.0,25966.0,331577,24,0,0.4696425030452395,0.4413359394917991,1
7168,29,15059.0,salaried,693.0,17822.0,483462,6,0,2.6753768510525266,1.1834783186134537,1
7169,53,42235.0,salaried,,2925.0,453757,6,0,0.895302079633795,0.06925535693145496,1
7170,56,109208.0,self_employed,562.0,6986.0,389056,18,0,0.2968769076746514,0.06396967255146144,0
7171,56,82114.0,salaried,503.0,31293.0,167772,6,0,0.17026329249579852,0.3810921401953382,0
7172,38,144191.0,self_employed,783.0,4819.0,129795,24,0,0.07501335034780257,0.033420948602894775,0
7173,29,127831.0,contract,827.0,5371.0,39347,24,0,0.02565040300605226,0.042016412294357396,0
7174,49,136889.0,salaried,749.0,4703.0,244028,36,0,0.14855588591243027,0.03435630328222136,0
7175,34,96583.0,self_employed,629.0,11984.0,304127,12,0,0.26240556481644456,0.12407980700537362,0
7176,45,47160.0,salaried,574.0,23096.0,102596,12,0,0.181290641786825,0.4897370653095844,1
7177,35,114011.0,salaried,828.0,22761.0,119428,6,1,0.08729274660632161,0.1996386313601319,0
7178,26,20277.0,salaried,753.0,16741.0,358162,12,0,1.4719550886883332,0.8256152290772797,1
7179,49,147852.0,self_employed,822.0,19781.0,250489,18,0,0.1411822858894931,0.1337891946000054,1
7180,35,132101.0,salaried,666.0,9280.0,480724,12,0,0.3032553374564412,0.07024927896079515,0
7181,49,75750.0,self_employed,700.0,292.0,162212,6,0,0.17845104510451046,0.003854785478547855,0
7182,24,71902.0,salaried,667.0,5443.0,93303,12,0,0.1081367694918083,0.07570025868543295,1
7183,38,131849.0,salaried,783.0,9182.0,106142,24,1,0.0670855802218194,0.06964027030921736,0
7184,59,112052.0,salaried,847.0,44362.0,319626,24,0,0.2377066005069075,0.39590547245921537,1
7185,36,142894.0,self_employed,,2576.0,406446,36,1,0.23703234565482106,0.018027348943972454,0
7186,31,64460.0,salaried,550.0,39046.0,211789,36,0,0.2737989967938773,0.6057399937946013,1
7187,34,144424.0,salaried,555.0,819.0,224269,36,1,0.12940427722077585,0.005670802636680884,0
7188,23,85975.0,salaried,572.0,44450.0,420359,36,1,0.4074430551516914,0.5170107589415528,1
7189,58,148436.0,salaried,781.0,20609.0,127251,12,0,0.07143987981352233,0.13884098197202835,0
7190,38,31568.0,salaried,587.0,24313.0,261336,6,0,0.6898758236188546,0.7701786619361378,1
7191,40,77679.0,salaried,551.0,6712.0,139559,12,0,0.14971764140458382,0.08640687959422752,0
7192,45,80781.0,salaried,624.0,14857.0,248772,6,1,0.25663212884217823,0.18391701018803927,1
7193,58,23430.0,salaried,761.0,27083.0,148612,6,0,0.5285673637786313,1.1559112249253094,1
7194,33,53692.0,salaried,767.0,21072.0,151000,6,0,0.2343614194541707,0.39246070178052594,1
7195,24,45086.0,self_employed,562.0,27565.0,384284,6,1,0.7102796137751556,0.6113871268242913,1
7196,34,64671.0,salaried,535.0,48729.0,371373,24,0,0.47854138640194216,0.7534907454655101,1
7197,53,,salaried,508.0,48004.0,490916,6,0,2.1637312459230267,2.5389538266250593,1
7198,48,43604.0,self_employed,829.0,5751.0,460572,12,0,0.8802174112466746,0.13189156958077242,1
7199,57,52869.0,salaried,822.0,29285.0,486133,6,1,0.7662540114875132,0.5539162836444798,1
7200,28,134261.0,contract,740.0,5614.0,401306,24,1,0.24908325326540595,0.04181407854849882,0
7201,54,129639.0,salaried,784.0,37402.0,51018,12,0,0.03279491511042202,0.28850885921674807,1
7202,25,126690.0,self_employed,826.0,,145872,18,0,0.09595074591522615,0.16370668561054544,0
7203,25,140592.0,self_employed,589.0,20028.0,281498,12,0,0.16685278441637266,0.14245476271765106,1
7204,51,21073.0,self_employed,763.0,3207.0,143371,24,0,0.5669616729147883,0.1521852607602145,0
7205,29,33101.0,contract,798.0,49054.0,282827,24,0,0.7120303515503056,1.4819491858252016,1
7206,52,109877.0,salaried,704.0,2656.0,185815,36,0,0.1409265208672728,0.024172483777314634,1
7207,53,22313.0,salaried,790.0,17634.0,479055,18,0,1.789147582127011,0.7903016178909156,1
7208,23,74668.0,self_employed,710.0,42772.0,425405,6,0,0.47477388796628633,0.5728290566239889,1
7209,50,106956.0,salaried,777.0,26418.0,333248,24,0,0.2596457110088884,0.24699876584763827,0
7210,32,130087.0,self_employed,706.0,14158.0,126213,36,0,0.08085166081161069,0.10883485667284203,1
7211,49,134451.0,salaried,821.0,49379.0,253380,36,0,0.157046061390395,0.3672639102721438,0
7212,23,107675.0,self_employed,593.0,36666.0,357132,6,0,0.27639656373345717,0.3405247271882981,1
7213,46,106634.0,salaried,698.0,15096.0,224005,12,0,0.17505751761476954,0.14156835530881332,0
7214,50,124119.0,salaried,,26881.0,70182,18,0,0.047120102482295215,0.21657441648740322,0
7215,29,,contract,668.0,30109.0,419042,6,0,0.40234778567670226,0.3469138505144543,1
7216,46,97158.0,salaried,796.0,19257.0,204575,6,0,0.17546590776535814,0.19820292719076144,0
7217,22,44715.0,salaried,726.0,44251.0,422602,12,0,0.7875843303887584,0.9896231689589623,1
7218,23,103260.0,salaried,,32720.0,126023,12,0,0.10170362838143199,0.3168700368003099,1
7219,24,149724.0,self_employed,597.0,37907.0,326463,24,0,0.1817026662392135,0.2531791830301087,1
7220,45,41297.0,self_employed,692.0,6567.0,93961,12,0,0.1896041681800938,0.15901881492602368,1
7221,33,21307.0,self_employed,765.0,39324.0,293256,12,0,1.1469470127188248,1.8455906509597784,1
7222,59,73616.0,salaried,849.0,3460.0,447702,18,0,0.5067987937404912,0.04700065203216692,0
7223,55,134828.0,salaried,723.0,26968.0,86028,18,0,0.05317144806716706,0.2000178004568784,0
7224,43,23727.0,salaried,566.0,35282.0,228082,18,0,0.8010634860426238,1.486997934842163,1
7225,29,32332.0,salaried,637.0,37052.0,136702,6,0,0.35233927172254526,1.145985401459854,1
7226,22,128741.0,salaried,828.0,30312.0,486781,18,0,0.3150906341673075,0.23544946831234806,0
7227,51,147475.0,self_employed,738.0,28015.0,76686,18,0,0.043332768265807765,0.18996440074588913,0
7228,22,71971.0,salaried,808.0,5504.0,65284,36,1,0.07559063141172602,0.07647524697447583,1
7229,52,88042.0,salaried,,22446.0,126840,18,0,0.1200563367483701,0.2549465028054792,1
7230,38,110195.0,salaried,823.0,19553.0,156958,6,0,0.11869715806827291,0.17743999274014247,0
7231,33,142144.0,salaried,601.0,,427628,36,0,0.2507011668917905,0.11993471409275101,1
7232,25,27996.0,salaried,543.0,21721.0,404459,6,1,1.2039190122398438,0.775860837262466,1
7233,30,67485.0,salaried,618.0,47817.0,93992,6,0,0.11606529846138648,0.7085574572127139,1
7234,45,62830.0,salaried,687.0,46571.0,211991,36,0,0.28117008859886466,0.741222346013051,1
7235,54,49370.0,self_employed,730.0,29100.0,49415,36,0,0.08340929039227601,0.5894267773951792,1
7236,57,72572.0,salaried,689.0,14911.0,169128,36,0,0.1942071322273053,0.205464917599074,1
7237,50,44098.0,self_employed,609.0,39507.0,105567,36,1,0.19949317429361876,0.8958909701120232,1
7238,27,17196.0,salaried,801.0,2632.0,42772,6,0,0.20727688609754205,0.1530588508955571,1
7239,26,64262.0,salaried,778.0,48699.0,61388,36,0,0.07960640295457139,0.757819551212225,1
7240,23,35543.0,salaried,605.0,3065.0,72314,12,0,0.16954580836357838,0.08623357623160678,0
7241,33,117171.0,salaried,664.0,34657.0,362460,18,0,0.25778562954997397,0.295781379351546,0
7242,23,85540.0,salaried,625.0,46046.0,246536,18,0,0.24017613592081677,0.5382978723404256,1
7243,46,55972.0,salaried,845.0,47762.0,399742,12,0,0.5951517425379357,0.8533195169013078,1
7244,44,87613.0,contract,597.0,27694.0,94181,6,0,0.08958050365432832,0.3160946434889799,1
7245,26,110384.0,salaried,830.0,45278.0,307068,6,0,0.2318180171039281,0.4101862588780983,1
7246,32,93062.0,salaried,619.0,17343.0,68221,18,0,0.0610892021806251,0.18635963121359952,1
7247,56,18261.0,salaried,840.0,,323525,24,1,1.4763932241753828,1.3544165160725044,1
7248,22,32046.0,salaried,798.0,15406.0,375018,12,0,0.9752075141983398,0.48074642701117143,1
7249,31,28397.0,self_employed,843.0,34775.0,256009,12,0,0.7512794778791186,1.2246011902665774,1
7250,59,105805.0,salaried,642.0,33489.0,196813,18,0,0.1550123655151773,0.3165162326922168,0
7251,54,40757.0,salaried,694.0,7700.0,101019,36,1,0.20654734156095886,0.18892460190887456,1
7252,46,147974.0,salaried,629.0,23902.0,299109,24,1,0.16844682173895414,0.1615283766067012,1
7253,38,133859.0,salaried,603.0,14654.0,186502,6,1,0.1161060020867729,0.10947340111609978,1
7254,41,57399.0,salaried,592.0,34022.0,238344,6,0,0.3460339030296695,0.592728096308298,1
7255,56,63330.0,salaried,796.0,2345.0,182879,6,0,0.24064292857518818,0.03702826464550766,1
7256,60,149918.0,self_employed,721.0,32872.0,35966,6,0,0.019992040093028633,0.2192665323710295,0
7257,42,83056.0,self_employed,699.0,34429.0,24258,12,0,0.02433900019264111,0.4145275476786746,1
7258,50,55832.0,salaried,787.0,13170.0,289067,12,0,0.4314535869513302,0.2358862301189282,1
7259,50,132095.0,self_employed,757.0,5418.0,243535,36,0,0.15363627187503942,0.04101593550096522,0
7260,28,119987.0,salaried,509.0,17475.0,128862,12,0,0.0894971955295157,0.14564077775092302,0
7261,54,103672.0,salaried,,41497.0,45605,36,0,0.03665808189932351,0.4002720117293001,1
7262,29,50885.0,contract,600.0,27296.0,447308,36,0,0.7325472470603649,0.5364252726736759,1
7263,40,36157.0,salaried,609.0,22123.0,263545,6,1,0.6074088926994312,0.6118593909892966,1
7264,60,34674.0,salaried,,6960.0,52868,6,0,0.1270596604564419,0.20072676933725558,1
7265,45,47357.0,salaried,,48723.0,430015,12,0,0.7566903168134242,1.028844732563296,1
7266,39,27578.0,self_employed,743.0,31943.0,95111,12,1,0.28739998066091327,1.158278337805497,1
7267,25,143457.0,salaried,522.0,34339.0,66210,36,0,0.03846100225154576,0.23936789421220295,0
7268,31,148323.0,self_employed,724.0,35783.0,428446,18,0,0.24071676903334838,0.24125051408075618,0
7269,35,118229.0,salaried,761.0,7006.0,276385,6,0,0.19480908519342405,0.059257880892166895,0
7270,28,138981.0,salaried,768.0,19830.0,38130,24,0,0.022862837366258697,0.14268137371295356,0
7271,39,52077.0,salaried,520.0,17813.0,116550,18,0,0.18650267872573306,0.34205119342512047,1
7272,43,130136.0,salaried,813.0,15593.0,171947,6,1,0.11010724677772997,0.11982080285240057,0
7273,47,75530.0,self_employed,619.0,13819.0,213980,6,0,0.23608720596672403,0.182960413080895,1
7274,60,133179.0,self_employed,619.0,16625.0,100163,12,0,0.06267442064189299,0.12483199303193446,0
7275,52,,salaried,,39854.0,44041,24,0,0.08712984505325799,0.9461564028298751,1
7276,46,44381.0,salaried,635.0,18451.0,417659,24,0,0.7842301134870027,0.4157409702350105,1
7277,47,120614.0,salaried,,26454.0,291624,6,0,0.20148573134130365,0.2193277728953521,1
7278,39,128271.0,salaried,557.0,31613.0,74012,36,0,0.048083094905837384,0.24645477153838358,0
7279,49,,salaried,585.0,40106.0,474699,24,0,0.35208581803941114,0.35696103387507344,1
7280,59,142728.0,self_employed,500.0,15575.0,286314,18,0,0.16716761952805337,0.10912364777759094,1
7281,53,27822.0,salaried,576.0,30563.0,253524,36,1,0.7593630939544246,1.098519157501258,1
7282,39,147508.0,self_employed,509.0,43848.0,52805,12,0,0.029831715341992752,0.2972584537787781,1
7283,57,126201.0,self_employed,568.0,6887.0,454941,6,0,0.3004076829819098,0.05457167534330156,1
7284,39,42281.0,salaried,647.0,37903.0,195909,6,0,0.3861249733923039,0.8964546723114402,1
7285,53,103017.0,self_employed,561.0,23834.0,194496,18,1,0.15733325567624762,0.23135987264237942,1
7286,36,,self_employed,512.0,33068.0,24806,18,0,0.01862228428148882,0.2978964911490473,1
7287,43,99403.0,self_employed,685.0,12452.0,188683,12,0,0.15818016894191658,0.12526784905888153,0
7288,27,121023.0,salaried,664.0,35596.0,142452,12,0,0.09808879303933964,0.2941259099510011,0
7289,46,37766.0,salaried,509.0,44722.0,36662,24,0,0.08089727974015429,1.1841868347190594,1
7290,52,108891.0,self_employed,,5377.0,69605,36,0,0.05326809990418553,0.04937965488424204,0
7291,32,77239.0,salaried,661.0,38475.0,106623,6,0,0.11503579797770556,0.49812918344359713,1
7292,28,148866.0,self_employed,789.0,28264.0,459344,24,0,0.2571350521050251,0.18986202356481668,1
7293,25,71764.0,salaried,695.0,35168.0,171920,12,0,0.19963584341266744,0.49005072181037845,1
7294,48,45858.0,salaried,533.0,19542.0,376721,18,0,0.684578844839868,0.42614156744733744,1
7295,25,57850.0,contract,659.0,34317.0,200524,24,0,0.28885623739556326,0.5932065687121867,1
7296,46,142171.0,salaried,584.0,43878.0,127212,18,0,0.07456513634988851,0.30862834192627187,0
7297,25,98017.0,contract,557.0,14256.0,26042,36,0,0.0221407170864918,0.14544415764612262,1
7298,42,65790.0,salaried,764.0,7965.0,483818,18,0,0.6128312306834879,0.1210670314637483,1
7299,35,96120.0,salaried,796.0,6902.0,144255,6,0,0.1250650228880566,0.07180607573866,0
7300,33,24850.0,salaried,524.0,17261.0,249570,36,0,0.8369215291750502,0.6946076458752515,1
7301,48,121759.0,contract,535.0,15088.0,480080,18,0,0.3285725627400575,0.12391691784590872,0
7302,53,80696.0,self_employed,763.0,7009.0,223001,24,0,0.23028919235980305,0.08685684544463171,1
7303,43,102826.0,self_employed,613.0,19464.0,270113,6,0,0.21890783135264102,0.18929064633458464,0
7304,53,138152.0,salaried,604.0,3534.0,387581,6,0,0.23378899086995966,0.025580520006948868,0
7305,38,22081.0,salaried,592.0,11799.0,79323,12,0,0.2993637063538789,0.5343507993297405,1
7306,50,117716.0,self_employed,588.0,7791.0,99297,12,0,0.07029418260899113,0.06618471575656665,0
7307,46,33722.0,salaried,662.0,9512.0,427398,24,0,1.056179941877706,0.2820710515390546,1
7308,36,,self_employed,537.0,30651.0,165466,12,0,0.13451470454338524,0.2990108089124751,0
7309,33,144752.0,self_employed,591.0,21720.0,469756,18,0,0.27043725360156223,0.1500497402453852,0
7310,59,32985.0,salaried,618.0,14563.0,296027,12,0,0.7478828760547723,0.44150371380930725,1
7311,53,135234.0,self_employed,710.0,19220.0,300085,6,0,0.18491713129341242,0.1421240220654569,0
7312,46,98845.0,self_employed,659.0,39081.0,435576,24,0,0.36722140725378116,0.3953765997268451,1
7313,21,138446.0,contract,600.0,18501.0,207753,18,1,0.1250505612296491,0.1336333299625847,1
7314,58,121747.0,salaried,678.0,42094.0,248269,6,0,0.16993505657908067,0.34574979260269245,0
7315,22,37036.0,self_employed,783.0,28673.0,121428,6,0,0.273220650178205,0.7741926773949671,1
7316,26,44346.0,salaried,796.0,30622.0,84048,36,0,0.1579398367383755,0.6905245117936228,1
7317,58,128507.0,salaried,522.0,2717.0,207343,12,0,0.13445635905696446,0.021142817122802648,0
7318,44,129673.0,salaried,778.0,24510.0,421936,18,0,0.27115385109724716,0.18901390420519307,1
7319,38,41691.0,salaried,531.0,22798.0,94225,24,0,0.18834000943449025,0.5468326497325562,1
7320,47,120578.0,salaried,637.0,23825.0,321694,24,0,0.22232773253274504,0.1975899417804243,1
7321,28,,salaried,580.0,27167.0,255674,24,0,0.6459154388730572,0.8235918268356273,1
7322,48,64665.0,self_employed,818.0,47373.0,92682,36,0,0.11943864532591046,0.7325910461609836,0
7323,30,128408.0,salaried,694.0,8381.0,27914,18,1,0.018115434137021578,0.06526851909538346,0
7324,37,88728.0,salaried,791.0,10961.0,82953,6,0,0.07790945361103598,0.12353484807501577,0
7325,49,65054.0,salaried,592.0,36147.0,235837,36,0,0.3021041493733411,0.5556460786423587,1
7326,26,96499.0,salaried,545.0,14349.0,464493,12,0,0.401120737002456,0.148695841407683,0
7327,34,,salaried,526.0,44517.0,486093,6,0,0.3548362371779711,0.3899561138412215,1
7328,42,81553.0,salaried,661.0,,85129,24,0,0.08698739878770043,0.5738231579463662,1
7329,26,20279.0,self_employed,831.0,,297535,12,0,1.222672879990795,1.6932294491838848,1
7330,46,22712.0,self_employed,,20309.0,110006,18,0,0.4036265703886345,0.894196900317013,1
7331,59,30817.0,salaried,686.0,,138051,18,0,0.3733085634552357,0.579907194081189,1
7332,32,108616.0,salaried,693.0,25143.0,260137,36,0,0.19958462227787188,0.2314852323782868,1
7333,55,95667.0,salaried,657.0,20207.0,121690,18,0,0.10600137281751632,0.21122226054961482,0
7334,34,41093.0,salaried,508.0,3504.0,311429,24,0,0.6315532247990331,0.08526999732314507,1
7335,42,126030.0,salaried,711.0,2622.0,114837,36,0,0.07593231770213442,0.020804570340395144,0
7336,43,132385.0,self_employed,811.0,38287.0,145596,36,0,0.09164935604486914,0.2892095025871511,1
7337,27,44030.0,salaried,666.0,29477.0,56106,24,0,0.10618896207131501,0.6694753577106518,0
7338,60,59067.0,self_employed,842.0,913.0,142865,18,1,0.20155783545239586,0.015457023380229232,1
7339,45,91433.0,salaried,773.0,13055.0,246725,12,0,0.2248686652156953,0.1427821464897794,1
7340,33,41639.0,salaried,797.0,37997.0,208660,36,0,0.4175972845969724,0.9125339225245563,0
7341,41,148864.0,salaried,610.0,,141946,12,0,0.07946067103754657,0.14499811908856405,0
7342,30,15420.0,salaried,828.0,27309.0,348549,12,0,1.8836413748378729,1.771011673151751,1
7343,29,34198.0,salaried,702.0,10864.0,136147,12,0,0.3317616039924362,0.31767939645593307,1
7344,35,97951.0,salaried,747.0,21781.0,223392,12,0,0.1900542107788588,0.22236628518340804,0
7345,22,32875.0,salaried,564.0,29052.0,117768,24,1,0.29852471482889736,0.8837110266159696,1
7346,45,85511.0,salaried,702.0,12597.0,106029,6,0,0.10332881149793594,0.1473143806060039,1
7347,33,106997.0,salaried,,541.0,27042,18,1,0.02106133816835986,0.005056216529435405,0
7348,54,36331.0,salaried,632.0,37630.0,124733,6,1,0.2861032359876322,1.0357545897442955,1
7349,54,31893.0,salaried,,31983.0,274622,6,0,0.71756080226591,1.0028219358479917,1
7350,55,,salaried,692.0,9398.0,86221,36,0,0.21613823461580883,0.28270613362211594,1
7351,58,30535.0,salaried,765.0,24759.0,494509,6,0,1.3495688008296491,0.8108400196495824,1
7352,23,82394.0,salaried,559.0,24105.0,254403,6,0,0.2573033230575042,0.2925577105129014,1
7353,26,,contract,704.0,40948.0,394445,24,0,0.348890999922163,0.4346275500456408,1
7354,39,135295.0,self_employed,654.0,21118.0,71126,12,0,0.043809207041403356,0.1560885472486049,0
7355,23,115369.0,contract,571.0,13748.0,76746,6,1,0.05543516889285683,0.11916546039230642,1
7356,38,127695.0,salaried,655.0,21073.0,143891,6,0,0.09390278919821972,0.16502603860761972,0
7357,59,28346.0,salaried,672.0,42216.0,95112,36,0,0.2796161715938757,1.4893106611162068,1
7358,29,137580.0,self_employed,807.0,14132.0,368202,18,0,0.22302296845471725,0.10271841837476377,0
7359,32,90324.0,salaried,561.0,10943.0,254840,36,1,0.23511654340669885,0.12115273902838669,1
7360,25,117746.0,salaried,704.0,20480.0,123419,18,0,0.0873483317196904,0.17393372174001664,0
7361,23,89783.0,salaried,559.0,,444556,18,1,0.41262080052274186,0.4446164641413185,1
7362,31,31959.0,salaried,585.0,31081.0,174865,18,0,0.4559618052296171,0.9725273006038987,1
7363,50,104343.0,self_employed,642.0,36548.0,211542,24,0,0.16894760549342075,0.35026786655549486,1
7364,24,66150.0,salaried,850.0,8474.0,36950,24,1,0.046548248929201314,0.12810279667422525,1
7365,25,36734.0,salaried,506.0,16255.0,48493,12,0,0.11000934647284079,0.44250558066096807,1
7366,21,32400.0,contract,,30888.0,142583,18,0,0.36672582304526746,0.9533333333333334,1
7367,47,113329.0,salaried,678.0,31608.0,488409,24,1,0.35913799645280553,0.27890478165341615,1
7368,48,139438.0,salaried,726.0,9401.0,360074,24,1,0.21519361054136366,0.06742064573502202,0
7369,49,,contract,506.0,440.0,273057,6,0,0.2018105948400486,0.003902335192855179,0
7370,38,123863.0,salaried,639.0,45694.0,80914,18,0,0.054437833197430494,0.36890758337841,1
7371,32,,self_employed,,32421.0,149659,36,0,0.6316004929268375,1.641902157398967,1
7372,33,138765.0,salaried,533.0,49625.0,448449,6,0,0.26930962418477283,0.35761899614456094,1
7373,22,78184.0,self_employed,739.0,40057.0,269904,24,0,0.287680343804359,0.5123426788089634,1
7374,57,103898.0,contract,828.0,19163.0,182111,24,1,0.14606553222070365,0.18444050896071146,1
7375,36,,salaried,819.0,5036.0,24348,24,0,0.03569983284947655,0.08860737221782353,0
7376,44,24133.0,salaried,596.0,48918.0,286070,24,0,0.9878244174643296,2.027016947747897,1
7377,55,,salaried,767.0,31657.0,175015,36,0,0.12535633962210094,0.2720959216124457,0
7378,42,55533.0,salaried,625.0,20726.0,113252,12,0,0.16994699848138345,0.373219527128014,1
7379,56,43725.0,self_employed,533.0,26517.0,228313,12,0,0.43513055079092816,0.6064493996569468,1
7380,31,142240.0,salaried,782.0,12475.0,395260,18,0,0.23156871016122985,0.08770388076490439,0
7381,49,16236.0,salaried,517.0,11547.0,351690,24,0,1.8050936191180094,0.7111973392461197,1
7382,55,82916.0,self_employed,792.0,25132.0,268637,18,0,0.26998910544004373,0.3031019344879155,1
7383,35,120481.0,salaried,567.0,38011.0,21400,36,0,0.014801780640377597,0.3154937293017156,0
7384,51,143357.0,self_employed,736.0,23417.0,387155,18,1,0.22505295637231992,0.16334744728196043,1
7385,36,29538.0,salaried,579.0,37110.0,373824,12,0,1.0546414787731058,1.2563477554336786,1
7386,30,114821.0,salaried,585.0,44437.0,377907,12,0,0.274272563381263,0.387011086822097,1
7387,52,53655.0,salaried,559.0,30032.0,151023,12,1,0.23455875500885284,0.559724163638058,1
7388,22,75784.0,contract,547.0,37822.0,495876,18,0,0.5452734086350681,0.49907632217882403,0
7389,44,137547.0,salaried,678.0,42786.0,272090,24,0,0.16484668270966774,0.3110645815612118,1
7390,43,133177.0,salaried,583.0,,430302,6,0,0.26925445084361416,0.2097359153607605,0
7391,22,105982.0,salaried,594.0,28651.0,26255,12,1,0.02064422889421474,0.27033835934403955,1
7392,58,59191.0,self_employed,807.0,24570.0,148183,18,0,0.20862265096608157,0.4150968897298576,1
7393,51,69112.0,salaried,751.0,6415.0,319300,6,0,0.38500308677701894,0.0928203495774974,1
7394,60,26399.0,self_employed,832.0,,61915,12,0,0.1954461658901221,1.3130042804651691,1
7395,46,119365.0,salaried,679.0,38227.0,438665,12,0,0.30624904005920217,0.3202530054873707,1
7396,49,27685.0,salaried,583.0,26328.0,112520,36,0,0.3386912287038709,0.9509842875203178,1
7397,23,102777.0,salaried,809.0,3518.0,278549,12,0,0.22585224969270037,0.034229448222851414,0
7398,34,19487.0,salaried,649.0,38449.0,183837,6,0,0.7861523066659825,1.97305896238518,1
7399,45,27018.0,contract,538.0,21460.0,485879,6,1,1.4986274582377181,0.79428529128729,1
7400,21,98220.0,salaried,778.0,42440.0,342866,24,0,0.29089968098825764,0.4320912237833435,1
7401,23,58118.0,self_employed,803.0,29396.0,54588,6,0,0.07827179187170928,0.5057985477820985,0
7402,46,74615.0,salaried,612.0,49797.0,44290,18,0,0.049465031606692134,0.6673859143603833,1
7403,38,94946.0,self_employed,626.0,14399.0,204968,18,0,0.17989874946460796,0.15165462473405936,0
7404,29,136869.0,salaried,540.0,13704.0,409205,12,0,0.24914638571675593,0.100124936983539,0
7405,58,30105.0,contract,657.0,1698.0,51699,24,0,0.14310745723301777,0.05640259093173891,1
7406,43,116564.0,salaried,705.0,19954.0,401223,12,0,0.28684027658625305,0.17118492845132288,1
7407,41,62342.0,self_employed,546.0,45573.0,134115,24,0,0.17927320265631516,0.7310160084694106,1
7408,21,127016.0,salaried,684.0,36194.0,277194,36,1,0.18186291490835801,0.2849562259872772,1
7409,41,,salaried,571.0,44664.0,37763,24,0,0.04167770331717568,0.5915291500013244,1
7410,47,,salaried,556.0,11416.0,213995,36,0,0.44619102426168256,0.28563564941076386,1
7411,26,51023.0,self_employed,738.0,45384.0,339766,36,0,0.5549229432478163,0.8894812143543108,1
7412,56,69288.0,salaried,561.0,21169.0,109958,12,0,0.13224752722934227,0.30552187969056693,1
7413,48,139939.0,self_employed,841.0,4574.0,155419,18,0,0.09255163559360388,0.03268567018486626,0
7414,37,116541.0,salaried,556.0,33158.0,45607,24,0,0.032611555875900616,0.2845178949897461,0
7415,60,41622.0,contract,742.0,,49257,12,0,0.0986197203402047,1.1454999759742444,1
7416,23,60201.0,salaried,827.0,12699.0,234335,36,0,0.32437860943616664,0.21094333981163105,0
7417,32,31350.0,salaried,623.0,17665.0,172726,36,0,0.45913343965975545,0.5634768740031898,1
7418,59,69820.0,salaried,652.0,15936.0,233596,6,0,0.27880740952926575,0.22824405614437124,0
7419,32,63709.0,salaried,754.0,29540.0,305047,6,0,0.3990108671197685,0.46367075295484156,1
7420,22,103232.0,salaried,716.0,16890.0,424063,24,0,0.34232198672246333,0.1636120582765034,0
7421,42,97418.0,salaried,731.0,34490.0,239575,18,0,0.20493731480150829,0.3540413475949003,1
7422,43,112739.0,self_employed,516.0,46999.0,460461,6,0,0.34035914812088097,0.416883243598045,1
7423,50,70214.0,self_employed,579.0,17341.0,151663,36,0,0.18000090200434862,0.24697353804084657,1
7424,25,149016.0,salaried,675.0,38626.0,44422,12,0,0.024841851434297884,0.25920706501315294,1
7425,29,39336.0,salaried,538.0,26310.0,83215,18,0,0.17629101416853094,0.6688529591214155,1
7426,41,53624.0,salaried,642.0,39205.0,75315,24,0,0.11704180963747576,0.7311092048336566,1
7427,31,80206.0,salaried,516.0,49914.0,105874,12,0,0.11000216110182946,0.6223225195122559,1
7428,25,59764.0,salaried,748.0,5596.0,372267,24,0,0.519079211565491,0.09363496419249047,1
7429,55,109325.0,self_employed,534.0,5949.0,67048,12,0,0.05110755392941535,0.05441573290647153,0
7430,47,60420.0,contract,788.0,46784.0,190619,12,1,0.26290825333774687,0.7743131413439258,1
7431,22,119381.0,salaried,645.0,30386.0,380569,18,0,0.26565436152598265,0.25452961526541074,1
7432,44,80671.0,salaried,714.0,,134503,24,0,0.13894191634333694,0.0820741034572523,1
7433,51,122596.0,salaried,664.0,43571.0,245704,6,0,0.16701469324719675,0.3554031126627296,1
7434,53,41447.0,contract,610.0,2889.0,218884,12,0,0.4400881446988523,0.06970347672931695,1
7435,59,35497.0,salaried,634.0,40545.0,47220,12,0,0.11085443840324534,1.1422092007775304,1
7436,50,94714.0,salaried,573.0,17726.0,212489,6,0,0.1869566977074843,0.18715290242202842,0
7437,57,141892.0,self_employed,655.0,5514.0,257471,18,0,0.15121301177421326,0.038860541820539565,0
7438,48,74870.0,salaried,714.0,39983.0,190916,18,1,0.21249721739904723,0.5340323226926673,1
7439,51,112847.0,salaried,773.0,28656.0,119181,18,0,0.08801075792887715,0.2539367462139002,0
7440,31,111134.0,salaried,778.0,9828.0,381233,36,0,0.2858658616325037,0.088433782640776,1
7441,43,116110.0,self_employed,647.0,28085.0,103996,36,0,0.07463899176068671,0.2418826974420808,0
7442,22,86918.0,salaried,530.0,23002.0,67238,18,0,0.06446497465043681,0.2646402356243816,1
7443,60,18159.0,contract,513.0,15281.0,271431,18,0,1.2456220056170495,0.8415110964260146,1
7444,47,86192.0,contract,522.0,31471.0,151172,6,0,0.14615818946847348,0.36512669389270463,0
7445,55,81988.0,self_employed,501.0,7753.0,159639,36,0,0.1622585012440845,0.09456261891984193,1
7446,22,122739.0,salaried,677.0,8741.0,356517,24,0,0.24205631461882532,0.07121615786343378,0
7447,59,33706.0,self_employed,828.0,2005.0,85427,18,0,0.21120621452164798,0.05948495816768528,0
7448,57,25219.0,salaried,558.0,27141.0,154454,18,1,0.510375774878729,1.0762123795550973,1
7449,41,104017.0,salaried,788.0,,80855,18,1,0.06477707169661369,0.40106905601968906,1
7450,25,49536.0,salaried,675.0,49475.0,435560,12,0,0.7327330964685616,0.9987685723514211,1
7451,41,86632.0,salaried,,7364.0,260308,36,0,0.25039631237110227,0.0850032320620556,0
7452,49,123798.0,self_employed,582.0,10117.0,474088,24,1,0.319127395703754,0.08172183718638427,1
7453,40,48937.0,contract,722.0,24686.0,337639,12,1,0.5749552145275217,0.5044444898543025,1
7454,58,36094.0,self_employed,534.0,1823.0,336112,12,0,0.776010786649674,0.050507009475259046,1
7455,40,140312.0,self_employed,796.0,20005.0,361591,24,1,0.2147541431476519,0.14257511830777125,1
7456,45,119894.0,self_employed,,1138.0,464391,24,0,0.3227788713363471,0.00949171768395416,0
7457,22,132118.0,contract,734.0,34488.0,223900,24,0,0.14122476372131984,0.261039373893035,0
7458,52,98325.0,salaried,538.0,49875.0,442358,24,0,0.37491143317230274,0.5072463768115942,1
7459,46,146195.0,salaried,718.0,23015.0,112064,24,1,0.06387815360762451,0.157426724580184,0
7460,26,86445.0,salaried,716.0,2412.0,168501,18,0,0.16243565272716756,0.027902134305049453,1
7461,23,46854.0,salaried,693.0,13795.0,38481,24,0,0.0684413283817817,0.2944252358389892,0
7462,53,75796.0,salaried,662.0,33534.0,205045,24,0,0.22543515928720953,0.4424244023431316,0
7463,21,84432.0,contract,615.0,13119.0,433466,36,0,0.4278255479754911,0.1553794769755543,1
7464,25,32111.0,contract,827.0,11573.0,375887,18,0,0.9754886695109671,0.3604060913705584,1
7465,33,,salaried,660.0,43120.0,239201,12,0,0.22761537729565134,0.49237796174707393,1
7466,39,125380.0,salaried,588.0,9485.0,177662,18,0,0.11808236294996544,0.07565002392726113,0
7467,32,39099.0,salaried,640.0,26943.0,388524,6,0,0.8280774444359191,0.6890969078493057,1
7468,45,123871.0,salaried,811.0,4017.0,84641,24,0,0.05694163013672826,0.03242889780497453,0
7469,55,30029.0,salaried,673.0,37038.0,120653,12,0,0.33482355944808906,1.2334077058843118,1
7470,32,30793.0,self_employed,700.0,23570.0,441190,6,1,1.1939672436376232,0.7654337024648459,1
7471,50,63106.0,salaried,801.0,46282.0,233375,12,0,0.3081785672783359,0.7334009444426838,1
7472,25,100662.0,salaried,612.0,24512.0,462122,18,0,0.38256905949282416,0.24350797719099562,1
7473,54,147044.0,salaried,673.0,28797.0,312590,6,0,0.17715219027411297,0.19583934060553304,1
7474,42,146432.0,salaried,573.0,9186.0,284729,24,0,0.16203710026952214,0.06273218968531469,0
7475,59,148704.0,self_employed,824.0,46546.0,233694,24,0,0.1309615074241446,0.3130110824187648,0
7476,33,95882.0,self_employed,786.0,22781.0,153168,6,0,0.1331219624121316,0.23759412611334765,0
7477,23,128858.0,salaried,624.0,34619.0,446302,18,0,0.2886264984194488,0.26866007543187076,1
7478,40,92656.0,self_employed,523.0,27552.0,454196,6,0,0.4084966614862142,0.29735796926264896,1
7479,51,65908.0,salaried,531.0,6910.0,408528,18,1,0.5165382047702859,0.10484311464465619,1
7480,25,45579.0,self_employed,753.0,3871.0,280686,12,0,0.5131858970139758,0.0849294631299502,1
7481,44,70178.0,salaried,612.0,14627.0,135279,18,0,0.16063794921485366,0.20842714240930207,0
7482,60,128204.0,self_employed,694.0,19607.0,220712,6,0,0.14346406248374985,0.15293594583632336,1
7483,53,110373.0,salaried,515.0,28586.0,276148,6,0,0.20849603918832807,0.2589945004665996,1
7484,28,147047.0,salaried,711.0,45254.0,70612,12,0,0.04001668400806092,0.3077519432562378,1
7485,44,31265.0,salaried,607.0,9414.0,249235,6,1,0.6643077989231836,0.30110347033423956,1
7486,40,78518.0,salaried,523.0,40749.0,440338,36,0,0.46734294471755944,0.518976540411116,1
7487,36,135611.0,contract,789.0,25516.0,464279,6,0,0.285300725359054,0.1881558280670447,0
7488,32,130475.0,salaried,807.0,44211.0,416342,36,0,0.2659142875391199,0.33884652232228396,1
7489,33,119968.0,self_employed,803.0,39129.0,180040,6,0,0.12506112741175424,0.3261619765270739,0
7490,59,126686.0,salaried,842.0,47733.0,456741,6,0,0.30044164311762944,0.37678196485799537,1
7491,45,91377.0,self_employed,618.0,49969.0,59680,12,0,0.054426533299772734,0.5468443919148145,0
7492,52,106671.0,self_employed,680.0,47936.0,314750,36,0,0.24588844828178855,0.4493817438666554,0
7493,44,117263.0,salaried,537.0,20300.0,239839,12,0,0.17044236744184724,0.1731151343561055,0
7494,29,136359.0,salaried,732.0,7487.0,305572,36,0,0.18674479376743253,0.05490653348880529,1
7495,60,113844.0,salaried,568.0,34838.0,451332,36,0,0.3303731421945821,0.30601524893714205,0
7496,43,79927.0,self_employed,581.0,,283414,24,0,0.2954925536218466,0.11045078634253756,0
7497,33,88170.0,contract,617.0,48211.0,272926,36,1,0.2579543306491248,0.546795962345469,1
7498,52,91150.0,salaried,808.0,37574.0,53049,12,1,0.048499725726823914,0.4122216127262754,0
7499,35,39866.0,salaried,549.0,6842.0,440608,12,0,0.9210187461328785,0.1716249435609291,1
7500,56,25282.0,self_employed,656.0,43336.0,360224,18,0,1.1873533212034912,1.7141048967644965,1
7501,25,30412.0,salaried,573.0,20059.0,369276,6,0,1.0118703143495988,0.6595751676969617,1
7502,42,139135.0,contract,682.0,40629.0,247541,24,0,0.14826187994873086,0.29201135587738525,1
7503,36,135019.0,salaried,605.0,48866.0,152901,6,0,0.09437005162236425,0.3619194335612025,0
7504,30,39583.0,salaried,688.0,31430.0,143432,12,0,0.3019646481233526,0.7940277391809615,1
7505,44,76922.0,self_employed,805.0,18909.0,364018,24,0,0.39435835435029426,0.24582044148618082,0
7506,38,,salaried,771.0,29930.0,318651,36,0,1.2534458343167336,1.4127920698607506,1
7507,38,101348.0,self_employed,586.0,39467.0,157348,12,0,0.12937930036442094,0.38942061017484314,1
7508,27,106368.0,salaried,849.0,2635.0,203188,12,0,0.1591863467709587,0.024772487966305656,1
7509,24,,salaried,,22156.0,42000,12,0,0.10794806156123739,0.6833420719859359,0
7510,46,66268.0,self_employed,671.0,23221.0,394869,12,0,0.4965556528037665,0.3504104545180177,0
7511,25,127692.0,salaried,751.0,12406.0,322675,24,0,0.21058158172268687,0.09715565579676096,0
7512,36,110201.0,salaried,643.0,37927.0,146347,6,0,0.11066672111263358,0.344162031197539,1
7513,55,98744.0,contract,783.0,259.0,231845,6,0,0.1956616773339815,0.0026229441788868184,0
7514,46,133222.0,contract,684.0,,167356,36,0,0.1046849119014377,0.14547146867634475,0
7515,38,103590.0,contract,,24192.0,473484,12,0,0.38089583936673427,0.23353605560382276,1
7516,49,,contract,841.0,41025.0,121111,12,1,0.07316541251637161,0.2974076060953154,1
7517,43,,salaried,617.0,15733.0,22919,6,0,0.012763154084498886,0.10513689247074705,1
7518,34,34576.0,salaried,766.0,28653.0,424412,36,1,1.022896421409841,0.828696205460435,1
7519,35,134641.0,salaried,824.0,15593.0,463938,18,0,0.28714507468007516,0.11581167697803789,0
7520,53,,self_employed,754.0,12316.0,177944,24,0,0.11402982626125918,0.09470786361329417,0
7521,45,148846.0,self_employed,740.0,48948.0,443754,6,1,0.24844134205823468,0.32884995229969227,1
7522,41,113908.0,salaried,670.0,16032.0,222364,24,1,0.16267806768035023,0.14074516276293147,1
7523,37,123724.0,contract,604.0,34434.0,419923,6,1,0.2828358550752751,0.27831301930102487,0
7524,43,95225.0,salaried,535.0,25235.0,243640,36,1,0.21321431696858317,0.2650039380414807,1
7525,37,97273.0,salaried,565.0,45955.0,370940,12,0,0.3177825981173262,0.4724332548600331,1
7526,34,141170.0,salaried,684.0,48721.0,229204,18,0,0.13530022903827538,0.3451229014663172,1
7527,49,113737.0,salaried,689.0,21383.0,39959,24,0,0.02927733865555331,0.18800390374284534,1
7528,40,111537.0,salaried,654.0,28117.0,334124,18,1,0.2496361446575277,0.2520867514815711,1
7529,50,72602.0,salaried,726.0,49512.0,301102,12,0,0.34560801814458736,0.6819646841684802,0
7530,39,81403.0,self_employed,640.0,5714.0,482134,6,0,0.4935669856557293,0.07019397319509109,0
7531,59,42182.0,salaried,575.0,6043.0,220372,36,0,0.43535947402525565,0.14326015836138636,0
7532,33,94876.0,self_employed,645.0,40520.0,194279,12,0,0.17064290934131568,0.4270837725030566,1
7533,38,62059.0,salaried,537.0,7522.0,35150,18,1,0.04719970780493831,0.1212072382732561,1
7534,43,15393.0,contract,761.0,11553.0,416640,18,0,2.2555707139608914,0.7505359579029429,1
7535,53,76775.0,self_employed,625.0,43078.0,70250,18,0,0.07625094974492565,0.5610941061543471,1
7536,59,60909.0,contract,,28509.0,165343,6,1,0.2262158848993307,0.4680589075506083,1
7537,60,67906.0,salaried,783.0,36528.0,358675,18,0,0.4401611541444546,0.5379200659735517,1
7538,38,112435.0,salaried,844.0,,295726,6,0,0.21918293532559552,0.2648997198381287,0
7539,29,101290.0,salaried,760.0,8368.0,229940,18,1,0.18917629249350051,0.08261427584164281,1
7540,53,59389.0,salaried,607.0,6170.0,326211,24,0,0.4577320715957501,0.10389129300038728,1
7541,52,35905.0,salaried,544.0,40896.0,216805,24,0,0.5031912918349348,1.13900570951121,1
7542,37,72557.0,salaried,501.0,,279224,12,0,0.32069499382094996,0.1309866725471009,0
7543,39,131814.0,salaried,700.0,39751.0,144971,12,0,0.09165124088994088,0.3015688773574886,1
7544,47,99752.0,contract,589.0,31536.0,350368,36,0,0.2926992274173283,0.31614403721228646,1
7545,26,,salaried,714.0,29246.0,27098,18,0,0.11536562106195293,1.49412485950751,1
7546,55,103291.0,contract,614.0,20383.0,173585,18,0,0.14004527661332222,0.19733568268290558,1
7547,57,111777.0,salaried,818.0,44007.0,128064,6,0,0.09547581344999419,0.39370353471644437,0
7548,54,39737.0,salaried,591.0,,29062,12,0,0.060946556945248344,0.21949316757681758,1
7549,40,38390.0,salaried,825.0,47381.0,86045,24,1,0.1867782408613354,1.2342016150039072,1
7550,45,106612.0,self_employed,685.0,48102.0,490977,6,0,0.38377246463812703,0.4511874835853375,1
7551,24,67330.0,self_employed,759.0,11609.0,374712,24,0,0.4637754344274469,0.17241942670429228,1
7552,30,86082.0,self_employed,657.0,44610.0,114503,6,0,0.11084682821805565,0.5182268069979786,1
7553,30,36037.0,salaried,556.0,34029.0,338393,12,0,0.7825128802804525,0.9442794905236285,1
7554,44,131668.0,salaried,546.0,5282.0,497024,18,1,0.31456896639021376,0.04011604945772701,1
7555,41,134229.0,salaried,721.0,19270.0,182418,18,0,0.1132504898345365,0.14356063145817968,0
7556,31,111342.0,salaried,607.0,21326.0,216453,12,0,0.16200310754252664,0.19153598821648615,0
7557,47,104928.0,contract,850.0,28964.0,382698,24,0,0.3039369853613907,0.27603690149435806,0
7558,36,43087.0,contract,799.0,21531.0,57439,36,0,0.11109112570690309,0.4997098892937545,1
7559,46,124844.0,salaried,679.0,45960.0,156082,36,0,0.10418468915873677,0.3681394380186473,0
7560,50,27803.0,self_employed,676.0,24354.0,283128,12,0,0.8486134589792469,0.8759486386361184,1
7561,36,81761.0,salaried,679.0,15983.0,315707,6,0,0.3217783132137164,0.19548439965264613,0
7562,27,143574.0,salaried,536.0,38639.0,394494,18,1,0.22897251591513784,0.26912254307883043,1
7563,36,93579.0,salaried,562.0,18162.0,479599,24,0,0.4270892329831836,0.1940820055781746,1
7564,55,51764.0,salaried,767.0,37528.0,136079,36,0,0.219069559281869,0.7249826133992736,1
7565,36,62055.0,self_employed,772.0,20744.0,125897,18,0,0.1690664195740338,0.3342841028120216,1
7566,60,66599.0,salaried,789.0,34748.0,150257,12,0,0.18801208226349744,0.5217495758194568,1
7567,32,97787.0,contract,801.0,28128.0,238709,18,0,0.20342598368562964,0.2876455970630043,0
7568,55,54720.0,salaried,769.0,24976.0,301521,36,0,0.459187682748538,0.4564327485380117,1
7569,41,108120.0,salaried,768.0,,420843,24,0,0.324364132445431,0.212606363300037,1
7570,56,142976.0,salaried,804.0,45832.0,450441,6,0,0.26253881770367055,0.3205572963294539,0
7571,37,129067.0,self_employed,745.0,20021.0,188411,6,0,0.12164935007915785,0.15512098367514546,0
7572,52,28219.0,salaried,677.0,23684.0,294735,18,1,0.8703798858924838,0.8392926751479499,1
7573,26,123508.0,self_employed,566.0,25790.0,308952,6,0,0.20845613239628202,0.20881238462285845,1
7574,44,105351.0,salaried,776.0,1147.0,374568,36,0,0.2962857495420072,0.010887414452639273,0
7575,47,63865.0,salaried,707.0,5550.0,291773,24,0,0.38071583287664085,0.08690205903076803,0
7576,40,69457.0,salaried,806.0,,77745,6,0,0.09327713549390271,0.34221172811955597,0
7577,45,105159.0,salaried,537.0,44908.0,394487,6,1,0.31261153744963976,0.4270485645546268,1
7578,22,108391.0,self_employed,618.0,35218.0,135565,12,1,0.10422528930753783,0.3249162753365132,1
7579,29,65400.0,salaried,525.0,7138.0,39538,6,0,0.05037971457696228,0.10914373088685016,1
7580,48,51258.0,salaried,505.0,47404.0,82785,6,1,0.1345887471224004,0.9248117367045144,1
7581,58,126466.0,salaried,773.0,16328.0,307626,36,0,0.20270665633450888,0.12910980026252114,0
7582,23,92264.0,salaried,732.0,39125.0,237433,6,0,0.21445074279603457,0.4240548859793636,1
7583,40,,self_employed,613.0,9065.0,21095,12,0,0.014190823693394793,0.07317742599514034,0
7584,26,26338.0,self_employed,633.0,,64482,12,0,0.20402080643936518,0.3251955349684866,0
7585,59,26675.0,self_employed,812.0,32079.0,316718,12,1,0.989434551702593,1.2025866916588566,1
7586,53,104606.0,salaried,677.0,1194.0,140684,6,0,0.1120745145275287,0.01141425922031241,0
7587,21,35080.0,salaried,524.0,39255.0,330055,18,0,0.7840531166856708,1.1190136830102622,1
7588,57,28936.0,self_employed,547.0,29533.0,70828,18,0,0.20397889595428992,1.0206317390102295,1
7589,26,25019.0,salaried,779.0,19865.0,93935,36,0,0.31287887871884035,0.7939965626124146,1
7590,54,103304.0,self_employed,842.0,45356.0,357237,18,0,0.2881761596840393,0.43905366684736313,0
7591,35,19486.0,self_employed,800.0,5615.0,82496,36,0,0.3528003010708543,0.2881555988915119,0
7592,46,97021.0,self_employed,798.0,40226.0,25501,36,0,0.02190333364254474,0.41461126972511103,0
7593,34,133411.0,salaried,571.0,15084.0,144289,12,0,0.09012812536697373,0.1130641401383694,0
7594,27,66697.0,contract,700.0,8016.0,256652,24,0,0.3206690955615195,0.12018531568136498,1
7595,51,70998.0,self_employed,825.0,31156.0,180732,36,0,0.21213273613341221,0.4388292627961351,0
7596,44,124537.0,self_employed,532.0,26725.0,326029,6,0,0.2181607340254971,0.21459485935906597,1
7597,51,112816.0,salaried,596.0,,327361,12,1,0.24181041105280573,0.30868848390299247,1
7598,49,41576.0,salaried,544.0,44072.0,292399,6,0,0.5860732954909884,1.0600346353665577,1
7599,52,123064.0,salaried,762.0,18801.0,207405,6,0,0.14044521549762726,0.15277416628746018,0
7600,37,96238.0,salaried,569.0,49277.0,145670,18,0,0.12613693828494635,0.5120326690080841,1
7601,34,140885.0,salaried,800.0,35600.0,306965,6,0,0.18156948338479376,0.25268836284913226,1
7602,60,80729.0,self_employed,792.0,37246.0,475725,36,0,0.49107198156796195,0.4613707589589862,1
7603,56,105853.0,salaried,717.0,22854.0,150865,6,0,0.1187692680730195,0.2159031864944782,0
7604,44,136992.0,salaried,706.0,37386.0,109988,6,1,0.06690658335279918,0.272906447091801,0
7605,47,44144.0,salaried,671.0,,71754,18,1,0.13545442189198986,0.3203606379122871,1
7606,45,140143.0,salaried,745.0,17393.0,363441,6,1,0.21611318439022997,0.1241089458624405,0
7607,52,92148.0,contract,755.0,3778.0,172623,36,0,0.15611027911620437,0.04099926205669141,0
7608,38,34307.0,self_employed,763.0,33709.0,34015,36,0,0.08262405145694271,0.9825691549829481,1
7609,38,75598.0,salaried,763.0,36371.0,105401,6,0,0.11618583384040142,0.48111061139183575,1
7610,57,106810.0,salaried,504.0,36748.0,280809,36,1,0.21908763224417188,0.34405018256717534,1
7611,46,117870.0,salaried,509.0,15318.0,234469,36,0,0.16576807782585334,0.1299567319928735,1
7612,29,87131.0,salaried,770.0,37136.0,370349,18,0,0.3542070751703374,0.4262088120186845,0
7613,55,109138.0,salaried,729.0,47068.0,153569,12,0,0.11725903596058812,0.43127050156682367,1
7614,28,118412.0,salaried,811.0,41461.0,475868,12,0,0.33489567498789535,0.35014187751241427,1
7615,40,49551.0,self_employed,554.0,44778.0,25850,24,1,0.043473727405434134,0.903675001513592,1
7616,42,57926.0,salaried,540.0,48614.0,349467,12,0,0.5027491972516659,0.839243172323309,1
7617,39,105214.0,salaried,637.0,32671.0,410092,6,0,0.32480785193351963,0.31051951261238997,0
7618,50,102750.0,self_employed,614.0,31970.0,333108,36,0,0.27016058394160586,0.31114355231143553,1
7619,48,53599.0,contract,562.0,1250.0,248150,12,1,0.3858125462539724,0.02332133062183996,1
7620,55,124490.0,contract,,43348.0,399755,18,1,0.2675951214287627,0.34820467507430314,1
7621,31,108330.0,self_employed,533.0,18703.0,120865,24,0,0.09297593772116065,0.17264838918120556,1
7622,51,37593.0,salaried,751.0,38678.0,235938,6,1,0.5230096028515947,1.0288617561780118,1
7623,59,124865.0,salaried,696.0,22922.0,245292,12,0,0.1637048011852801,0.1835742602010171,0
7624,56,147192.0,self_employed,751.0,,472884,36,0,0.26772514810587533,0.020089407032990923,0
7625,50,58638.0,self_employed,561.0,22722.0,232896,18,0,0.33097991063815274,0.3874961628977796,1
7626,43,20193.0,salaried,724.0,13894.0,279323,12,0,1.1527220654022021,0.6880602188877334,0
7627,39,30213.0,salaried,553.0,25772.0,119219,36,0,0.3288292015578283,0.8530102935822328,1
7628,32,94766.0,salaried,658.0,32754.0,111004,12,0,0.0976123644907808,0.3456302893442796,0
7629,35,44949.0,self_employed,793.0,36042.0,42755,6,0,0.07926576045444096,0.8018420876993927,1
7630,51,149599.0,salaried,524.0,25632.0,289457,24,0,0.16124049403182286,0.1713380437035007,1
7631,57,117433.0,self_employed,736.0,43218.0,147192,36,0,0.10445104868307886,0.36802261715190787,0
7632,57,40412.0,contract,820.0,29484.0,96524,24,0,0.19904153881685308,0.7295852717014748,1
7633,35,61545.0,self_employed,,47856.0,48965,24,0,0.06629972648739405,0.7775773824031197,1
7634,49,91519.0,salaried,727.0,,301343,18,0,0.27439019948498855,0.3913504299653624,1
7635,46,111093.0,salaried,677.0,34674.0,460600,36,0,0.34550631752975736,0.31211687505063324,1
7636,22,109324.0,salaried,654.0,2939.0,238277,18,1,0.1816290719939507,0.026883392484724305,1
7637,40,18768.0,self_employed,738.0,,197294,24,0,0.8760212418300654,1.627770673486786,1
7638,35,,salaried,642.0,11670.0,385041,6,1,1.9441801987396994,0.7071013087736306,1
7639,24,82986.0,salaried,,41500.0,414192,6,0,0.415925577808305,0.5000843515773745,1
7640,42,131721.0,salaried,784.0,29606.0,37133,12,0,0.023492204482707137,0.2247629459235809,0
7641,58,23002.0,salaried,504.0,14431.0,482307,12,0,1.7473371880706026,0.6273802278062777,1
7642,43,90427.0,contract,510.0,9049.0,469948,36,0,0.4330823021147813,0.10006966945713117,0
7643,46,53787.0,self_employed,,31693.0,303327,6,1,0.46995091750794804,0.5892315987134438,1
7644,31,28898.0,salaried,580.0,11028.0,125759,24,0,0.3626519713013588,0.38161810505917365,0
7645,48,95800.0,contract,532.0,39226.0,39399,6,0,0.03427192066805845,0.4094572025052192,1
7646,22,124023.0,self_employed,804.0,,162890,36,0,0.10944878503718396,0.27833547003378406,1
7647,28,141718.0,self_employed,658.0,29587.0,61228,12,0,0.03600342464142405,0.20877376197801267,0
7648,49,48743.0,self_employed,773.0,18050.0,219636,12,0,0.3755000718051823,0.37030958291446975,1
7649,31,145864.0,self_employed,614.0,1863.0,272208,18,1,0.15551472604618,0.01277217133768442,1
7650,57,31868.0,salaried,716.0,4461.0,128631,12,0,0.3363640642650935,0.13998368269110079,1
7651,38,17080.0,salaried,760.0,46904.0,483991,24,0,2.3613924668227946,2.746135831381733,1
7652,34,78271.0,self_employed,657.0,43373.0,496384,36,1,0.5284886271203042,0.5541388253631613,1
7653,30,92585.0,salaried,544.0,37980.0,228007,12,0,0.2052231282965203,0.4102176378463034,1
7654,55,,salaried,619.0,2118.0,405786,12,0,0.2430199716846213,0.015221312712455174,1
7655,29,30628.0,salaried,714.0,12613.0,244155,24,1,0.6643022724304558,0.41181272038657435,1
7656,55,,salaried,627.0,38394.0,209138,12,0,0.12373565258549284,0.27258785942492014,0
7657,31,143872.0,salaried,753.0,42309.0,381853,24,1,0.2211763465673191,0.29407389902135234,1
7658,32,,salaried,537.0,27467.0,135126,12,0,0.4100691915513474,1.0002549162418062,1
7659,23,18477.0,salaried,709.0,7358.0,35369,24,0,0.15951813966913822,0.39822482004654436,1
7660,59,17202.0,salaried,593.0,47317.0,298842,12,0,1.4477095686548076,2.750668526915475,1
7661,34,128846.0,contract,528.0,42030.0,336292,36,1,0.21750254826174917,0.3262033745711935,1
7662,48,104410.0,self_employed,663.0,18137.0,135279,18,1,0.10797097979120773,0.17370941480701083,0
7663,31,121753.0,salaried,636.0,26712.0,197619,18,0,0.13525950079258828,0.21939500464054273,1
7664,59,26850.0,salaried,522.0,28434.0,444851,6,0,1.380667287399131,1.0589944134078213,1
7665,45,148878.0,self_employed,630.0,29922.0,347259,18,0,0.1943755961256868,0.20098335549913351,1
7666,41,109368.0,self_employed,585.0,39128.0,442532,24,0,0.3371888181796016,0.3577646112208324,0
7667,30,15185.0,salaried,683.0,47404.0,183439,24,0,1.0066897157282406,3.121764899571946,1
7668,35,39718.0,contract,736.0,44447.0,196322,18,0,0.41190811890494655,1.1190644040485422,1
7669,39,33458.0,self_employed,683.0,45981.0,205757,24,0,0.5124758403570646,1.3742901548209696,1
7670,42,145293.0,self_employed,813.0,31572.0,449654,36,1,0.25790070180027025,0.21729883752142223,1
7671,41,137342.0,salaried,658.0,27517.0,396481,24,0,0.2405679495954139,0.20035386116410128,0
7672,52,91820.0,salaried,510.0,20649.0,208272,36,0,0.18902199956436505,0.22488564582879547,0
7673,43,119014.0,salaried,541.0,34156.0,169365,36,0,0.11858898953064345,0.28699144638445895,0
7674,33,96234.0,salaried,734.0,29927.0,142715,36,0,0.1235833142825474,0.3109815657667768,0
7675,25,144282.0,salaried,630.0,11591.0,163360,12,0,0.09435226385365696,0.0803357314148681,0
7676,24,24102.0,salaried,684.0,25832.0,483215,6,0,1.6707292617486793,1.0717782756617709,1
7677,48,82107.0,self_employed,513.0,45737.0,279994,24,1,0.2841759330304765,0.5570414215596722,1
7678,34,141328.0,salaried,801.0,20102.0,223382,12,0,0.13171605532284236,0.1422364994905468,0
7679,28,99079.0,salaried,753.0,6914.0,314653,6,0,0.2646482436574182,0.06978269865460895,0
7680,29,144169.0,contract,646.0,38289.0,424670,12,0,0.24547001551419978,0.2655841408347148,0
7681,55,109437.0,salaried,559.0,10875.0,147265,24,0,0.11213833834382643,0.09937224156363936,1
7682,57,94570.0,salaried,791.0,425.0,412030,36,0,0.3630732085580346,0.004494025589510416,0
7683,41,107656.0,salaried,659.0,,459071,12,0,0.3553533167372619,0.2842386861856283,0
7684,38,133301.0,contract,525.0,44984.0,432870,6,0,0.2706093727728974,0.337461834494865,1
7685,53,53795.0,self_employed,564.0,14743.0,212746,6,1,0.3295628466090405,0.2740589274096106,1
7686,28,66425.0,salaried,569.0,6918.0,45829,6,0,0.05749466817212395,0.10414753481369966,1
7687,37,72402.0,contract,,7008.0,342785,12,0,0.3945390550905592,0.09679290627330736,0
7688,51,118127.0,salaried,724.0,41176.0,336882,6,1,0.23765523546691272,0.3485739923980123,1
7689,54,64649.0,self_employed,652.0,39081.0,280536,18,0,0.3616142554409194,0.6045105106034123,1
7690,26,110117.0,salaried,539.0,8801.0,291125,6,0,0.2203149074771985,0.0799240807504745,1
7691,42,,salaried,645.0,12645.0,407228,6,0,0.3642885768674768,0.13574004895014813,1
7692,34,103340.0,salaried,597.0,32953.0,424475,12,1,0.34229646474421005,0.3188794271337333,1
7693,23,45568.0,salaried,747.0,25300.0,187393,24,0,0.3426984579822097,0.5552141853932584,1
7694,32,,self_employed,511.0,13157.0,393089,12,1,1.3699153841864615,0.5502258280361325,1
7695,56,65426.0,salaried,523.0,9015.0,454988,12,0,0.5795198646817269,0.13778925809311282,1
7696,32,125363.0,salaried,724.0,10169.0,181452,18,1,0.12061772612333782,0.08111643786444166,1
7697,22,17355.0,self_employed,744.0,16273.0,55348,24,0,0.2657639489100163,0.937654854508787,1
7698,22,111429.0,salaried,670.0,45734.0,242715,12,0,0.1815169300630895,0.4104317547496612,0
7699,35,126151.0,salaried,531.0,28465.0,437765,18,0,0.2891805587483783,0.2256422858320584,0
7700,43,53526.0,self_employed,613.0,17568.0,315316,12,0,0.49090784540846194,0.3282143257482345,1
7701,49,33088.0,contract,708.0,24759.0,375003,18,0,0.9444587161508704,0.7482773210831721,1
7702,37,80377.0,salaried,802.0,19992.0,290288,36,0,0.30096503560305393,0.24872786991303483,1
7703,52,76788.0,salaried,534.0,,301372,6,0,0.3270606518379608,0.18853206230140127,1
7704,27,,salaried,704.0,,87872,6,0,0.11006728895168523,0.549143982323498,1
7705,50,127833.0,salaried,765.0,9811.0,191686,12,0,0.12495860484642723,0.07674857040044433,0
7706,48,118578.0,salaried,564.0,37094.0,34013,18,1,0.023903394109081506,0.31282362664237884,1
7707,34,54177.0,salaried,597.0,,478841,36,1,0.7365379527597812,0.4433431160824704,1
7708,50,131903.0,self_employed,684.0,16262.0,181068,6,0,0.11439466880965558,0.12328756737905885,0
7709,37,54056.0,salaried,737.0,2435.0,443353,12,0,0.6834779364609541,0.04504587834837946,0
7710,52,81421.0,self_employed,765.0,734.0,403560,12,0,0.4130384053254075,0.009014873312781715,0
7711,26,,salaried,731.0,32925.0,488561,18,1,0.7445079394105635,0.6020846667276218,1
7712,44,83590.0,salaried,608.0,38072.0,50080,24,0,0.0499262272201619,0.4554611795669338,1
7713,26,23977.0,salaried,677.0,49146.0,203818,12,1,0.7083802532982998,2.049714309546649,1
7714,47,105568.0,salaried,748.0,32759.0,95253,36,0,0.0751908722340103,0.31031183692027886,1
7715,38,63967.0,salaried,823.0,7764.0,264693,36,0,0.3448301467944409,0.12137508402770178,1
7716,44,,self_employed,504.0,17459.0,230168,24,1,0.21533890186216395,0.1960099694629064,1
7717,57,36500.0,self_employed,656.0,5122.0,373951,36,0,0.853769406392694,0.14032876712328768,1
7718,44,130475.0,self_employed,729.0,47180.0,310410,18,0,0.1982563709522897,0.3616018394328415,0
7719,58,25011.0,salaried,615.0,30342.0,122345,12,0,0.4076373062519158,1.2131462156651074,1
7720,54,110335.0,salaried,760.0,42821.0,445904,18,0,0.33678041117203666,0.3880998776453528,1
7721,60,15814.0,self_employed,815.0,40958.0,64122,24,1,0.33789680030352853,2.589983558871886,1
7722,35,35150.0,salaried,820.0,23135.0,110864,24,0,0.26283546704599337,0.6581792318634424,1
7723,31,18825.0,self_employed,626.0,,151787,18,0,0.6719212040725985,0.15745019920318726,1
7724,42,65368.0,self_employed,527.0,25464.0,394685,6,0,0.5031577632276751,0.38954840288826337,1
7725,44,90535.0,self_employed,,13578.0,428379,24,0,0.3943033081128845,0.14997514773292098,1
7726,21,101390.0,salaried,727.0,46385.0,432041,12,0,0.35509830029259953,0.45749087681230893,1
7727,38,120076.0,contract,628.0,24406.0,241131,24,0,0.1673460974716013,0.2032546054165695,0
7728,32,72899.0,self_employed,,37893.0,400261,18,0,0.4575520011705693,0.5198013690174077,1
7729,48,37601.0,salaried,678.0,1133.0,58036,18,0,0.12862246571456432,0.030132177335709158,0
7730,60,138355.0,self_employed,663.0,,143354,36,0,0.08634430751809957,0.2674713599074844,0
7731,27,106450.0,salaried,659.0,5786.0,203045,6,0,0.15895177704712699,0.054354156881164864,0
7732,43,143424.0,salaried,819.0,28878.0,330949,18,0,0.19229057433437455,0.20134705488621152,0
7733,41,140451.0,self_employed,787.0,41125.0,437660,36,0,0.25967537907645133,0.29280674398900686,1
7734,54,81097.0,salaried,764.0,14595.0,242835,36,0,0.24953142533016018,0.17996966595558406,1
7735,31,81741.0,salaried,796.0,22477.0,411609,12,0,0.4196272372493608,0.2749782850711393,1
7736,42,76377.0,salaried,524.0,11948.0,75303,36,0,0.08216151459208924,0.15643452871937888,0
7737,55,60161.0,salaried,644.0,45468.0,436996,6,0,0.6053146279705014,0.7557720117684213,1
7738,49,27987.0,salaried,,11403.0,390757,12,0,1.1635074617977395,0.40743916818522885,1
7739,48,20239.0,contract,507.0,42935.0,393438,18,0,1.6199664015020505,2.121399278620485,1
7740,38,59785.0,salaried,813.0,39079.0,167105,18,0,0.23292492542722534,0.6536589445513089,1
7741,34,38358.0,self_employed,608.0,35923.0,228560,36,0,0.4965500460573196,0.9365191094426195,1
7742,38,129759.0,self_employed,628.0,16804.0,128583,24,0,0.08257808706910504,0.12950161453155465,0
7743,48,24096.0,salaried,501.0,9921.0,432501,6,0,1.4957565571049136,0.4117280876494024,1
7744,44,62582.0,salaried,509.0,35603.0,137788,6,1,0.18347661201836524,0.5689016010993576,1
7745,28,126595.0,salaried,846.0,2085.0,498728,36,0,0.3282962728912411,0.01646984478059955,0
7746,28,116494.0,contract,616.0,39837.0,408679,6,0,0.2923462438694983,0.341966109842567,1
7747,24,84484.0,salaried,818.0,23854.0,437974,12,0,0.43200882218329306,0.2823493205814119,0
7748,47,16287.0,salaried,510.0,35153.0,180682,36,0,0.9244694132334582,2.1583471480321728,1
7749,56,38902.0,contract,595.0,26353.0,239657,24,0,0.5133776326838381,0.6774201840522338,1
7750,25,71188.0,self_employed,592.0,,452816,18,0,0.5300706111516922,0.26354160813620275,1
7751,53,127894.0,self_employed,601.0,28870.0,62582,6,0,0.04077725825032188,0.22573381081207874,1
7752,54,96204.0,contract,597.0,12292.0,380531,18,1,0.3296216027053622,0.12777015508710657,1
7753,50,147844.0,salaried,781.0,1455.0,347052,24,0,0.19561835448175102,0.009841454506101025,0
7754,28,141800.0,self_employed,794.0,13682.0,102005,24,0,0.05994652092148566,0.09648801128349789,0
7755,59,73293.0,salaried,847.0,13182.0,423150,12,1,0.48111688701513106,0.17985346486021858,1
7756,46,22213.0,salaried,655.0,,135998,24,0,0.5102042347574244,0.08508531040381759,1
7757,57,29941.0,salaried,644.0,47206.0,67647,24,0,0.1882786146087305,1.5766340469590194,1
7758,54,110881.0,salaried,710.0,41609.0,29132,6,0,0.021894343184735588,0.3752581596486323,1
7759,27,41855.0,salaried,654.0,35196.0,168492,18,0,0.3354676860590133,0.8409031179070601,1
7760,60,,salaried,741.0,6209.0,103320,6,0,0.06296667373609577,0.04540767447472923,0
7761,48,16046.0,salaried,,29250.0,56248,6,0,0.292118492666916,1.822884207902281,1
7762,59,29909.0,salaried,822.0,31635.0,73972,36,0,0.20610295674657572,1.0577083820923467,1
7763,59,131853.0,self_employed,674.0,40816.0,80355,36,0,0.0507857234951044,0.30955685498244256,1
7764,48,109135.0,salaried,610.0,7282.0,254089,12,1,0.1940173485438524,0.06672469876758144,0
7765,34,86255.0,salaried,517.0,39961.0,337454,12,0,0.32602361215774933,0.4632890846907426,1
7766,58,121378.0,self_employed,790.0,15918.0,277855,24,0,0.19076425162165575,0.13114402939577188,0
7767,24,25352.0,salaried,773.0,10446.0,217332,12,0,0.7143815083622594,0.41203849794887976,1
7768,38,111421.0,contract,737.0,16456.0,315099,12,0,0.23566697480726254,0.14769208676999848,1
7769,45,95539.0,self_employed,697.0,29954.0,239369,24,0,0.2087882086547553,0.31352641329718756,1
7770,27,24223.0,salaried,661.0,3457.0,83348,18,0,0.28673849922250205,0.14271560087520124,1
7771,58,93254.0,contract,699.0,16296.0,336126,24,0,0.30036781264074464,0.17474853625581743,1
7772,48,81851.0,self_employed,733.0,36853.0,55540,24,0,0.0565458373548684,0.4502449573004606,0
7773,25,65044.0,salaried,839.0,43037.0,150188,18,0,0.19241846544902938,0.6616597995203247,1
7774,23,105218.0,self_employed,542.0,40356.0,383028,24,1,0.30336064171529586,0.383546541466289,1
7775,51,100000.0,self_employed,581.0,25602.0,466068,36,0,0.38839,0.25602,1
7776,40,122240.0,salaried,526.0,46600.0,39323,12,0,0.026807237129144852,0.381217277486911,1
7777,39,46028.0,self_employed,803.0,29192.0,217746,24,0,0.3942274267836969,0.6342226470843835,1
7778,31,62953.0,salaried,568.0,15223.0,289355,6,0,0.3830304618789679,0.24181532254221402,1
7779,60,72965.0,contract,698.0,20880.0,339691,12,0,0.3879611229128121,0.28616459946549716,1
7780,23,84776.0,self_employed,715.0,38551.0,240632,36,0,0.23653707024000503,0.45473954892894214,0
7781,43,46459.0,self_employed,623.0,30663.0,269140,36,0,0.4827554044067529,0.6600012914612885,1
7782,27,105932.0,salaried,515.0,10228.0,67003,24,1,0.05270912786819217,0.09655250538081032,1
7783,43,97331.0,salaried,625.0,4749.0,267105,18,0,0.22869126999619854,0.04879226556801019,0
7784,27,82982.0,self_employed,513.0,5045.0,314292,6,0,0.31562266515629894,0.060796317273625604,1
7785,54,149418.0,self_employed,538.0,,438152,24,0,0.24436591753782455,0.22497289483194796,1
7786,39,,contract,698.0,26071.0,410269,18,0,0.2634529781490243,0.2008969508295254,0
7787,29,55517.0,contract,607.0,34163.0,135831,36,1,0.20388799827079992,0.6153610605760398,1
7788,38,84678.0,salaried,767.0,22958.0,380661,12,0,0.37461619310800914,0.27112118850232647,1
7789,45,127491.0,self_employed,810.0,16922.0,365912,36,0,0.23917505287954965,0.13273093787012416,0
7790,34,87623.0,salaried,539.0,27995.0,211798,24,0,0.20142922900760454,0.31949374022802235,1
7791,45,112409.0,salaried,846.0,30177.0,266401,18,1,0.19749382463444504,0.26845715200740156,1
7792,39,63575.0,salaried,768.0,30426.0,86141,24,0,0.11291257045484336,0.4785843491938655,1
7793,59,123501.0,self_employed,568.0,14113.0,166496,36,0,0.1123445694096944,0.11427437834511461,1
7794,35,60039.0,contract,651.0,10386.0,429965,6,0,0.5967857004058473,0.17298755808724328,1
7795,36,95260.0,salaried,686.0,901.0,103148,36,0,0.09023374623836518,0.00945832458534537,0
7796,47,70871.0,salaried,740.0,25245.0,53666,24,0,0.06310291468536731,0.356210579785808,1
7797,60,135773.0,contract,726.0,18267.0,48858,18,0,0.029987552753492963,0.13454074079529804,0
7798,30,75693.0,salaried,,8331.0,456947,24,0,0.5030705173089541,0.11006301771630138,1
7799,24,46433.0,salaried,766.0,10860.0,47640,12,0,0.08549953696724312,0.23388538324036784,1
7800,39,89797.0,salaried,617.0,11110.0,268510,12,0,0.24918241515121142,0.12372350969408778,0
7801,48,30804.0,self_employed,816.0,20543.0,434980,18,0,1.1767411158723975,0.6668939098818335,1
7802,41,60101.0,contract,791.0,42254.0,330081,36,0,0.4576754130546913,0.703049866058801,1
7803,34,93363.0,salaried,721.0,30393.0,36473,24,0,0.03255483078592876,0.32553581183123936,1
7804,53,122904.0,salaried,562.0,11074.0,280852,12,0,0.1904277593351993,0.0901028444965176,0
7805,30,59700.0,salaried,504.0,29702.0,201212,6,0,0.2808654383026242,0.4975209380234506,1
7806,39,129952.0,salaried,833.0,17800.0,338353,12,0,0.2169730618484774,0.13697365180989904,0
7807,50,92576.0,salaried,791.0,11264.0,481192,36,1,0.4331504205553635,0.12167300380228137,1
7808,42,34477.0,contract,644.0,44292.0,426677,18,0,1.0313083118214075,1.2846825419845114,1
7809,23,,self_employed,649.0,21347.0,280507,6,1,0.75097450230775,0.6858033218748996,1
7810,57,41049.0,contract,658.0,21505.0,156635,24,0,0.31798379172858454,0.52388608735901,1
7811,38,27473.0,contract,768.0,35350.0,31403,24,1,0.09525412829565998,1.2867178684526626,1
7812,31,76836.0,salaried,818.0,16742.0,495428,18,0,0.5373219150745311,0.21789265448487688,1
7813,22,57464.0,salaried,510.0,1500.0,308209,6,0,0.4469595456865748,0.026103299457051372,1
7814,32,28714.0,salaried,568.0,40887.0,461590,6,0,1.3396194655336537,1.423939541686982,1
7815,26,,salaried,691.0,30117.0,227969,6,0,0.2503679151620584,0.39691346635388386,1
7816,60,112481.0,salaried,601.0,,499401,18,0,0.36998915372374,0.007236777766911745,1
7817,49,56514.0,salaried,531.0,41555.0,287573,18,0,0.42404389472814996,0.7353045263120642,1
7818,50,111988.0,salaried,701.0,14539.0,340937,24,0,0.25370054529651986,0.12982640997249706,1
7819,22,20136.0,salaried,765.0,37834.0,29282,12,1,0.1211842802277844,1.8789233214143821,1
7820,29,113115.0,salaried,607.0,11187.0,75351,36,0,0.055512089466472174,0.09889935021880387,1
7821,22,46516.0,salaried,553.0,6086.0,359501,24,0,0.6440454180640354,0.13083670135007308,1
7822,49,91982.0,salaried,837.0,39062.0,412708,6,0,0.37390286505330755,0.42467004413907067,0
7823,53,60099.0,salaried,689.0,11510.0,464983,12,0,0.6447458915012452,0.19151732973926355,1
7824,30,105060.0,self_employed,,14129.0,159414,36,0,0.12644679230915667,0.13448505615838569,0
7825,54,28188.0,salaried,842.0,34832.0,165725,6,1,0.4899395723948725,1.2357031360862778,1
7826,28,126073.0,self_employed,837.0,14200.0,215724,18,1,0.14259199035479445,0.11263315698047956,0
7827,57,66188.0,salaried,790.0,26113.0,25434,12,1,0.03202242098265547,0.3945277089502629,1
7828,53,139077.0,salaried,822.0,40132.0,479735,18,0,0.2874516754507695,0.28855957491173956,1
7829,26,20560.0,salaried,820.0,30141.0,480571,36,0,1.9478396562905318,1.4660019455252917,1
7830,60,123763.0,salaried,772.0,34132.0,365040,36,1,0.24579236120649953,0.275785170042743,1
7831,39,138651.0,salaried,541.0,43788.0,402981,6,1,0.2422034460624157,0.31581452712205466,1
7832,52,53082.0,self_employed,697.0,16650.0,288604,18,0,0.4530788842419904,0.3136656493726687,1
7833,47,56430.0,salaried,620.0,13408.0,427132,24,0,0.63076968515565,0.23760411128832182,1
7834,21,55397.0,salaried,833.0,13594.0,235563,24,0,0.35435583154322436,0.24539234976623284,1
7835,53,144189.0,salaried,783.0,42230.0,422594,18,0,0.24423615301213453,0.2928794845653968,0
7836,60,40247.0,salaried,794.0,8226.0,122205,36,0,0.2530312818346709,0.20438790468854823,0
7837,52,56986.0,self_employed,681.0,37649.0,351119,12,0,0.5134579838322862,0.6606710420103183,0
7838,25,59514.0,self_employed,599.0,32212.0,47140,18,0,0.06600687793348343,0.5412507981315321,1
7839,37,82008.0,salaried,510.0,67.0,338529,6,0,0.3439999756121354,0.0008169934640522876,1
7840,28,62367.0,salaried,732.0,16572.0,389987,24,0,0.5210915494839685,0.2657174467266343,1
7841,54,85408.0,salaried,616.0,45663.0,36213,6,0,0.03533334113900337,0.5346454664668415,1
7842,29,58341.0,salaried,563.0,49834.0,377568,12,0,0.5393119761402787,0.854184878558818,1
7843,43,124786.0,salaried,675.0,13232.0,320396,24,0,0.21396363908344418,0.10603753626208068,1
7844,55,19753.0,salaried,582.0,11146.0,76689,24,1,0.32353313420746216,0.5642687186756442,1
7845,27,16833.0,salaried,501.0,35906.0,383855,24,0,1.9003099071268739,2.133071942018654,1
7846,35,23645.0,salaried,798.0,46002.0,391265,6,1,1.3789560865581165,1.9455275956861915,1
7847,40,130428.0,salaried,,42291.0,310472,36,0,0.1983674262172744,0.3242478608887662,0
7848,45,,salaried,741.0,3190.0,143546,6,0,0.10778960204967396,0.028744694846679943,0
7849,23,55024.0,salaried,796.0,33620.0,391844,36,0,0.5934440728894058,0.6110061064262867,1
7850,44,123853.0,salaried,559.0,16042.0,459125,18,0,0.30891796457628534,0.12952451696769557,1
7851,54,24940.0,salaried,702.0,7353.0,111276,24,0,0.3718123496391339,0.29482758620689653,1
7852,42,50169.0,salaried,539.0,29645.0,83823,6,0,0.13923438776933963,0.5909027487093623,1
7853,31,93647.0,salaried,814.0,23621.0,287097,12,0,0.2554780185163433,0.25223445492114005,1
7854,28,60200.0,salaried,544.0,27634.0,483346,12,0,0.6690836101882613,0.45903654485049833,1
7855,59,98682.0,self_employed,797.0,25332.0,290984,36,0,0.24572532646953513,0.2567033501550435,0
7856,55,48677.0,salaried,618.0,44956.0,131391,36,0,0.22493682848162377,0.9235573268689525,1
7857,58,38022.0,self_employed,630.0,42267.0,352626,24,0,0.7728551891010468,1.1116458892220293,1
7858,28,15530.0,salaried,779.0,13930.0,225859,36,1,1.2119499892680832,0.896973599484868,1
7859,57,24551.0,self_employed,549.0,30641.0,479739,12,0,1.6283756262474034,1.2480550690399577,1
7860,47,43394.0,salaried,587.0,2595.0,104110,6,0,0.19993163417369528,0.05980089413282942,1
7861,48,57987.0,contract,520.0,21851.0,278696,6,0,0.400515057972764,0.3768258402745443,1
7862,60,83096.0,self_employed,731.0,1218.0,450607,36,0,0.4518939940951831,0.014657745258496196,1
7863,54,99097.0,salaried,542.0,22283.0,365849,36,0,0.30765226663437506,0.22486049022674753,1
7864,52,85639.0,salaried,522.0,8675.0,29719,12,0,0.028918872632017343,0.1012973061338876,1
7865,35,17781.0,salaried,715.0,21067.0,288293,18,1,1.351128545451137,1.1848040042742254,1
7866,37,32330.0,contract,776.0,23831.0,245863,6,0,0.6337328590576348,0.737117228580266,1
7867,53,20257.0,salaried,693.0,24384.0,207040,36,0,0.8517220384722977,1.2037320432443106,1
7868,36,73642.0,salaried,714.0,40527.0,327423,24,1,0.370512071915483,0.550324543059667,1
7869,49,66663.0,salaried,678.0,28564.0,152973,36,0,0.19122676747221098,0.42848356659616277,0
7870,29,49956.0,salaried,642.0,11741.0,169859,36,0,0.2833476792911095,0.2350268236047722,1
7871,53,30615.0,salaried,813.0,16665.0,367049,6,0,0.9990990255321466,0.5443410093091622,1
7872,49,15881.0,salaried,525.0,41589.0,382298,36,1,2.0060554541065843,2.6187897487563756,1
7873,33,147919.0,salaried,717.0,35234.0,373263,24,0,0.21028569690168267,0.23819793265233,0
7874,41,,salaried,558.0,28894.0,90691,24,0,0.05546239557724532,0.21204271089421348,1
7875,41,102646.0,self_employed,845.0,36943.0,438337,24,0,0.3558646545733232,0.35990686436880154,0
7876,25,142148.0,self_employed,544.0,37689.0,419233,12,0,0.24577259851234864,0.26513915074429467,0
7877,30,52336.0,salaried,723.0,43689.0,110636,24,0,0.17616299806379293,0.8347791195353103,1
7878,26,96850.0,self_employed,849.0,39324.0,32202,6,0,0.027707795560144553,0.40602994321115127,0
7879,33,110654.0,salaried,755.0,28040.0,488681,18,0,0.36802480404383636,0.25340249787626296,0
7880,21,37966.0,salaried,609.0,2936.0,348760,36,0,0.7655094909480412,0.07733234999736606,0
7881,40,26320.0,self_employed,819.0,25927.0,284165,36,0,0.8997118794326241,0.9850683890577507,1
7882,28,80125.0,self_employed,839.0,13514.0,469542,36,0,0.48834321372854916,0.16866146645865834,1
7883,30,132296.0,self_employed,749.0,43265.0,258906,24,0,0.16308505170224347,0.3270318074620548,0
7884,29,140355.0,salaried,576.0,44398.0,128654,24,1,0.07638606865923314,0.3163264579102989,0
7885,23,26780.0,salaried,782.0,23697.0,162451,24,0,0.5055109534478467,0.8848767737117251,1
7886,31,91230.0,salaried,586.0,25412.0,389970,18,0,0.35621506083525156,0.27854872300778255,1
7887,32,127696.0,salaried,749.0,6139.0,413986,18,0,0.2701637743808211,0.04807511590026312,0
7888,30,121075.0,salaried,707.0,46520.0,142868,18,1,0.09833298919402574,0.38422465413999585,1
7889,45,148001.0,salaried,,14098.0,238778,18,0,0.1344461636520474,0.09525611313437071,0
7890,45,110153.0,salaried,511.0,10258.0,29933,18,0,0.02264501799012888,0.0931250170217788,0
7891,31,134522.0,salaried,724.0,19385.0,311125,36,1,0.1927348934251151,0.14410282333001292,0
7892,56,113415.0,salaried,800.0,38767.0,163453,36,1,0.12009948713427089,0.3418154565092801,1
7893,59,124715.0,salaried,531.0,5074.0,158431,18,0,0.10586203209985433,0.040684761255662914,1
7894,46,137636.0,salaried,553.0,25008.0,76097,36,0,0.04607382274017457,0.1816966491324944,0
7895,34,130402.0,salaried,741.0,21932.0,174902,18,1,0.11177103623155064,0.1681876044845938,0
7896,59,139281.0,salaried,614.0,20731.0,264271,18,0,0.15811620632629958,0.14884298648056807,1
7897,60,26116.0,self_employed,787.0,38887.0,66134,18,0,0.2110264461122173,1.4890105682340329,1
7898,21,98301.0,salaried,603.0,13083.0,196144,36,0,0.16627840340722203,0.13309121982482375,0
7899,24,38867.0,self_employed,810.0,11825.0,111470,12,0,0.23899880790044684,0.30424267373350145,1
7900,50,124507.0,salaried,796.0,7050.0,227933,12,0,0.15255701821316606,0.056623322383480446,0
7901,32,16208.0,salaried,626.0,22326.0,424204,12,0,2.181042283645936,1.3774679170779862,1
7902,55,80572.0,salaried,539.0,31368.0,316508,6,0,0.3273552433434278,0.3893163878270367,0
7903,33,98748.0,salaried,571.0,11149.0,243164,12,0,0.20520584383143625,0.1129035524770122,0
7904,51,100261.0,salaried,734.0,43745.0,356427,12,1,0.296249289354784,0.4363112276957142,1
7905,58,,salaried,746.0,8412.0,271206,12,0,0.2631545241782425,0.0979472072470687,0
7906,43,47171.0,salaried,793.0,26736.0,490908,24,0,0.8672489453265778,0.5667889169192937,1
7907,24,43517.0,salaried,746.0,48276.0,279199,18,0,0.5346550390268937,1.1093595606314774,1
7908,36,42648.0,self_employed,811.0,21039.0,31763,36,0,0.0620642624898393,0.4933173888576252,1
7909,27,84654.0,salaried,533.0,21561.0,244243,24,0,0.24043262377836055,0.2546955843787653,1
7910,42,32910.0,salaried,628.0,26820.0,319266,18,0,0.8084320875113947,0.8149498632634458,1
7911,49,64647.0,self_employed,509.0,20192.0,407784,12,0,0.5256547094219376,0.3123424134143889,1
7912,31,15424.0,self_employed,667.0,40642.0,495970,12,0,2.679644277316736,2.634984439834025,1
7913,53,41641.0,contract,771.0,48145.0,62607,24,0,0.12529117936648976,1.1561922144040728,1
7914,49,137416.0,salaried,715.0,49931.0,391699,36,0,0.23753844773049232,0.3633565232578448,0
7915,59,49001.0,self_employed,739.0,40653.0,225666,24,0,0.3837778820840391,0.8296361298749005,1
7916,32,29546.0,self_employed,513.0,37499.0,249351,24,0,0.7032847085899953,1.2691734921816828,1
7917,27,16304.0,salaried,589.0,47780.0,364967,18,0,1.8654266846581615,2.930569185475957,1
7918,59,137722.0,salaried,517.0,31379.0,47033,6,0,0.028458900296733033,0.22784304613641976,1
7919,46,127448.0,contract,839.0,24339.0,393623,36,0,0.25737490322850626,0.19097200426840752,1
7920,60,97368.0,contract,668.0,40334.0,462510,36,0,0.3958436036480158,0.4142428724016104,1
7921,29,,salaried,555.0,35048.0,402852,24,0,0.3249005584213226,0.3391949829183079,0
7922,54,25022.0,salaried,663.0,14360.0,133036,24,0,0.443063437508326,0.5738949724242667,0
7923,33,92354.0,self_employed,651.0,30096.0,121090,12,0,0.10926254773299839,0.3258765186131624,1
7924,56,135045.0,salaried,589.0,32038.0,498526,24,1,0.3076295555802387,0.23723943870561665,0
7925,45,84498.0,salaried,784.0,40887.0,80039,18,0,0.0789357933521109,0.48388127529645675,0
7926,44,138780.0,contract,521.0,3508.0,215529,12,0,0.1294188643896815,0.02527741749531633,0
7927,37,49307.0,self_employed,766.0,2118.0,125249,6,0,0.21168224930875265,0.04295536130772507,0
7928,22,134645.0,contract,796.0,45015.0,22759,18,1,0.014085805884610147,0.3343235916669761,1
7929,33,18244.0,salaried,745.0,14360.0,342837,36,0,1.5659805963604472,0.7871080903310678,1
7930,51,40090.0,salaried,638.0,36213.0,228689,36,0,0.4753658435187495,0.9032925916687453,1
7931,49,79277.0,contract,551.0,,486571,18,0,0.5114671762722269,0.4031055665577658,1
7932,48,,salaried,566.0,31260.0,441525,24,0,0.29072408915999653,0.24699942319392537,0
7933,47,114895.0,self_employed,584.0,,262778,24,0,0.19059286014767107,0.30972627181339485,1
7934,35,137641.0,salaried,749.0,27907.0,95449,24,0,0.057788619185659314,0.20275208695083588,1
7935,51,22855.0,salaried,830.0,49828.0,449137,36,0,1.6376321738496318,2.180179391817983,1
7936,60,,salaried,622.0,,394138,18,0,0.2380698689745318,0.31241709733769196,0
7937,35,131815.0,salaried,701.0,9605.0,383279,24,1,0.24230866492179695,0.07286727610666464,1
7938,53,147673.0,salaried,505.0,6363.0,305040,12,1,0.1721370866712263,0.04308844541656227,0
7939,40,126113.0,salaried,836.0,25481.0,290793,36,0,0.19215108672381118,0.20204895609493073,1
7940,32,65374.0,salaried,698.0,38155.0,345650,18,0,0.440605847380712,0.583641814788754,1
7941,57,27521.0,salaried,723.0,46573.0,340764,18,0,1.0318302387267904,1.6922713564187348,1
7942,29,115146.0,self_employed,512.0,22133.0,355211,18,0,0.25707290454437554,0.1922168377538082,1
7943,43,73933.0,salaried,505.0,46145.0,107232,18,1,0.12086618965820405,0.6241461864120217,1
7944,28,86101.0,self_employed,620.0,22720.0,240437,6,0,0.23270829219947117,0.2638761454570795,1
7945,52,58856.0,salaried,544.0,27967.0,361648,12,0,0.5120520139549636,0.47517670246024196,1
7946,34,52256.0,salaried,525.0,48674.0,59970,6,0,0.0956349510104103,0.931452847519902,1
7947,47,72352.0,salaried,503.0,12183.0,391955,24,0,0.45144455808639244,0.16838511720477664,1
7948,45,136638.0,self_employed,792.0,10414.0,349288,6,0,0.21302517113345726,0.07621598676795621,0
7949,33,16927.0,salaried,776.0,111.0,449878,6,0,2.214794903605679,0.0065575707449636676,1
7950,41,23301.0,salaried,783.0,3379.0,256164,36,1,0.9161409381571607,0.14501523539762243,1
7951,51,101849.0,salaried,709.0,3151.0,70248,18,0,0.057477245726516704,0.03093795717189172,1
7952,57,83759.0,contract,787.0,40413.0,331922,6,0,0.3302351588088046,0.48249143375637243,0
7953,25,103047.0,contract,680.0,8604.0,183149,18,0,0.14811121785851764,0.08349588052053918,1
7954,33,101991.0,salaried,752.0,45028.0,467085,12,0,0.381639066192115,0.44148993538645565,1
7955,48,78058.0,salaried,781.0,2651.0,312007,6,0,0.33309312733266716,0.03396192574752108,0
7956,45,45341.0,contract,644.0,29631.0,442615,36,0,0.8134929386941914,0.6535144791689641,1
7957,55,122845.0,salaried,615.0,16308.0,105331,36,0,0.07145250790291288,0.13275265578574627,0
7958,59,114878.0,salaried,848.0,24761.0,480896,24,0,0.34884544183104393,0.21554170511325058,0
7959,27,70820.0,salaried,529.0,9768.0,414115,6,0,0.48728584204085473,0.13792713922620728,1
7960,58,59791.0,contract,741.0,3158.0,413086,12,0,0.5757360360812386,0.05281731364252145,0
7961,52,18255.0,self_employed,504.0,23775.0,217305,18,0,0.991988496302383,1.3023829087921117,1
7962,23,,salaried,761.0,36845.0,402912,6,0,1.6835138387484958,1.8474227837946249,1
7963,59,45497.0,salaried,605.0,32818.0,457106,24,1,0.8372456792022918,0.7213222849858233,1
7964,57,42723.0,contract,623.0,15485.0,105975,36,0,0.20670950073730776,0.36245113873089435,0
7965,42,26845.0,salaried,825.0,45410.0,191071,6,0,0.593130316011672,1.6915626746135222,1
7966,28,104833.0,salaried,637.0,47466.0,114303,24,0,0.0908611792088369,0.4527772743315559,0
7967,37,108039.0,salaried,605.0,31255.0,64577,12,0,0.04980994517411922,0.28929368098557,1
7968,47,70569.0,self_employed,712.0,21787.0,465808,18,0,0.5500621141483276,0.3087332964899602,1
7969,53,96434.0,salaried,799.0,24611.0,449400,12,1,0.38834850778770974,0.25521081776137045,1
7970,37,15744.0,self_employed,555.0,24852.0,489994,12,0,2.593548865176152,1.5785060975609757,1
7971,32,67082.0,salaried,631.0,38583.0,382937,18,0,0.47570759170368604,0.5751617423451895,0
7972,47,91407.0,salaried,768.0,48793.0,26594,6,0,0.02424504323155411,0.5337993807914054,1
7973,28,94072.0,salaried,621.0,7153.0,460198,18,0,0.4076646965444907,0.07603750318904669,1
7974,43,79766.0,self_employed,701.0,39093.0,26377,24,0,0.027556644852861287,0.4900960308903543,0
7975,49,80711.0,salaried,707.0,5931.0,476354,12,1,0.49183093589060556,0.07348440732985591,1
7976,40,18217.0,salaried,774.0,27040.0,271879,18,0,1.2437055131653583,1.484327825657353,1
7977,36,127000.0,salaried,589.0,48793.0,299320,36,0,0.19640419947506563,0.3841968503937008,0
7978,37,68509.0,self_employed,689.0,17272.0,177723,18,1,0.2161796260345356,0.25211286108394515,1
7979,36,37357.0,self_employed,764.0,,146423,18,0,0.3266299934862721,0.010787804159862944,0
7980,39,57354.0,salaried,545.0,12801.0,470116,24,0,0.6830619195406307,0.22319280259441365,1
7981,28,53570.0,salaried,811.0,40744.0,332218,12,0,0.5167973368178707,0.7605749486652977,1
7982,58,22034.0,salaried,829.0,27064.0,283625,24,1,1.0726793440440532,1.2282835617681764,1
7983,58,31263.0,salaried,539.0,3985.0,338283,24,0,0.9017128874388255,0.1274669737389246,1
7984,49,90348.0,contract,566.0,16260.0,453489,36,0,0.41827987337849204,0.17997077965201222,1
7985,56,100275.0,salaried,612.0,29941.0,28933,24,0,0.024044710379788913,0.2985888805784094,0
7986,46,34575.0,salaried,838.0,27615.0,278951,24,0,0.6723330923114004,0.7986984815618221,1
7987,51,37231.0,salaried,,29741.0,235025,36,1,0.5260513192411341,0.7988235610109855,1
7988,32,91935.0,salaried,726.0,6549.0,119749,6,0,0.10854498649408097,0.07123511176374613,1
7989,37,38100.0,salaried,673.0,22530.0,77718,24,0,0.16998687664041995,0.5913385826771653,1
7990,35,65697.0,salaried,633.0,5128.0,25768,18,0,0.03268540927794775,0.07805531455013166,0
7991,29,26357.0,self_employed,784.0,12801.0,438415,24,0,1.3861434659989125,0.4856774291459574,1
7992,59,86038.0,salaried,774.0,48365.0,354122,12,0,0.34298991918299665,0.5621353355494084,0
7993,32,120912.0,salaried,613.0,33057.0,356920,18,0,0.24599157514004674,0.2733971814211989,0
7994,52,70149.0,salaried,607.0,48442.0,20605,18,0,0.02447765945820088,0.6905586679781608,1
7995,45,20566.0,self_employed,642.0,10505.0,71265,6,0,0.2887654381017213,0.510794515219294,1
7996,59,137474.0,salaried,556.0,12370.0,219184,12,0,0.13286391123654898,0.08998065088671313,1
7997,38,56576.0,salaried,793.0,12028.0,287884,12,0,0.4240372831825038,0.21259898190045248,0
7998,35,68318.0,salaried,776.0,14593.0,205734,12,0,0.25095143300447903,0.21360402822096666,0
7999,52,84550.0,salaried,550.0,26159.0,69429,24,1,0.06842992312241278,0.3093908929627439,1
8000,26,142059.0,self_employed,775.0,42629.0,300585,24,0,0.1763263855158772,0.30007954441464463,1
8001,55,66408.0,self_employed,,29621.0,379769,18,1,0.4765603039794402,0.446045657149741,0
8002,54,94149.0,contract,741.0,10438.0,250540,6,1,0.22175841839353932,0.11086681749142317,1
8003,58,55167.0,salaried,757.0,33415.0,130377,24,0,0.19694291877390468,0.6057063099316621,1
8004,25,,salaried,736.0,19538.0,245307,24,0,0.4197673463520811,0.40119920326906094,1
8005,38,64545.0,salaried,531.0,33033.0,481923,6,0,0.6222054380664652,0.5117824773413897,1
8006,36,128927.0,salaried,847.0,3488.0,156378,12,1,0.10107657821868189,0.027054069357078037,0
8007,28,38386.0,salaried,747.0,,101674,18,1,0.2207271748380486,0.39941645391549,1
8008,45,74273.0,self_employed,631.0,11109.0,419752,24,1,0.47095624699868505,0.14956983022094167,1
8009,52,127312.0,salaried,762.0,19162.0,407791,6,1,0.2669236468937204,0.15051212768631395,0
8010,46,56585.0,salaried,758.0,21340.0,98672,6,0,0.1453153073547171,0.37713174869665106,0
8011,42,145126.0,salaried,780.0,24594.0,461654,12,0,0.26508803844016005,0.16946653253035293,0
8012,51,,salaried,749.0,11793.0,118564,36,0,0.4389503457876109,0.5239237638278023,1
8013,30,91607.0,salaried,764.0,20850.0,51812,36,0,0.04713249715269212,0.22760269411726178,0
8014,32,127385.0,salaried,714.0,23936.0,48709,36,0,0.03186468841177009,0.1879028143030969,1
8015,48,78305.0,contract,714.0,46906.0,134654,36,0,0.1433007683630249,0.5990166656024519,1
8016,26,116085.0,self_employed,781.0,3827.0,483937,24,0,0.3474013294855781,0.032967222294008704,0
8017,40,57851.0,salaried,819.0,29290.0,476154,6,0,0.6858913415498435,0.5063006689599142,1
8018,25,91910.0,salaried,517.0,33410.0,334861,18,0,0.30361313603887863,0.3635077793493635,1
8019,43,,salaried,846.0,46790.0,269578,24,0,0.45468928154579985,0.9470317971137693,1
8020,29,61606.0,self_employed,501.0,816.0,303090,36,0,0.4099844171022303,0.013245463104243094,1
8021,49,122277.0,self_employed,,34959.0,42591,18,0,0.029026309117822648,0.2859000466154714,1
8022,36,145204.0,salaried,803.0,22310.0,497930,18,0,0.28576462540058584,0.15364590507148562,0
8023,42,25515.0,self_employed,715.0,35436.0,445624,36,1,1.4554314455549024,1.388830099941211,1
8024,28,115578.0,salaried,663.0,44587.0,29395,18,0,0.021194200741779,0.38577410925954764,0
8025,40,107345.0,self_employed,690.0,11783.0,35013,24,0,0.02718105174903349,0.10976757184778052,0
8026,34,75631.0,salaried,574.0,7559.0,420204,12,0,0.462997977020005,0.09994578942497125,0
8027,59,115784.0,salaried,525.0,42890.0,71164,24,0,0.05121893641032728,0.3704311476542527,1
8028,57,140496.0,self_employed,761.0,30200.0,341298,24,0,0.20243636829518277,0.21495273886801047,0
8029,54,36058.0,salaried,781.0,7008.0,75394,12,0,0.17424242424242425,0.19435354151644574,0
8030,31,141226.0,contract,720.0,41488.0,44879,36,0,0.026481785695740633,0.29377026893065017,0
8031,60,61696.0,salaried,542.0,36830.0,430696,36,0,0.5817448997233748,0.5969592842323651,1
8032,53,,salaried,621.0,45394.0,163292,12,1,0.2525925650925651,0.8426269676269676,1
8033,51,69971.0,self_employed,628.0,,31810,24,0,0.0378847427267487,0.33265209872661533,1
8034,54,97083.0,salaried,764.0,44543.0,82386,6,0,0.0707178393745558,0.45881359249302145,0
8035,27,38306.0,salaried,782.0,,53934,18,0,0.11733148853965436,0.19584399310812928,0
8036,43,60693.0,salaried,570.0,19184.0,450293,18,0,0.6182659724625026,0.31608257953965035,1
8037,27,43239.0,contract,758.0,10790.0,306412,18,0,0.5905394050124502,0.2495432364300747,1
8038,45,108366.0,self_employed,700.0,21633.0,320445,6,0,0.24642184818116383,0.19962903493715742,1
8039,23,83917.0,salaried,629.0,36961.0,322996,24,0,0.32074947070716703,0.44044710845239937,1
8040,58,115368.0,salaried,829.0,25368.0,287992,36,0,0.20802417770381157,0.2198876638235906,0
8041,40,133469.0,salaried,580.0,27045.0,61304,12,0,0.03827605411493805,0.20263132262922476,0
8042,54,118434.0,salaried,753.0,45135.0,250119,18,0,0.17599042504686155,0.38109833324889814,0
8043,50,41221.0,contract,564.0,4383.0,275573,6,0,0.5571047928644784,0.1063292981732612,1
8044,37,107799.0,self_employed,645.0,43854.0,415757,12,1,0.32139831229108495,0.40681267915286784,1
8045,30,71467.0,salaried,633.0,26345.0,107720,24,0,0.12560575743583285,0.3686316761582269,1
8046,55,88269.0,salaried,601.0,35918.0,210338,6,0,0.1985766992564396,0.4069152250506973,0
8047,40,126414.0,contract,,20742.0,184988,6,0,0.12194588152156143,0.16407992785609188,0
8048,38,85585.0,salaried,695.0,23250.0,276840,12,0,0.269556581176608,0.27165975346147103,0
8049,47,58086.0,contract,759.0,2577.0,133047,12,1,0.19087645904348724,0.04436525152360293,1
8050,56,125937.0,salaried,598.0,4880.0,66315,18,0,0.043881067517885924,0.038749533496907185,0
8051,43,101624.0,self_employed,564.0,4305.0,376206,24,0,0.30849504054160437,0.042362040462882784,0
8052,52,96144.0,salaried,796.0,26740.0,264703,12,0,0.2294327605813502,0.27812447994674655,1
8053,30,15638.0,self_employed,722.0,14951.0,454832,18,0,2.4237541032527603,0.9560685509655966,1
8054,31,85679.0,salaried,744.0,19532.0,221320,18,0,0.21526083793383832,0.2279671798223602,0
8055,58,81760.0,salaried,682.0,12602.0,362359,12,0,0.36933198793215916,0.15413405088062623,0
8056,26,62234.0,salaried,648.0,22538.0,37159,6,0,0.04975709954901394,0.36214930745251794,1
8057,54,76049.0,contract,615.0,,144549,6,0,0.1583945877000355,0.5368643900643006,0
8058,56,78843.0,salaried,819.0,5126.0,35880,6,0,0.03792346815823852,0.06501528353817079,0
8059,57,125406.0,contract,757.0,18330.0,445486,18,0,0.2960291639421825,0.14616525525094493,1
8060,37,78004.0,self_employed,578.0,13242.0,190047,6,0,0.20303125480744577,0.16976052510127687,0
8061,60,76489.0,salaried,730.0,34340.0,292343,24,0,0.31850222472076595,0.4489534442861065,0
8062,60,37991.0,contract,618.0,28932.0,117969,6,0,0.25876523387118,0.7615487878708115,1
8063,32,120711.0,self_employed,573.0,13823.0,458773,6,0,0.316715819878332,0.11451317609828433,1
8064,41,137761.0,salaried,508.0,16583.0,341147,18,0,0.20636404110500553,0.1203751424568637,1
8065,60,72304.0,salaried,778.0,4068.0,322090,36,0,0.3712219701998967,0.056262447444124807,0
8066,39,90103.0,self_employed,769.0,8281.0,28798,24,0,0.026634333300038105,0.09190592988024816,0
8067,23,122163.0,self_employed,553.0,49742.0,48279,18,0,0.03293345775725874,0.4071772959079263,0
8068,38,133778.0,self_employed,544.0,6198.0,249805,24,0,0.15560916842330827,0.04633048782310993,0
8069,39,48103.0,self_employed,724.0,22415.0,80716,24,0,0.1398318885170017,0.4659792528532524,0
8070,26,30330.0,salaried,515.0,,61964,6,0,0.17024947796461148,1.353478404220244,1
8071,36,148206.0,self_employed,,44617.0,148245,24,0,0.08335526227008354,0.30104719107188643,1
8072,28,139679.0,salaried,699.0,26679.0,218220,6,0,0.1301913673494226,0.1910022265336951,0
8073,38,64409.0,salaried,740.0,12348.0,194394,24,0,0.25150988215932557,0.19171233833780993,1
8074,59,15184.0,salaried,601.0,43124.0,243384,36,0,1.3357481559536355,2.840094836670179,1
8075,32,136529.0,salaried,594.0,16973.0,210603,24,0,0.1285459499447004,0.12431791048055725,1
8076,30,87799.0,salaried,684.0,20022.0,177268,12,0,0.16825172648131909,0.2280435995854167,1
8077,27,70810.0,salaried,635.0,49937.0,89847,6,0,0.1057371840135574,0.7052252506708092,1
8078,21,93727.0,salaried,524.0,24459.0,106385,36,0,0.09458764994789833,0.2609600221921111,1
8079,56,65546.0,salaried,817.0,46153.0,340459,6,0,0.4328499577904576,0.7041314496689348,1
8080,41,50120.0,self_employed,832.0,45076.0,215876,36,0,0.3589318967810588,0.8993615323224262,1
8081,57,90036.0,salaried,549.0,10080.0,38672,6,1,0.03579309017133887,0.11195521791283487,1
8082,44,95528.0,salaried,668.0,36813.0,393716,12,0,0.343456019875499,0.38536345364709823,1
8083,45,25133.0,self_employed,,20168.0,177206,12,0,0.5875608429820024,0.8024509608880754,1
8084,27,111993.0,salaried,599.0,17561.0,350048,36,0,0.2604686602436462,0.1568044431348388,1
8085,37,130742.0,salaried,580.0,34045.0,235084,18,0,0.14983963327265404,0.26039834177234555,0
8086,49,50702.0,contract,511.0,31892.0,306281,6,1,0.5034005890628903,0.6290087176048282,1
8087,50,61479.0,salaried,707.0,2965.0,134594,18,1,0.182438990007428,0.04822785016021731,1
8088,27,94384.0,salaried,576.0,32438.0,426117,24,0,0.37622637311408713,0.3436811323953212,1
8089,53,102957.0,salaried,574.0,8493.0,486863,12,0,0.394066616807664,0.08249074856493488,1
8090,27,29426.0,self_employed,669.0,2344.0,413499,6,0,1.1710137293549923,0.07965744579623463,1
8091,44,61865.0,self_employed,810.0,40426.0,34208,12,0,0.04607882755462162,0.6534551038551685,1
8092,31,62404.0,salaried,847.0,45828.0,325138,24,0,0.4341842403264748,0.7343760015383629,1
8093,29,106246.0,self_employed,678.0,37931.0,474215,36,0,0.3719473360565731,0.3570110874762344,1
8094,32,72423.0,self_employed,587.0,19599.0,261192,6,0,0.3005398837385913,0.2706184499399362,1
8095,55,105947.0,salaried,764.0,27891.0,459507,6,0,0.3614283556872776,0.26325426864375584,0
8096,24,46152.0,salaried,721.0,40955.0,454847,6,0,0.8212843791529439,0.8873938290864968,1
8097,56,118870.0,self_employed,502.0,45474.0,235126,36,0,0.1648341325257284,0.3825523681332548,1
8098,48,45737.0,salaried,617.0,16445.0,207398,12,1,0.37788151095757627,0.3595557207512517,1
8099,33,69325.0,salaried,635.0,33625.0,480234,36,0,0.577273710782546,0.4850342589253516,1
8100,43,148074.0,salaried,686.0,25113.0,42710,12,0,0.024036405220813017,0.16959763361562463,0
8101,39,97159.0,salaried,529.0,17724.0,410471,6,0,0.35206122610017254,0.18242262682818886,0
8102,57,131632.0,salaried,566.0,30532.0,190381,36,0,0.12052603723512013,0.2319496778898748,1
8103,59,70713.0,salaried,,45751.0,445997,24,0,0.5255952465128996,0.6469956019402373,1
8104,44,56815.0,salaried,798.0,25393.0,288387,36,0,0.4229912875121007,0.44694182874240956,0
8105,36,102787.0,contract,716.0,27683.0,69907,12,1,0.05667626580533855,0.2693239417436057,0
8106,53,93243.0,salaried,657.0,21399.0,421576,6,0,0.37677180413900596,0.2294971204272707,1
8107,32,37743.0,salaried,570.0,17358.0,136967,12,1,0.30241148469031787,0.4598998489786186,1
8108,54,71739.0,contract,817.0,37405.0,166778,18,0,0.19373237244269736,0.5214039783102636,0
8109,27,134492.0,self_employed,609.0,20036.0,412531,6,0,0.25561061872329455,0.1489754037414865,1
8110,31,113156.0,salaried,784.0,,399493,24,0,0.294205197544393,0.15991197992152426,0
8111,51,145275.0,salaried,757.0,49941.0,352504,24,0,0.20220501348018127,0.34376871450696955,0
8112,49,45339.0,salaried,589.0,26656.0,69391,18,1,0.1275410426637847,0.5879265091863517,1
8113,33,49121.0,contract,556.0,33348.0,186127,12,0,0.31576277627355576,0.6788949736365302,1
8114,51,129132.0,salaried,797.0,26617.0,428284,24,0,0.27638643661782775,0.20612241737137194,0
8115,22,56446.0,salaried,548.0,41311.0,384813,12,0,0.5681137724550899,0.7318676256953549,1
8116,59,,self_employed,684.0,35070.0,137275,6,0,0.08082797522315646,0.24779198756447396,1
8117,35,,salaried,698.0,33841.0,119613,36,0,0.08952371971044171,0.3039374180453019,0
8118,31,98404.0,self_employed,517.0,42991.0,239470,6,0,0.20279494058507105,0.436882647046868,0
8119,54,62918.0,self_employed,697.0,31766.0,164949,12,0,0.21847086684255698,0.5048793667948759,1
8120,59,111666.0,salaried,731.0,7561.0,430042,18,0,0.32092878166436817,0.0677108520050866,0
8121,24,21125.0,salaried,526.0,30371.0,192756,6,0,0.760378698224852,1.437680473372781,1
8122,31,142422.0,salaried,617.0,45328.0,430507,24,0,0.25189635964481144,0.31826543651963884,1
8123,49,44046.0,self_employed,553.0,31412.0,309137,6,0,0.5848752819022537,0.7131635108749943,1
8124,22,,self_employed,651.0,18266.0,340631,6,1,0.20626601655791152,0.13272973012251305,1
8125,36,25114.0,self_employed,724.0,4345.0,175722,6,0,0.5830811499561998,0.17301106952297524,1
8126,59,15637.0,salaried,661.0,17644.0,284614,18,0,1.5167764490204856,1.128349427639573,1
8127,33,53634.0,self_employed,,7047.0,478821,12,1,0.743963717045158,0.1313905358541224,1
8128,57,103713.0,salaried,715.0,231.0,166242,18,1,0.13357534735279086,0.0022273003384339477,1
8129,37,50776.0,salaried,818.0,47531.0,106760,24,0,0.17521401186912453,0.9360918544194108,1
8130,41,41809.0,salaried,847.0,9148.0,59182,12,0,0.11796104507004074,0.21880456361070583,1
8131,39,53368.0,self_employed,,37497.0,196097,24,0,0.3062025308549443,0.702612052166092,1
8132,27,92185.0,self_employed,816.0,42054.0,208547,12,0,0.18852217461264487,0.4561913543418127,0
8133,58,142169.0,salaried,837.0,44889.0,242305,12,0,0.14202873575345773,0.315743938552005,0
8134,28,,self_employed,541.0,19920.0,163461,6,0,0.1038298537269519,0.15183736937184147,1
8135,33,,salaried,660.0,4314.0,240587,6,0,0.1951004911024179,0.041980498627897475,0
8136,57,121745.0,salaried,573.0,25272.0,275142,18,0,0.18833216969896094,0.20758142018152695,0
8137,22,80316.0,salaried,524.0,16690.0,234120,12,0,0.2429154838388366,0.20780417351461727,0
8138,31,85856.0,contract,802.0,42983.0,263653,24,0,0.2559062072928314,0.5006406075288856,1
8139,44,54211.0,salaried,741.0,3474.0,348277,6,0,0.5353725873592691,0.06408293519765361,0
8140,26,100469.0,salaried,672.0,48026.0,144452,24,0,0.11981473555690478,0.4780180951338224,0
8141,46,93930.0,contract,786.0,22232.0,451545,6,0,0.40060417332055787,0.2366868944959012,0
8142,27,56417.0,self_employed,658.0,24039.0,422079,12,0,0.6234512646897212,0.42609497137387664,0
8143,59,35519.0,self_employed,717.0,14104.0,204954,24,0,0.4808553168726597,0.39708325121765814,1
8144,39,22983.0,salaried,614.0,17786.0,106939,18,0,0.38774674034431245,0.7738763433842405,1
8145,26,59656.0,self_employed,740.0,20760.0,452089,18,0,0.6315221156854857,0.34799517232130883,0
8146,49,20635.0,salaried,807.0,46716.0,433315,18,0,1.7499192310798806,2.2639205233826023,1
8147,59,117373.0,salaried,711.0,44358.0,236329,6,0,0.1677905764812464,0.37792337249623,0
8148,22,119555.0,salaried,585.0,22193.0,146746,6,0,0.10228625597702591,0.18563004474927858,0
8149,39,124883.0,self_employed,632.0,22414.0,22899,18,0,0.01528030236301178,0.17947999327370417,1
8150,24,89975.0,salaried,767.0,16791.0,202532,24,0,0.187581735667315,0.18661850514031675,1
8151,26,108445.0,salaried,776.0,5680.0,444912,6,0,0.34188759278897135,0.052376780856655446,1
8152,57,75666.0,salaried,764.0,14854.0,432063,18,0,0.47584450083260643,0.19631009964845506,0
8153,48,115877.0,salaried,592.0,12893.0,384438,6,0,0.2764698775425667,0.11126453049354057,1
8154,50,71005.0,salaried,590.0,,195564,36,0,0.22951904795436942,0.5389902119569044,1
8155,27,122725.0,salaried,644.0,6224.0,55516,24,0,0.037696747470632175,0.05071501324098594,0
8156,29,75477.0,self_employed,651.0,40373.0,189344,12,0,0.20905264738485455,0.5349046729467255,0
8157,45,115405.0,salaried,654.0,27685.0,358462,24,0,0.2588434932050893,0.23989428534292276,0
8158,53,80035.0,self_employed,635.0,28509.0,33586,12,0,0.034970117240374,0.35620665958643094,0
8159,21,112561.0,self_employed,752.0,18476.0,31222,18,0,0.02311487400905583,0.16414210961167722,1
8160,26,35615.0,self_employed,817.0,49288.0,375637,6,0,0.8789297580607422,1.3839112733398848,1
8161,38,71808.0,salaried,528.0,11062.0,116127,18,0,0.134765625,0.154049688057041,0
8162,30,48580.0,self_employed,582.0,41938.0,469441,12,1,0.8052713736791547,0.863277068752573,1
8163,48,138731.0,salaried,829.0,45875.0,412323,36,0,0.2476753573462312,0.3306759123771904,0
8164,31,106856.0,salaried,533.0,1484.0,46287,12,1,0.03609764542936288,0.01388784906790447,0
8165,53,57898.0,self_employed,815.0,26990.0,461135,6,1,0.6637175147097769,0.4661646343569726,1
8166,21,97790.0,contract,603.0,19760.0,278096,36,0,0.23698401336196612,0.20206565088454853,0
8167,33,30227.0,salaried,732.0,,491483,6,0,1.3549778895248177,0.20928309127601152,1
8168,57,23826.0,salaried,736.0,33234.0,149908,36,0,0.5243151738996614,1.3948627549735584,1
8169,40,113972.0,contract,722.0,4933.0,470731,6,1,0.3441861451350624,0.0432825606289264,0
8170,21,98213.0,self_employed,589.0,14539.0,442817,12,0,0.37572843377828463,0.1480353924633195,0
8171,23,108402.0,salaried,832.0,33742.0,244221,12,0,0.18774330731905314,0.31126731979114775,0
8172,38,51158.0,salaried,739.0,45678.0,170857,12,0,0.278315871092172,0.8928808788459283,1
8173,34,30904.0,salaried,717.0,5187.0,122405,12,0,0.33006784450772286,0.16784235050478902,1
8174,51,140212.0,self_employed,681.0,39780.0,76907,36,0,0.04570876006808737,0.2837132342452857,0
8175,47,102469.0,salaried,756.0,46789.0,250603,24,0,0.20380391467988693,0.45661614732260486,0
8176,37,69039.0,self_employed,731.0,2651.0,366480,24,0,0.4423586668404815,0.038398586306290644,0
8177,49,19334.0,contract,688.0,18183.0,231837,18,0,0.9992629564497776,0.9404675700837902,1
8178,56,111996.0,contract,828.0,14963.0,479473,24,0,0.3567634856006762,0.13360298582092217,0
8179,57,42268.0,self_employed,843.0,17399.0,277571,18,0,0.5472441721081354,0.4116352796441753,1
8180,46,79636.0,salaried,754.0,6238.0,266690,12,0,0.2790718602976878,0.07833140790597218,1
8181,37,37068.0,salaried,,26324.0,161592,6,0,0.3632782993417503,0.7101543109960073,1
8182,42,80121.0,salaried,815.0,47900.0,52432,24,0,0.05453418371379955,0.5978457582905855,1
8183,45,138761.0,salaried,585.0,42416.0,45654,24,1,0.02741764616859204,0.3056766670750427,1
8184,22,31285.0,salaried,700.0,48788.0,139976,12,0,0.37285173938522187,1.5594693942784081,1
8185,42,115539.0,salaried,842.0,41328.0,113496,12,0,0.08185980491435792,0.35769740087762575,0
8186,25,39136.0,contract,711.0,32667.0,358837,24,0,0.76408123807577,0.8347046197874081,1
8187,24,39425.0,self_employed,618.0,6047.0,162813,12,0,0.344140773620799,0.15337983512999365,1
8188,56,33961.0,salaried,,6589.0,382923,24,0,0.9396145578752098,0.19401666617590765,0
8189,26,33823.0,salaried,,47426.0,421820,6,0,1.0392829337038898,1.4021819471956953,1
8190,41,90409.0,salaried,685.0,14965.0,135526,6,0,0.12491934800001475,0.16552555608401817,0
8191,33,,self_employed,696.0,12805.0,247375,18,0,0.23936211387589068,0.14868269800169526,1
8192,57,,salaried,836.0,1344.0,154759,24,0,0.10814835624058343,0.011270534763394242,0
8193,45,40852.0,contract,700.0,20501.0,53794,6,0,0.10973350957929437,0.5018358954273965,1
8194,46,52535.0,self_employed,765.0,27331.0,244852,6,0,0.3883950382284826,0.5202436470924146,1
8195,59,22004.0,contract,735.0,9324.0,170291,36,1,0.6449244076834515,0.42374113797491364,1
8196,40,119913.0,self_employed,693.0,7539.0,272232,6,0,0.18918716069150135,0.06287058117134922,0
8197,53,69086.0,self_employed,524.0,40632.0,353475,18,0,0.4263707552905075,0.588136525489969,1
8198,34,22131.0,self_employed,758.0,30262.0,446573,6,0,1.6815515189854353,1.3674031900953414,1
8199,56,40649.0,salaried,,21732.0,30769,12,0,0.06307863252068521,0.5346256980491525,1
8200,37,45580.0,salaried,527.0,13225.0,39552,36,0,0.07231241772707328,0.2901491882404563,1
8201,41,129163.0,self_employed,510.0,39859.0,71186,24,0,0.04592775536853949,0.3085945665554377,0
8202,36,109200.0,salaried,848.0,44988.0,205409,18,1,0.15675289987789987,0.41197802197802197,1
8203,36,96118.0,salaried,617.0,26496.0,491012,6,0,0.42570243520117634,0.2756611664828648,0
8204,40,41469.0,self_employed,707.0,18856.0,74302,24,0,0.14931233773019204,0.45470110202802094,0
8205,49,80179.0,self_employed,592.0,958.0,287221,6,0,0.2985206018200942,0.011948265755372355,1
8206,48,39236.0,salaried,640.0,27863.0,168232,36,0,0.35730791450028887,0.7101386481802426,1
8207,28,38430.0,salaried,510.0,17872.0,44723,24,0,0.09697935640558591,0.46505334374186835,1
8208,44,59407.0,salaried,790.0,21151.0,36019,12,0,0.05052575173520517,0.3560354840338681,1
8209,23,98299.0,salaried,738.0,18317.0,61006,12,0,0.05171805749125966,0.18633963722926988,0
8210,45,129496.0,contract,763.0,13584.0,78611,24,1,0.05058779164349993,0.10489899301908939,1
8211,39,97565.0,self_employed,762.0,,363296,12,0,0.3103025333538325,0.3945574745041767,0
8212,53,87370.0,contract,568.0,26592.0,431101,18,0,0.41118328182824004,0.30436076456449584,1
8213,22,117755.0,salaried,569.0,37917.0,210034,36,0,0.1486377082360268,0.3219990658570761,1
8214,35,,salaried,684.0,22136.0,255875,18,0,0.14927310488058151,0.15496517203962337,0
8215,42,130052.0,self_employed,623.0,37742.0,149677,24,0,0.09590843149919519,0.2902069941254268,1
8216,30,148727.0,salaried,721.0,23474.0,87200,18,0,0.04885909529988951,0.15783280776187242,0
8217,38,120737.0,salaried,510.0,20321.0,157668,36,0,0.10882331017003902,0.1683079751857343,1
8218,42,146290.0,contract,665.0,36029.0,403497,36,0,0.229849955567708,0.2462847768131793,1
8219,47,111428.0,self_employed,590.0,43159.0,294376,24,0,0.22015412044848093,0.38732634526330906,1
8220,33,52471.0,salaried,747.0,43262.0,255696,18,0,0.40609098359093593,0.8244935297592956,1
8221,53,63762.0,salaried,840.0,45813.0,118189,36,0,0.15446634881800028,0.7185000470499671,1
8222,25,99624.0,salaried,804.0,31777.0,326107,24,1,0.27278149174228433,0.3189693246607243,1
8223,46,85600.0,contract,790.0,28858.0,38406,36,0,0.03738901869158878,0.3371261682242991,1
8224,33,127092.0,self_employed,656.0,41838.0,487153,6,0,0.31942280657581384,0.3291945991879898,0
8225,47,133336.0,salaried,587.0,38336.0,141897,6,0,0.08868385132297354,0.2875142497150057,0
8226,34,69888.0,salaried,727.0,4768.0,240283,36,0,0.28650960584554336,0.06822344322344322,1
8227,44,83024.0,self_employed,633.0,45931.0,409306,24,0,0.4108310046894071,0.5532255733281942,1
8228,23,105728.0,salaried,765.0,11886.0,459320,6,0,0.3620296105730428,0.11242055084745763,0
8229,50,43897.0,contract,583.0,5177.0,291523,36,0,0.5534224054794936,0.1179351664122833,0
8230,55,75399.0,contract,711.0,31761.0,437630,12,0,0.4836823653717777,0.42123900847491347,1
8231,34,75692.0,self_employed,717.0,8046.0,285197,18,0,0.31398848843558985,0.1062992125984252,0
8232,32,88513.0,self_employed,840.0,31883.0,382491,36,0,0.36010811971122886,0.36020697524657397,1
8233,48,140041.0,salaried,736.0,6601.0,111388,6,0,0.06628296951130978,0.04713619582836455,0
8234,49,107901.0,salaried,,8897.0,458746,36,0,0.3542954498413669,0.08245521357540708,0
8235,37,74596.0,self_employed,673.0,19073.0,172310,24,0,0.19249244820991296,0.25568395088208484,0
8236,60,85509.0,salaried,639.0,43219.0,409589,6,1,0.3991675340217599,0.5054321767299349,1
8237,41,23436.0,salaried,554.0,4581.0,39338,24,0,0.1398773965978267,0.19546850998463902,1
8238,43,25086.0,salaried,640.0,44827.0,215081,24,0,0.7144788593903638,1.7869329506497649,1
8239,40,106054.0,salaried,573.0,39802.0,28455,24,1,0.022358892639598695,0.375299375789692,1
8240,31,54732.0,salaried,634.0,29698.0,455304,36,0,0.6932324782576921,0.5426076152890448,1
8241,54,143928.0,self_employed,816.0,9444.0,367355,6,0,0.21269604709762288,0.06561614140403535,0
8242,30,136755.0,salaried,629.0,9444.0,147742,24,0,0.09002839628045288,0.06905780410222662,0
8243,30,16745.0,salaried,731.0,5080.0,470966,12,0,2.3438140738528914,0.3033741415347865,1
8244,26,27697.0,salaried,525.0,37206.0,374949,18,0,1.128127595046395,1.3433223814853594,1
8245,56,18879.0,salaried,568.0,3128.0,307949,36,1,1.359310168264562,0.16568674188251498,1
8246,44,90224.0,self_employed,561.0,42626.0,197367,12,0,0.18229351392090795,0.47244635573683275,1
8247,32,128369.0,salaried,699.0,22206.0,464479,6,1,0.30152593954407475,0.1729856896914364,0
8248,43,91524.0,salaried,666.0,30450.0,137704,18,0,0.12538059234007837,0.33269961977186313,1
8249,47,104006.0,salaried,615.0,12581.0,338253,24,0,0.2710204218987366,0.1209641751437417,1
8250,57,52249.0,contract,638.0,48954.0,106053,12,0,0.16914677792876417,0.9369365920878868,1
8251,26,44076.0,salaried,731.0,44569.0,483607,12,0,0.9143430287079892,1.011185225519557,1
8252,21,68462.0,salaried,713.0,9811.0,41144,24,0,0.05008131031326381,0.14330577546668224,0
8253,26,100984.0,salaried,707.0,27482.0,198149,24,1,0.16351517732181997,0.27214212152420186,1
8254,42,86035.0,salaried,601.0,12105.0,278269,12,1,0.26953081110400806,0.14069855291451153,1
8255,44,18841.0,salaried,797.0,28361.0,181109,6,0,0.8010411690816128,1.5052810360384268,1
8256,45,59890.0,self_employed,509.0,21052.0,303393,36,0,0.42215311404241107,0.3515111036900985,1
8257,35,142727.0,salaried,622.0,11960.0,135160,6,0,0.07891522510340253,0.08379633846434101,0
8258,46,,self_employed,774.0,25503.0,355383,6,1,0.7330144547299638,0.6312311271719222,1
8259,28,126713.0,salaried,503.0,18162.0,313220,36,0,0.20599044033892866,0.143331781269483,0
8260,44,,salaried,758.0,3103.0,392217,6,0,0.2715514734594518,0.025780347781294916,0
8261,58,112807.0,self_employed,708.0,38634.0,90210,18,0,0.06664036806226564,0.3424787468862748,0
8262,26,38237.0,salaried,765.0,5530.0,466200,24,0,1.0160315924366452,0.1446243167612522,1
8263,55,146625.0,self_employed,761.0,,57098,12,0,0.03245126456379653,0.18427962489343563,0
8264,21,105439.0,self_employed,786.0,3088.0,264313,36,0,0.20889882617753708,0.029287075939642828,1
8265,56,22045.0,contract,530.0,23128.0,71293,6,1,0.2694979965222651,1.0491267861193014,1
8266,32,89916.0,salaried,675.0,,481660,12,0,0.44639811972655963,0.05750923083767071,0
8267,58,71435.0,salaried,508.0,4465.0,80230,18,0,0.09359324327477193,0.06250437460628544,0
8268,31,113453.0,salaried,703.0,24739.0,157404,6,0,0.11561615823292465,0.2180550536345447,0
8269,32,47261.0,salaried,607.0,29998.0,377000,6,0,0.6647482420318374,0.6347305389221557,1
8270,59,17853.0,salaried,623.0,,328908,6,0,1.535260180361844,2.204727496779253,1
8271,27,90664.0,salaried,737.0,28575.0,85501,18,0,0.0785877893467455,0.3151747110209124,0
8272,31,125884.0,salaried,629.0,23071.0,40495,24,1,0.02680708694777202,0.1832719011153125,1
8273,56,63022.0,salaried,733.0,27333.0,463766,12,0,0.6132329451091153,0.43370569007648124,1
8274,51,148808.0,self_employed,503.0,28149.0,44939,6,0,0.025166097700840457,0.1891632170313424,0
8275,53,,self_employed,719.0,350.0,471303,6,0,0.8060760610787292,0.0071833182825712175,1
8276,33,26440.0,salaried,761.0,6522.0,399289,18,0,1.2584751638930913,0.2466717095310136,1
8277,38,85716.0,self_employed,529.0,46518.0,42701,18,0,0.0415140308304945,0.5426991460170797,1
8278,44,121911.0,salaried,816.0,32968.0,366297,12,1,0.250385527146853,0.27042678675427156,1
8279,29,100694.0,salaried,576.0,23658.0,277993,12,0,0.23006418786951888,0.2349494508113691,1
8280,51,,salaried,682.0,35320.0,395837,6,1,0.2228706525141829,0.23863736174640388,1
8281,30,131189.0,self_employed,791.0,7551.0,479221,6,0,0.3044087791913448,0.05755817942053069,0
8282,22,109203.0,salaried,701.0,,222107,6,0,0.16949091752668577,0.44847669020081865,1
8283,58,114039.0,salaried,656.0,44888.0,470397,6,0,0.3437398609247713,0.39361972658476485,0
8284,35,17838.0,contract,599.0,48423.0,211263,6,0,0.9869520125574616,2.7145980491086443,1
8285,23,117210.0,salaried,,33819.0,408173,18,0,0.29020063703324517,0.28853340158689533,0
8286,51,118140.0,contract,814.0,29008.0,180278,24,0,0.1271640990914734,0.24553919079058745,1
8287,26,115166.0,salaried,609.0,10870.0,174128,12,0,0.12599783500917516,0.09438549571922268,1
8288,23,51994.0,self_employed,666.0,47769.0,63129,18,0,0.10117994383967381,0.9187406239181444,0
8289,31,45384.0,self_employed,629.0,42755.0,155395,36,1,0.2853336711910218,0.9420720958928257,1
8290,35,60378.0,self_employed,769.0,3558.0,479740,36,0,0.6621341106584075,0.05892874888204313,0
8291,48,122318.0,contract,637.0,8298.0,463799,36,0,0.31597897829155697,0.06783956572213411,0
8292,30,53977.0,self_employed,675.0,3513.0,377550,12,0,0.5828871556403653,0.0650832762102377,1
8293,58,38652.0,salaried,563.0,,361898,6,0,0.7802485425506227,0.24474800786505227,1
8294,27,25270.0,self_employed,630.0,25316.0,425518,36,0,1.4032383590555335,1.0018203403244954,1
8295,35,97804.0,self_employed,827.0,,265973,36,0,0.2266207585238504,0.07824833340149687,0
8296,38,,salaried,687.0,22.0,360570,24,0,0.5843884318416088,0.00042787404943890156,0
8297,38,142390.0,contract,776.0,48324.0,458323,18,0,0.2682322026359529,0.3393777652925065,0
8298,44,71042.0,salaried,,49512.0,401857,12,0,0.47138429849009506,0.6969398384054503,1
8299,22,78253.0,salaried,646.0,28669.0,355163,12,0,0.37822085628240026,0.366362950941178,1
8300,60,67723.0,salaried,834.0,37563.0,409176,24,0,0.5034921666199076,0.5546564682604137,1
8301,40,90449.0,salaried,519.0,34218.0,275264,36,1,0.25360884771160175,0.37831264027241873,1
8302,54,96141.0,salaried,813.0,31709.0,170676,24,0,0.14793896464567666,0.3298176636398623,0
8303,46,15557.0,salaried,541.0,22169.0,79799,6,0,0.4274549506117289,1.4250176769299994,1
8304,27,122776.0,salaried,849.0,35522.0,106547,36,0,0.07231801546447732,0.28932364631524077,1
8305,58,61652.0,salaried,843.0,17011.0,285584,12,0,0.3860161335669024,0.2759196781937326,1
8306,50,,contract,639.0,19651.0,353412,18,0,0.2247344484463708,0.14995268909102008,0
8307,25,75941.0,salaried,508.0,566.0,497540,24,0,0.5459720923699539,0.007453154422512214,1
8308,31,102340.0,salaried,578.0,36526.0,454875,24,0,0.3703952511237053,0.3569083447332421,1
8309,21,89828.0,salaried,837.0,49105.0,287296,12,0,0.26652417212153595,0.546655831143964,1
8310,54,,salaried,,43450.0,144446,36,0,0.12092186113483014,0.43648601135165,1
8311,21,125623.0,salaried,692.0,2020.0,49345,36,0,0.03273352278908586,0.01607985798778886,1
8312,39,57591.0,salaried,758.0,3530.0,141705,36,1,0.20504505912382143,0.061294299456512304,0
8313,22,146129.0,self_employed,635.0,18890.0,291645,18,1,0.16631708969472178,0.12926934420956826,1
8314,41,139007.0,self_employed,538.0,11747.0,253988,18,1,0.1522633152766887,0.08450653564208997,1
8315,40,108829.0,salaried,819.0,10383.0,495816,36,0,0.37965983331648734,0.09540655523803399,0
8316,43,79578.0,salaried,786.0,,439500,18,0,0.4602402674105909,0.551433813365503,1
8317,41,123497.0,contract,649.0,25304.0,172278,24,0,0.11624978744422941,0.2048956654817526,0
8318,44,20493.0,salaried,504.0,47742.0,449884,36,0,1.8294214284552448,2.3296735470648513,1
8319,24,117181.0,salaried,,16857.0,145044,18,0,0.10314812128246047,0.14385437912289534,0
8320,32,82818.0,contract,735.0,33373.0,198942,24,0,0.20017991257939097,0.40296795382646283,0
8321,42,135196.0,contract,,25818.0,188204,24,0,0.11600688383285501,0.19096718837835439,0
8322,40,16431.0,salaried,604.0,38451.0,67099,18,0,0.3403069401334875,2.340149716998357,1
8323,38,115079.0,salaried,706.0,13669.0,365851,36,0,0.2649274266663191,0.1187792733687293,1
8324,21,46195.0,salaried,738.0,7404.0,478632,36,1,0.8634267777898041,0.16027708626474726,1
8325,50,30203.0,salaried,818.0,36522.0,200941,18,1,0.5544178834332131,1.2092176273880078,1
8326,53,18974.0,self_employed,816.0,20754.0,143600,18,0,0.630687607603387,1.0938125856435121,1
8327,44,,salaried,551.0,36646.0,244418,6,0,0.17295015383221957,0.31116847387682667,0
8328,34,100222.0,self_employed,607.0,36511.0,23857,24,0,0.019836795646997,0.3643012512222865,0
8329,56,27636.0,salaried,532.0,4847.0,317099,36,0,0.9561773290876634,0.17538717614705457,1
8330,25,50070.0,salaried,521.0,15936.0,335048,12,0,0.557632647626656,0.318274415817855,1
8331,31,44123.0,salaried,806.0,,360111,24,0,0.6801271445731252,0.9796251388164903,1
8332,44,135973.0,salaried,510.0,38446.0,227069,36,0,0.13916304462405527,0.28274731012774595,0
8333,51,19966.0,salaried,626.0,32140.0,282924,6,0,1.1808574576780526,1.6097365521386358,1
8334,33,133414.0,self_employed,549.0,38865.0,180635,24,1,0.11282861368871833,0.2913112566897027,1
8335,36,98962.0,contract,697.0,49827.0,429489,24,0,0.3616615468563691,0.5034962915058305,0
8336,44,94698.0,contract,516.0,4053.0,149611,36,0,0.13165624758002634,0.042799214344547934,0
8337,33,56482.0,self_employed,543.0,709.0,37013,12,0,0.0546088429352124,0.012552671647604546,0
8338,44,17998.0,self_employed,684.0,922.0,386177,18,1,1.7880551542764012,0.0512279142126903,1
8339,46,137659.0,salaried,538.0,36167.0,384978,12,0,0.2330505088661112,0.2627289171067638,1
8340,22,76265.0,salaried,636.0,33175.0,25664,6,0,0.028042570860377192,0.4349963941519701,0
8341,36,81445.0,self_employed,778.0,45203.0,256997,24,0,0.2629555732907688,0.5550125851801829,0
8342,58,126033.0,salaried,663.0,36360.0,400753,36,0,0.2649788811924919,0.2884958701292519,1
8343,21,93033.0,salaried,530.0,12790.0,305762,24,0,0.27388310241168906,0.13747809916911202,1
8344,31,99480.0,self_employed,839.0,26364.0,429397,18,0,0.3597012799892776,0.2650180940892642,0
8345,55,119000.0,contract,522.0,14567.0,260645,12,0,0.18252450980392157,0.12241176470588236,0
8346,49,149144.0,salaried,698.0,20343.0,118083,12,1,0.06597818215952368,0.13639838008904145,1
8347,57,44652.0,salaried,673.0,31142.0,449296,6,0,0.8385141389710054,0.6974379647048284,1
8348,37,19476.0,salaried,557.0,1490.0,96854,36,1,0.4144160334086397,0.076504415691107,1
8349,59,110768.0,salaried,695.0,14582.0,235422,18,0,0.17711342626029178,0.13164451827242524,1
8350,48,31219.0,salaried,587.0,28426.0,337873,18,0,0.9018893408928323,0.9105352509689613,1
8351,49,45448.0,contract,641.0,17865.0,64102,36,0,0.11753725869858593,0.3930866044710438,1
8352,23,21855.0,salaried,780.0,34048.0,423037,6,0,1.6130443071760847,1.5579043697094486,1
8353,30,147156.0,salaried,706.0,47578.0,332769,18,1,0.1884445758242953,0.3233167522900867,0
8354,34,113856.0,self_employed,671.0,30288.0,110591,6,0,0.08094361884017238,0.2660202360876897,0
8355,32,76282.0,salaried,801.0,32378.0,377518,36,0,0.41241489910245316,0.42445137778243885,1
8356,50,102393.0,self_employed,817.0,31723.0,299088,36,0,0.24341507720254316,0.3098161007100095,0
8357,52,144822.0,salaried,774.0,16178.0,84933,36,0,0.04887206363674027,0.11170954689204679,0
8358,52,33070.0,self_employed,845.0,37622.0,415911,18,0,1.0480571514968249,1.1376474145751436,1
8359,52,71690.0,salaried,547.0,41834.0,213927,36,0,0.2486713628121077,0.5835402427116753,1
8360,46,76134.0,salaried,660.0,8055.0,421126,18,0,0.46094824038318405,0.1058002994719836,0
8361,21,102755.0,salaried,664.0,24687.0,489603,6,0,0.3970634032407182,0.24025108267237605,0
8362,22,121993.0,self_employed,716.0,39848.0,296947,24,0,0.20284428887996306,0.3266416925561303,0
8363,37,46489.0,salaried,616.0,40829.0,355140,6,0,0.6366022069736927,0.878250768999118,1
8364,50,38178.0,salaried,836.0,39226.0,227559,18,0,0.4967062182408717,1.0274503640840273,1
8365,59,94019.0,contract,750.0,8393.0,248173,12,0,0.21996706339498753,0.0892691902700518,1
8366,27,72956.0,salaried,743.0,15860.0,382451,12,0,0.4368512071202734,0.21739130434782608,1
8367,47,77778.0,self_employed,746.0,43613.0,163480,24,0,0.1751566424095931,0.5607369693229448,1
8368,29,126466.0,self_employed,572.0,21136.0,473346,36,0,0.31190596682112187,0.16712792371072066,1
8369,42,133292.0,self_employed,783.0,17915.0,380401,6,1,0.2378243505486701,0.13440416529124027,1
8370,54,114747.0,contract,694.0,9581.0,54229,6,0,0.03938301945439387,0.08349673629811673,0
8371,21,61475.0,salaried,766.0,41490.0,262414,18,0,0.35571912701640235,0.674908499389996,1
8372,29,65697.0,self_employed,586.0,16081.0,311604,24,0,0.3952539689787966,0.24477525609997414,1
8373,40,25272.0,salaried,745.0,18001.0,49796,36,1,0.16420016882979846,0.7122902817347262,1
8374,39,36071.0,salaried,657.0,45101.0,496030,24,0,1.1459575097261883,1.2503396079953426,1
8375,56,,salaried,535.0,,324110,12,0,0.218443003030205,0.3067031153958138,1
8376,60,110516.0,salaried,735.0,24940.0,392922,24,0,0.29627836693329473,0.22566868145788846,1
8377,24,43831.0,salaried,747.0,47573.0,352958,36,0,0.6710585354353463,1.0853733658825946,1
8378,29,133313.0,self_employed,599.0,3371.0,479269,36,0,0.2995888122938748,0.02528635616931582,1
8379,42,138950.0,contract,726.0,11016.0,26825,6,0,0.016087921314621566,0.0792803166606693,0
8380,38,77909.0,self_employed,618.0,,60822,6,0,0.06505666867755971,0.29448459099718904,1
8381,32,44367.0,salaried,695.0,17756.0,352979,36,1,0.6629908866199352,0.4002073613271125,0
8382,59,35121.0,salaried,587.0,47802.0,396238,6,0,0.9401734954395755,1.3610660288716152,1
8383,29,50547.0,self_employed,535.0,11049.0,387827,6,0,0.6393834780831041,0.21858864027538727,1
8384,26,78642.0,salaried,813.0,2237.0,198075,6,0,0.20989102515195443,0.028445359985758246,0
8385,39,39914.0,self_employed,527.0,36242.0,381448,36,0,0.7963955838385863,0.9080022047401914,1
8386,27,131664.0,self_employed,538.0,4444.0,433347,6,0,0.27427580811763275,0.033752582330781385,0
8387,36,82258.0,salaried,821.0,20852.0,487583,12,0,0.4939570214041998,0.2534951007804712,1
8388,25,75563.0,salaried,504.0,5758.0,263495,36,0,0.2905908535482533,0.07620131545862394,0
8389,36,77607.0,salaried,640.0,36344.0,348409,24,0,0.37411681076878806,0.4683082711611066,0
8390,21,80638.0,salaried,727.0,44322.0,245932,18,0,0.2541523020577561,0.5496416081748059,1
8391,57,107971.0,salaried,508.0,45003.0,438224,18,0,0.3382266225807547,0.4168063646719953,1
8392,59,131720.0,contract,556.0,20359.0,239779,12,0,0.15169741370584067,0.1545627087761919,1
8393,39,92760.0,salaried,782.0,9176.0,433537,36,0,0.38947912174787985,0.09892194911599828,0
8394,57,91788.0,salaried,677.0,29658.0,416026,24,0,0.3777055097979402,0.3231141325663485,0
8395,37,32918.0,salaried,581.0,5674.0,448921,36,0,1.1364628268222046,0.17236770156145573,1
8396,46,22197.0,salaried,584.0,17910.0,450180,24,0,1.6900932558453845,0.8068657926746857,1
8397,42,,self_employed,564.0,27948.0,59231,24,0,0.044020768117105306,0.24925307909780872,0
8398,28,42785.0,salaried,842.0,1036.0,430721,36,1,0.8389252463869736,0.024214093724436135,1
8399,53,,contract,789.0,27749.0,295279,6,0,1.2573624595469255,1.4179356157383751,1
8400,22,87242.0,contract,635.0,26820.0,231641,18,0,0.22126288561319854,0.30742073771807155,1
8401,50,62907.0,self_employed,749.0,,210294,6,1,0.27857790071057276,0.42408634969081344,1
8402,40,24449.0,salaried,593.0,2230.0,49838,18,0,0.16987061502174594,0.09121027444885271,1
8403,38,39630.0,salaried,547.0,17426.0,433016,6,0,0.9105391538396838,0.43971738581882414,1
8404,30,,self_employed,599.0,45418.0,75132,36,0,0.06983202837448972,0.5065694081955877,1
8405,44,61371.0,self_employed,837.0,,165763,36,0,0.22508323692514923,0.6633263267667139,1
8406,24,39887.0,self_employed,,28680.0,129438,24,0,0.27042645473462534,0.7190312633188758,1
8407,57,28859.0,salaried,616.0,43667.0,29806,12,0,0.08606789332039687,1.51311549256731,1
8408,24,63339.0,salaried,766.0,6168.0,313732,36,0,0.41276833125457196,0.09738076066878226,1
8409,33,17512.0,contract,807.0,34097.0,158594,18,1,0.7546920207096086,1.9470648698035633,1
8410,45,95982.0,salaried,663.0,3655.0,344013,24,0,0.29867839803296453,0.03808005667729366,0
8411,33,36912.0,salaried,786.0,38321.0,70214,18,0,0.15851665221788758,1.0381718682271348,1
8412,38,135639.0,salaried,523.0,47076.0,322382,6,0,0.19806373289884668,0.34706832105810276,1
8413,44,130781.0,self_employed,595.0,38309.0,117828,12,0,0.07507971341402803,0.2929248132373969,1
8414,22,117067.0,salaried,753.0,36673.0,276424,36,0,0.19677051033453777,0.3132650533455201,1
8415,53,27227.0,salaried,620.0,1080.0,402299,6,0,1.231311443297707,0.03966650751092665,1
8416,39,48000.0,salaried,571.0,11797.0,409548,24,0,0.7110208333333333,0.24577083333333333,1
8417,29,66253.0,salaried,563.0,49975.0,426813,18,0,0.5368473880428056,0.754305465412887,1
8418,48,125848.0,self_employed,742.0,36018.0,483302,12,0,0.3200302481300193,0.286202402898735,1
8419,55,82564.0,salaried,626.0,2115.0,385891,36,0,0.38948674159843677,0.025616491449057702,1
8420,59,135921.0,salaried,538.0,19951.0,454694,18,1,0.2787734541878493,0.14678379352712237,1
8421,30,110969.0,salaried,576.0,37888.0,465792,36,1,0.34979138317908604,0.34142868729104525,0
8422,21,137614.0,salaried,504.0,8239.0,157006,36,0,0.09507632459875691,0.05987036202711933,0
8423,41,90186.0,salaried,639.0,17824.0,254798,18,0,0.23543750323405702,0.19763599671789414,1
8424,29,67492.0,contract,751.0,11927.0,347889,36,0,0.42954350145202397,0.17671724056184437,1
8425,35,45364.0,contract,656.0,944.0,409710,24,0,0.7526342474208624,0.020809452429239043,0
8426,55,82949.0,salaried,758.0,19503.0,110978,12,0,0.11149220203578906,0.23512037517028536,0
8427,25,121330.0,salaried,816.0,22456.0,384388,6,0,0.2640100002747328,0.18508200774746558,0
8428,42,118722.0,salaried,736.0,10175.0,362459,12,0,0.25441718187586687,0.08570441872609963,0
8429,43,44854.0,self_employed,574.0,24930.0,404132,6,1,0.7508286143190499,0.5558032728407722,1
8430,27,111742.0,salaried,528.0,3305.0,446159,24,0,0.33273000900884775,0.029577061445114638,0
8431,43,134625.0,salaried,540.0,15345.0,223862,12,0,0.1385713401423708,0.11398328690807799,1
8432,45,44655.0,self_employed,528.0,34685.0,221464,24,0,0.4132870525883626,0.7767327286977942,1
8433,47,,salaried,599.0,39537.0,105449,18,0,0.10827808993379007,0.48717285228448914,0
8434,26,136232.0,salaried,819.0,45145.0,421624,6,0,0.2579080783761035,0.3313832286100182,1
8435,54,30455.0,salaried,557.0,33136.0,402357,18,0,1.1009604334263667,1.0880315219175833,1
8436,29,147046.0,salaried,710.0,27562.0,203134,18,0,0.11511930507006878,0.18743794458876814,0
8437,53,27679.0,contract,637.0,33960.0,197558,12,0,0.5947890699326807,1.226922937967412,1
8438,26,42429.0,self_employed,510.0,44953.0,200827,36,0,0.3944373738087943,1.0594876146032195,1
8439,57,33073.0,salaried,832.0,,66508,36,0,0.16757879035265422,0.33846339914734075,0
8440,51,85207.0,salaried,688.0,,275694,24,0,0.26963160303730915,0.11839402865961716,0
8441,54,45365.0,salaried,593.0,23728.0,195335,12,0,0.3588210441235901,0.5230464014107792,1
8442,49,89453.0,salaried,841.0,47236.0,250195,18,0,0.23307863719867788,0.5280538383285077,1
8443,34,121657.0,salaried,680.0,17937.0,427238,24,0,0.29265201892753123,0.1474391116006477,1
8444,56,22784.0,salaried,820.0,19194.0,338893,18,1,1.239513840121723,0.8424332865168539,1
8445,56,127529.0,salaried,782.0,,397893,24,0,0.26000164668428355,0.11586384273380956,0
8446,35,145229.0,salaried,820.0,43992.0,161735,6,0,0.09280458218858952,0.30291470711772445,0
8447,28,135913.0,salaried,557.0,32879.0,31662,24,0,0.019413154002928344,0.24191210553810158,1
8448,46,41154.0,salaried,524.0,20456.0,100752,24,0,0.20401419060115664,0.49705982407542404,1
8449,56,,salaried,803.0,17447.0,219620,18,0,0.45022550225502256,0.42920049200492005,1
8450,41,,salaried,759.0,34160.0,268715,36,0,0.20204742999789468,0.3082197960840928,1
8451,48,51201.0,salaried,712.0,17581.0,473186,18,0,0.770144463324284,0.3433721997617234,1
8452,24,87920.0,salaried,614.0,33108.0,347864,12,1,0.32971640885653625,0.37656960873521383,1
8453,36,96451.0,self_employed,687.0,5015.0,269208,18,0,0.23259478906387698,0.05199531368259531,1
8454,42,127169.0,salaried,759.0,35629.0,124722,36,0,0.08172982409234955,0.2801704817998097,0
8455,32,114978.0,salaried,635.0,45251.0,176249,12,0,0.1277411040952762,0.39356224669067125,0
8456,36,57568.0,salaried,589.0,13895.0,168765,36,0,0.24429804752640355,0.24136673151750973,1
8457,60,67204.0,self_employed,720.0,48880.0,250747,12,0,0.31092767295597484,0.7273376584727099,1
8458,58,31767.0,self_employed,515.0,30496.0,489710,18,0,1.2846402451180996,0.9599899266534454,1
8459,57,53652.0,salaried,646.0,29808.0,376881,36,0,0.5853789234324909,0.5555804070677701,1
8460,49,99244.0,contract,600.0,12792.0,37396,36,0,0.03140072279768382,0.12889444198137923,0
8461,38,116733.0,self_employed,,15430.0,215315,6,0,0.15370903400637922,0.13218198795541963,0
8462,30,75089.0,salaried,544.0,,308574,6,0,0.3424536217022467,0.521114943600261,1
8463,59,41440.0,self_employed,562.0,42500.0,413222,24,0,0.8309644465894466,1.0255791505791505,1
8464,38,,salaried,849.0,,286189,6,0,0.35361836414947934,0.09353083344453834,0
8465,21,71325.0,salaried,791.0,3584.0,218231,36,0,0.25497254352143944,0.05024886084822993,0
8466,59,70919.0,self_employed,565.0,,144019,24,0,0.16922944955982647,0.43835925492463235,1
8467,41,55533.0,contract,618.0,3519.0,362514,18,0,0.5439918606954424,0.0633677272972827,1
8468,21,114826.0,salaried,733.0,47111.0,421470,24,0,0.3058758469336213,0.4102816435302109,0
8469,35,113995.0,salaried,507.0,40555.0,208856,12,0,0.1526792110765092,0.35576121759726304,0
8470,24,82275.0,self_employed,694.0,9597.0,299895,24,0,0.3037526587663324,0.11664539653600729,1
8471,40,147597.0,contract,726.0,40317.0,282730,6,0,0.15962948659751441,0.27315595845444013,1
8472,30,123744.0,salaried,526.0,2013.0,135066,18,0,0.0909579454357383,0.01626745539177657,1
8473,43,34507.0,salaried,789.0,33215.0,362310,12,0,0.8749673979192628,0.9625583214999855,1
8474,54,28193.0,salaried,527.0,18104.0,345290,24,0,1.0206138639615034,0.6421452133508317,1
8475,53,,salaried,658.0,28443.0,357127,18,0,0.26526475446853015,0.25352075014261266,0
8476,54,79042.0,contract,644.0,13465.0,497623,6,0,0.5246398539173267,0.1703524708382885,1
8477,59,74516.0,salaried,733.0,20477.0,63401,18,0,0.07090311700395441,0.2748000429437973,1
8478,30,85490.0,contract,607.0,33.0,331031,18,0,0.3226800405505517,0.00038601005965610015,0
8479,40,48512.0,self_employed,702.0,49648.0,253322,12,0,0.43515350153913807,1.0234168865435356,1
8480,21,27402.0,salaried,,27487.0,479488,36,0,1.4581903997275139,1.0031019633603386,1
8481,33,117880.0,salaried,812.0,1403.0,138035,6,0,0.09758158013799344,0.011901934170342722,0
8482,21,134764.0,salaried,800.0,3219.0,278751,12,0,0.17236984654655546,0.02388620106259832,0
8483,25,46050.0,salaried,510.0,8077.0,241141,12,0,0.4363753166847629,0.17539630836047773,1
8484,36,110808.0,salaried,824.0,2710.0,110210,12,0,0.08288360647847327,0.024456717926503502,0
8485,35,65093.0,salaried,594.0,26178.0,35218,36,0,0.04508677328335356,0.402163059007881,1
8486,48,20050.0,salaried,629.0,46994.0,161723,36,1,0.6721654197838737,2.343840399002494,1
8487,51,61716.0,salaried,602.0,45645.0,457475,24,1,0.6177152872296757,0.739597511180245,1
8488,43,130455.0,salaried,772.0,32487.0,143293,24,0,0.09153411776730162,0.24902840059790732,0
8489,37,148510.0,salaried,,38438.0,429913,6,0,0.2412368415146006,0.2588243215945054,1
8490,54,123686.0,self_employed,791.0,12964.0,79717,6,0,0.053709258390871505,0.10481380269391848,0
8491,33,62431.0,salaried,630.0,21602.0,412253,36,0,0.5502781737705094,0.34601399945539874,1
8492,34,31760.0,self_employed,690.0,28288.0,79129,36,0,0.2076222712006717,0.8906801007556675,0
8493,31,58815.0,self_employed,798.0,30714.0,349112,36,0,0.49464705715662105,0.5222137209895434,0
8494,48,102986.0,self_employed,592.0,3602.0,98246,12,0,0.07949786055062501,0.03497562775522887,1
8495,52,40634.0,contract,788.0,22488.0,149674,36,1,0.3069555872750242,0.5534281636068317,1
8496,55,75403.0,salaried,705.0,4096.0,390234,12,1,0.4312759439279604,0.054321446096309164,1
8497,51,61573.0,salaried,528.0,35102.0,82116,12,0,0.11113637470969419,0.5700875383690903,1
8498,37,142099.0,salaried,686.0,6116.0,130079,6,0,0.07628425721973178,0.043040415484978785,0
8499,29,25296.0,salaried,836.0,15539.0,262379,18,0,0.8643626133248998,0.614286843769766,1
8500,30,36959.0,salaried,676.0,29610.0,263612,24,0,0.5943793573058435,0.8011580399902595,1
8501,28,29570.0,salaried,830.0,1279.0,100481,24,1,0.28317269755382707,0.04325329726073723,1
8502,41,50423.0,salaried,655.0,,167793,6,0,0.27730896614640144,0.7480118200027766,1
8503,33,95263.0,salaried,745.0,49.0,220949,6,0,0.19327983232384732,0.0005143654934234698,1
8504,25,127446.0,salaried,698.0,38419.0,470184,36,0,0.30744001380977043,0.3014531644775042,1
8505,26,71963.0,salaried,608.0,27240.0,397389,36,0,0.46017745230187734,0.3785278545919431,1
8506,50,49341.0,salaried,571.0,42734.0,483051,36,0,0.8158377414320748,0.8660951338643319,1
8507,51,20597.0,self_employed,720.0,36814.0,371112,12,0,1.5014807981744915,1.7873476719910666,1
8508,37,149868.0,self_employed,780.0,16449.0,414432,12,0,0.2304427896548963,0.10975658579550004,0
8509,31,122127.0,salaried,713.0,6539.0,458086,36,0,0.31257488788992877,0.05354262366225323,0
8510,40,90589.0,self_employed,574.0,21754.0,39814,12,0,0.03662512372731053,0.24013953128967094,0
8511,29,98967.0,salaried,741.0,4223.0,369737,6,0,0.3113302077123351,0.042670789252983315,0
8512,22,146607.0,salaried,649.0,27320.0,487679,36,1,0.27720311217518034,0.1863485372458341,0
8513,57,63469.0,salaried,822.0,49339.0,326429,24,0,0.4285937491793894,0.7773716302446864,1
8514,21,59493.0,contract,677.0,5302.0,423739,24,0,0.5935418172446059,0.08911972837140504,1
8515,24,60785.0,salaried,675.0,45633.0,268025,12,0,0.36744948040909214,0.7507279756518878,1
8516,56,,salaried,603.0,,312451,24,0,0.2603315769652492,0.28610136276832937,1
8517,45,122771.0,contract,618.0,19272.0,286812,36,0,0.19467952529506155,0.15697518143535524,1
8518,23,144026.0,salaried,699.0,21241.0,48199,24,1,0.027887904498724768,0.1474803160540458,1
8519,29,45192.0,self_employed,569.0,33434.0,388821,6,0,0.7169797751814481,0.7398212072933262,1
8520,42,94941.0,salaried,556.0,41892.0,107610,12,0,0.0944533973731054,0.441242455840996,1
8521,43,72544.0,salaried,565.0,30798.0,270829,24,0,0.3111088902367299,0.42454234671371854,0
8522,32,20017.0,contract,557.0,5138.0,246220,12,0,1.0250453780952857,0.2566818204526153,1
8523,30,63260.0,salaried,616.0,48605.0,115454,6,1,0.15208926124986827,0.7683370218147328,1
8524,54,,self_employed,806.0,36620.0,233199,24,0,0.31890199875283076,0.6009386589648495,1
8525,30,100265.0,contract,520.0,4140.0,440262,36,0,0.3659153243903655,0.04129057996309779,0
8526,50,119120.0,self_employed,578.0,48901.0,250569,18,0,0.17529172263263937,0.4105188045668234,0
8527,42,116728.0,salaried,811.0,13533.0,450218,24,0,0.3214153130925456,0.11593619354396546,0
8528,26,29628.0,salaried,546.0,43136.0,214762,6,0,0.6040513478241303,1.4559200756041581,1
8529,22,138239.0,salaried,670.0,33385.0,409373,18,0,0.24677852607922993,0.2415020363283878,1
8530,50,133165.0,salaried,583.0,45818.0,201413,24,0,0.12604225334484787,0.34406938760184735,0
8531,22,104102.0,contract,607.0,13944.0,270424,12,0,0.2164735868026871,0.13394555339955044,0
8532,52,,salaried,786.0,31973.0,382106,6,0,0.3051185000638814,0.3063721732464546,0
8533,36,134346.0,contract,770.0,49944.0,109483,24,0,0.06791109026940388,0.37175650931177706,1
8534,32,83348.0,self_employed,675.0,12185.0,167881,6,0,0.16785145814336677,0.1461942698085137,0
8535,21,113348.0,contract,817.0,2444.0,35806,36,0,0.026324534472009505,0.02156191551681547,0
8536,28,107862.0,contract,569.0,10514.0,146457,18,0,0.11315152695110418,0.0974764050360646,0
8537,33,24402.0,self_employed,665.0,20617.0,443048,18,0,1.513018058629074,0.8448897631341693,1
8538,35,106861.0,self_employed,842.0,1350.0,25029,36,0,0.019518346262902275,0.012633233827121214,1
8539,28,141121.0,self_employed,557.0,27406.0,287208,18,1,0.16959913832810142,0.19420213859028776,1
8540,30,,self_employed,744.0,47318.0,434457,18,0,0.29654391468518865,0.38756972372613424,1
8541,25,41000.0,self_employed,544.0,18659.0,118872,36,0,0.24160975609756097,0.45509756097560977,1
8542,39,104795.0,self_employed,671.0,,407650,12,0,0.32416463889816627,0.21598358700319673,0
8543,58,127885.0,salaried,763.0,34685.0,69382,18,1,0.045211192347291186,0.27122023693161823,0
8544,31,20988.0,salaried,,10269.0,184834,12,0,0.7338876183215806,0.4892795883361921,1
8545,40,71999.0,salaried,826.0,608.0,150291,6,1,0.17395033264350893,0.008444561730024029,0
8546,40,128174.0,salaried,688.0,25344.0,378685,6,0,0.24620502858093946,0.1977312091375786,0
8547,41,75659.0,salaried,772.0,49935.0,259224,18,0,0.28551791591218495,0.6600007930318931,0
8548,38,110343.0,self_employed,570.0,11121.0,149945,6,0,0.11324158910548622,0.10078573176368233,0
8549,30,137453.0,self_employed,535.0,48650.0,482791,36,1,0.29270065646681653,0.3539391646599201,1
8550,54,74938.0,salaried,738.0,39834.0,320831,18,0,0.3567738219150053,0.5315594224558968,0
8551,46,20149.0,self_employed,567.0,35157.0,471349,36,0,1.9494309064138833,1.7448508610849174,1
8552,50,53079.0,contract,,167.0,344999,12,0,0.5416439018569805,0.0031462536973190904,0
8553,29,148556.0,self_employed,707.0,48338.0,476556,24,0,0.267326799321468,0.3253857131317483,0
8554,51,128316.0,self_employed,776.0,39543.0,71777,24,0,0.046614737574945185,0.30816889553913773,0
8555,24,63601.0,salaried,709.0,3256.0,340524,18,1,0.44617222999638373,0.05119416361377966,1
8556,26,58809.0,salaried,801.0,2479.0,401270,36,1,0.5686062790842672,0.042153411892737504,1
8557,34,105636.0,salaried,847.0,23975.0,365676,24,0,0.28847173312128443,0.22695861259419137,0
8558,24,145366.0,salaried,606.0,41939.0,214583,18,0,0.12301306128439021,0.2885062531816243,0
8559,46,116477.0,salaried,515.0,27010.0,485954,24,1,0.3476752205728742,0.2318912746722529,1
8560,59,32857.0,contract,738.0,,230893,24,0,0.5856007344959471,1.0829960130261436,1
8561,37,140305.0,self_employed,721.0,8982.0,396643,6,0,0.23558378770060465,0.06401767577776986,0
8562,39,68709.0,salaried,755.0,45797.0,26041,18,0,0.03158368384539628,0.6665356794597506,1
8563,26,131839.0,salaried,800.0,44146.0,315497,24,0,0.19942063173011526,0.33484780679465104,1
8564,49,138307.0,salaried,644.0,36769.0,467973,18,1,0.28196512107124005,0.26585060770604524,1
8565,31,137850.0,salaried,663.0,,20421,6,0,0.012344940152339499,0.07718534639100472,1
8566,36,35948.0,self_employed,511.0,40239.0,62273,18,0,0.14435898149178442,1.1193668632469123,1
8567,50,48782.0,salaried,549.0,44634.0,103233,6,0,0.17635090812184823,0.9149686359722848,1
8568,45,97789.0,self_employed,814.0,7740.0,82482,24,1,0.07028909182014337,0.07915000664696438,1
8569,60,120217.0,self_employed,511.0,25702.0,171298,24,0,0.11874221893187596,0.2137967176023358,1
8570,31,49723.0,salaried,689.0,38794.0,165011,24,1,0.27655042267495256,0.7802023208575508,1
8571,27,89314.0,self_employed,795.0,21134.0,322371,6,0,0.30078431153010726,0.23662583693485903,1
8572,46,105312.0,salaried,592.0,11353.0,305049,12,0,0.2413851223032513,0.10780347918565786,1
8573,42,26809.0,salaried,629.0,11381.0,479929,6,0,1.491815559451428,0.42452161587526577,1
8574,45,23100.0,self_employed,,40074.0,95466,6,0,0.3443939393939394,1.7348051948051948,1
8575,39,92627.0,self_employed,840.0,,185506,36,0,0.16689338241909307,0.16450926835587895,0
8576,51,89635.0,salaried,713.0,41711.0,147103,24,1,0.13676112381696137,0.4653427790483628,1
8577,46,70020.0,salaried,829.0,46596.0,384976,24,0,0.4581738550890222,0.6654670094258783,1
8578,56,20663.0,salaried,786.0,17616.0,289101,36,0,1.1659366984464985,0.8525383535788608,1
8579,43,110440.0,salaried,674.0,14422.0,83425,12,0,0.0629489617288422,0.13058674393335748,1
8580,33,62136.0,self_employed,700.0,41818.0,396077,18,1,0.5311963542337239,0.6730075962405047,1
8581,45,121602.0,salaried,604.0,29638.0,290850,24,0,0.19931826779164816,0.24372954392197496,0
8582,22,51104.0,self_employed,730.0,47990.0,449313,24,0,0.7326774812147777,0.9390654351909831,0
8583,22,54137.0,salaried,597.0,4728.0,484213,6,0,0.7453513000966683,0.08733398599848533,1
8584,36,148606.0,self_employed,602.0,24029.0,483349,12,1,0.27104614439076036,0.16169602842415515,1
8585,29,82762.0,salaried,540.0,40047.0,389628,12,1,0.39231773035934364,0.48388149150576354,1
8586,48,91438.0,salaried,650.0,18384.0,212928,12,0,0.1940549880793543,0.20105426627879,1
8587,33,51392.0,salaried,767.0,30089.0,474755,12,0,0.7698263672685761,0.5854802303860523,0
8588,55,99267.0,salaried,826.0,22390.0,308137,36,1,0.25867693526885405,0.2255533057310083,0
8589,33,,salaried,777.0,,467342,6,0,0.6774839813284625,0.5741845698877969,1
8590,51,60798.0,self_employed,555.0,23823.0,74324,36,1,0.10187286862506442,0.39183854732063556,1
8591,41,105680.0,contract,515.0,2190.0,276677,36,0,0.218171997224325,0.020722937168811507,0
8592,52,110446.0,salaried,721.0,48057.0,259764,18,1,0.19599623345345238,0.4351176140376293,1
8593,54,104938.0,salaried,678.0,37459.0,71166,6,0,0.05651432274295298,0.356963159198765,0
8594,28,52232.0,salaried,633.0,2015.0,389090,12,0,0.6207720682085056,0.038577883289937207,1
8595,22,112239.0,contract,,21754.0,33906,6,0,0.025173959140762123,0.19381854792006345,1
8596,58,72172.0,salaried,561.0,16546.0,452659,12,0,0.5226622974745515,0.22925788394391178,1
8597,52,112305.0,salaried,622.0,41309.0,309635,18,0,0.22975750560230326,0.3678286808245403,1
8598,60,19094.0,salaried,541.0,30.0,270578,24,0,1.180903250584826,0.0015711741908452917,1
8599,48,83466.0,salaried,798.0,6601.0,230285,36,0,0.22991896900134984,0.07908609493686052,0
8600,57,114067.0,salaried,551.0,24389.0,344931,18,0,0.25199444186311554,0.21381293450340588,0
8601,21,45755.0,salaried,811.0,43098.0,49535,36,1,0.0902178268313117,0.9419298437329253,1
8602,30,44000.0,salaried,566.0,18559.0,398375,12,0,0.7544981060606061,0.42179545454545453,1
8603,24,72564.0,salaried,558.0,21449.0,209234,12,0,0.24028673538761186,0.29558734358635136,0
8604,55,147933.0,self_employed,803.0,17231.0,251065,18,0,0.1414294534237346,0.11647840576477189,0
8605,30,58574.0,contract,534.0,49943.0,189522,24,0,0.26963328439239254,0.8526479325297914,1
8606,31,93819.0,salaried,635.0,24276.0,431893,24,0,0.38362254269746354,0.25875355738176703,1
8607,34,106133.0,salaried,575.0,49660.0,226272,36,0,0.1776638745724704,0.46790347959635553,1
8608,58,92972.0,self_employed,,29416.0,456377,12,0,0.4090631229474107,0.3163963343802435,0
8609,32,136237.0,salaried,787.0,45795.0,454421,12,1,0.27795985427355757,0.33614216402298935,0
8610,37,108960.0,salaried,720.0,7977.0,454990,24,1,0.3479793808125306,0.0732103524229075,1
8611,36,89426.0,self_employed,,37100.0,334410,12,0,0.31162637264330284,0.4148681591483461,0
8612,55,53297.0,salaried,584.0,,372648,12,0,0.58265943674128,0.26819520798544005,1
8613,22,129147.0,salaried,622.0,9204.0,89794,18,0,0.05794043480168593,0.07126762526423377,0
8614,31,,salaried,694.0,19408.0,81905,24,1,0.29294891053979427,0.8329971243401004,1
8615,23,56384.0,salaried,601.0,35838.0,237599,24,0,0.3511619726636398,0.6356058456299659,1
8616,49,132182.0,self_employed,782.0,17458.0,291506,6,0,0.1837781745371281,0.1320754716981132,0
8617,38,91693.0,self_employed,502.0,22352.0,165327,24,0,0.15025410881964818,0.24376997153544983,1
8618,40,47687.0,contract,812.0,49620.0,377199,24,1,0.6591576320590518,1.0405351563319143,1
8619,34,75047.0,self_employed,,20867.0,260795,6,0,0.289590745355133,0.27805242048316386,1
8620,54,69911.0,salaried,647.0,23613.0,309282,12,0,0.3686615840139606,0.3377580066084021,1
8621,51,92303.0,self_employed,698.0,13654.0,333489,12,0,0.30108176332296893,0.1479258528975223,1
8622,60,109165.0,self_employed,620.0,23704.0,162847,36,0,0.12431258492496068,0.2171391929647781,0
8623,38,115330.0,salaried,668.0,17119.0,146220,12,0,0.10565334258215556,0.1484349258649094,1
8624,50,107480.0,salaried,500.0,8133.0,404410,24,0,0.31355445974444857,0.0756698920729438,0
8625,45,49623.0,salaried,829.0,30760.0,437011,36,0,0.7338851607789398,0.6198738488201035,1
8626,39,128219.0,contract,608.0,16037.0,358215,36,0,0.23281455946466592,0.12507506687776382,0
8627,28,138089.0,self_employed,826.0,22205.0,26950,12,0,0.01626366570351971,0.16080209140481863,1
8628,48,65000.0,salaried,509.0,43816.0,440153,36,0,0.564298717948718,0.6740923076923077,1
8629,28,,salaried,626.0,22060.0,481368,6,0,0.4637778343006451,0.2550465928272481,1
8630,51,111172.0,self_employed,656.0,16079.0,132919,36,1,0.099634650211684,0.1446317418054906,1
8631,23,57876.0,salaried,730.0,20861.0,79868,18,0,0.11499873292326122,0.36044301610339347,1
8632,23,133217.0,salaried,514.0,16479.0,275094,6,0,0.17208389319681422,0.12370042862397441,0
8633,42,105688.0,self_employed,774.0,9103.0,342069,24,0,0.269716051018091,0.08613087578533041,0
8634,37,119065.0,self_employed,545.0,29458.0,31826,12,0,0.02227494785761279,0.24741107798261452,1
8635,56,81224.0,salaried,773.0,37156.0,204793,12,0,0.2101113381923241,0.45745099970452086,1
8636,37,40365.0,self_employed,605.0,11498.0,132851,18,0,0.2742702010817953,0.2848507370246501,1
8637,34,44663.0,self_employed,,20820.0,221431,12,0,0.41315145273119436,0.46615766965944966,1
8638,29,119610.0,salaried,825.0,8910.0,249963,24,0,0.1741514087450882,0.0744920993227991,0
8639,50,118376.0,salaried,752.0,43964.0,443377,36,0,0.31212478317677006,0.37139284990200716,0
8640,41,98275.0,salaried,521.0,23399.0,36366,12,0,0.03083693716611549,0.2380971762910201,0
8641,32,138229.0,salaried,554.0,23758.0,134379,24,0,0.08101230566668355,0.1718742087405682,1
8642,57,75883.0,salaried,796.0,7658.0,266949,6,0,0.2931585467100668,0.10091851929944784,1
8643,52,27713.0,salaried,,43388.0,425983,24,0,1.2809361430856758,1.5656190235629488,1
8644,31,113097.0,salaried,722.0,31884.0,344990,18,0,0.25419919773881416,0.2819172922358683,0
8645,40,35734.0,salaried,747.0,15265.0,388700,24,0,0.9064662972705733,0.42718419432473276,1
8646,55,86622.0,salaried,635.0,20065.0,223523,12,0,0.21503678819083683,0.23163861374708503,1
8647,31,93267.0,salaried,820.0,39958.0,442475,36,0,0.3953479437171418,0.4284259169910043,0
8648,28,54435.0,salaried,745.0,47467.0,294640,24,0,0.4510578365634855,0.8719941214292275,1
8649,24,27976.0,self_employed,569.0,32505.0,364020,18,0,1.0843222762367744,1.161888761795825,1
8650,47,97910.0,salaried,517.0,11411.0,52804,6,0,0.044942634392128825,0.11654580737411908,0
8651,60,145177.0,salaried,685.0,43573.0,460924,18,0,0.26457588552824024,0.30013707405443013,1
8652,58,60812.0,salaried,616.0,32697.0,291493,6,0,0.3994455589905501,0.5376734854962836,1
8653,50,126841.0,self_employed,756.0,15162.0,355598,24,0,0.2336245115275555,0.11953548142950624,0
8654,47,72907.0,salaried,777.0,6035.0,477115,36,1,0.5453465830898725,0.08277668810950937,1
8655,41,135992.0,contract,594.0,22510.0,84135,18,0,0.051556341549502914,0.16552444261427143,0
8656,40,96876.0,self_employed,614.0,46925.0,467198,36,0,0.4018866041812902,0.4843820967009373,1
8657,24,,salaried,561.0,6128.0,305843,24,0,0.5031471062415688,0.12097522455828645,1
8658,31,38997.0,salaried,774.0,26841.0,498095,36,0,1.0643874315118258,0.6882837141318563,1
8659,33,81876.0,self_employed,814.0,38746.0,177068,36,0,0.18021968179523506,0.47322780790463626,0
8660,29,125233.0,salaried,623.0,14817.0,277275,18,0,0.18450608066563925,0.11831545998259245,0
8661,24,137660.0,salaried,579.0,20444.0,377878,24,0,0.22875078696304907,0.1485108237687055,0
8662,32,47862.0,salaried,646.0,48543.0,290842,36,0,0.5063898987366456,1.0142284066691738,1
8663,29,67448.0,contract,521.0,2984.0,46190,6,0,0.05706865535919029,0.04424148974024433,1
8664,33,99612.0,salaried,582.0,19180.0,406291,12,0,0.33989462447630137,0.1925470826808015,1
8665,46,133849.0,salaried,823.0,5444.0,65885,6,0,0.041019482152774144,0.040672698339173245,0
8666,58,,salaried,504.0,37699.0,283116,36,0,0.182806446613978,0.29210444754377807,0
8667,33,77104.0,salaried,760.0,20310.0,230286,24,0,0.24889110811371654,0.2634104586013696,1
8668,59,54821.0,self_employed,779.0,3808.0,241633,6,0,0.36730602019907216,0.06946243227960089,1
8669,48,27467.0,salaried,628.0,8680.0,392855,24,0,1.1918999769420273,0.31601558233516586,1
8670,39,22691.0,self_employed,613.0,46487.0,98457,6,0,0.3615860914018774,2.0486977215636157,1
8671,44,145115.0,salaried,783.0,40079.0,118515,24,0,0.06805809185818144,0.2761878510147125,0
8672,39,30688.0,self_employed,546.0,23327.0,431931,36,0,1.1729096063607924,0.7601342544316997,1
8673,33,113505.0,salaried,840.0,26834.0,52006,18,0,0.0381818715768762,0.23641249284172502,0
8674,33,65650.0,self_employed,687.0,19097.0,75572,6,0,0.09592790048235593,0.29089108910891087,1
8675,48,149158.0,self_employed,518.0,25826.0,111176,24,0,0.062113106012863316,0.17314525536679226,1
8676,22,17590.0,self_employed,586.0,6118.0,37830,6,0,0.17922114837976122,0.34781125639567934,1
8677,30,88396.0,salaried,641.0,38481.0,137704,24,0,0.1298173371344103,0.43532512783383864,0
8678,42,144797.0,self_employed,750.0,28536.0,234524,24,0,0.1349728700640667,0.19707590626877627,0
8679,33,82484.0,salaried,825.0,14707.0,445323,18,0,0.44990846709664906,0.17830124630231317,0
8680,29,141484.0,contract,507.0,25567.0,203177,24,0,0.11967018649929792,0.18070594554861327,1
8681,53,,salaried,536.0,24975.0,84030,6,0,0.05971415658284087,0.21297551740898973,1
8682,34,53131.0,self_employed,585.0,12596.0,349513,36,0,0.5481937726248957,0.23707440100882723,1
8683,40,26924.0,salaried,571.0,36867.0,362476,12,0,1.1219110582875254,1.3692987668994205,1
8684,35,119191.0,salaried,765.0,26143.0,435349,24,0,0.30437770748910015,0.2193370304804893,1
8685,52,22734.0,salaried,566.0,3817.0,284551,12,0,1.0430449253687575,0.16789830210257764,1
8686,53,135405.0,salaried,640.0,26849.0,285449,36,0,0.17567605824501803,0.19828662161663158,0
8687,37,20293.0,salaried,794.0,6482.0,51653,12,0,0.21211337242727377,0.3194204898240773,1
8688,44,,salaried,563.0,9317.0,483914,24,0,0.5912667575717588,0.13660689412489185,1
8689,50,82827.0,salaried,529.0,22284.0,475907,6,0,0.47881628776445684,0.269042703466261,1
8690,33,56970.0,self_employed,544.0,36091.0,306593,18,0,0.448471417705225,0.6335088643145516,1
8691,36,45796.0,salaried,633.0,40414.0,491685,24,0,0.8947015023146127,0.8824788191108394,1
8692,22,,self_employed,515.0,11691.0,185196,24,0,0.13496873496873496,0.10224321133412043,1
8693,37,131245.0,salaried,777.0,1565.0,247996,18,0,0.15746377639783102,0.011924263781477389,0
8694,52,98127.0,self_employed,718.0,41878.0,257035,18,0,0.21828429823935647,0.42677346703761454,1
8695,28,51389.0,salaried,776.0,21003.0,169709,18,1,0.27520318874986216,0.4087061433380685,1
8696,23,,salaried,720.0,15850.0,97725,18,1,0.44375272449869224,0.863666085440279,1
8697,32,,salaried,692.0,40135.0,373191,18,0,0.22676512836965795,0.29265073682214915,0
8698,40,108657.0,self_employed,657.0,4119.0,299650,24,0,0.22981338830754883,0.03790828018443358,0
8699,36,122276.0,salaried,523.0,47866.0,459332,12,0,0.3130431700960668,0.39145866727730705,1
8700,34,103672.0,self_employed,819.0,18038.0,239509,6,0,0.19252144584201455,0.1739910486920287,0
8701,36,26290.0,self_employed,640.0,42573.0,469926,24,0,1.4895587675922404,1.6193609737542791,1
8702,53,40123.0,salaried,721.0,48562.0,168965,36,1,0.35093130291021774,1.2103282406599707,1
8703,50,67136.0,self_employed,,241.0,230833,24,0,0.2865241201938354,0.0035897283126787418,1
8704,32,132278.0,self_employed,597.0,4332.0,247719,24,0,0.1560595866281619,0.032749209997127264,0
8705,35,17257.0,salaried,775.0,35837.0,405734,12,0,1.9592725657221224,2.076664541925016,1
8706,38,82733.0,salaried,560.0,41253.0,53761,18,0,0.05415110455723029,0.4986281169545405,1
8707,48,140890.0,self_employed,742.0,48475.0,131971,36,0,0.07805794118342915,0.3440627439846689,0
8708,43,141682.0,salaried,508.0,13398.0,446038,12,1,0.2623468989238812,0.09456388249742381,1
8709,34,122178.0,contract,771.0,37073.0,406664,6,0,0.2773712670584448,0.3034343335133985,0
8710,50,72600.0,salaried,759.0,25363.0,412111,36,0,0.47303833792470157,0.3493526170798898,1
8711,53,95952.0,self_employed,531.0,18660.0,231698,36,0,0.20122734978600412,0.19447223611805903,1
8712,35,149257.0,self_employed,839.0,45465.0,174185,12,0,0.09725116186622179,0.30460882906664344,0
8713,27,105888.0,self_employed,592.0,44274.0,96089,36,0,0.0756215687015211,0.4181210335448776,1
8714,35,138611.0,salaried,627.0,47873.0,496892,24,1,0.2987329047959157,0.3453766295604245,1
8715,58,69476.0,salaried,736.0,12745.0,452143,24,0,0.5423251674439135,0.18344464275433242,1
8716,31,111279.0,salaried,516.0,35369.0,91064,18,0,0.06819495741933938,0.31784074263787415,1
8717,49,107154.0,salaried,540.0,10023.0,110887,12,0,0.08623647585095595,0.09353827201970995,0
8718,51,137537.0,self_employed,800.0,,386547,24,0,0.23420788587798191,0.10336127732900965,0
8719,45,102125.0,salaried,771.0,24961.0,228250,36,0,0.18625050999592002,0.24441615667074662,1
8720,44,89099.0,salaried,775.0,30107.0,80086,36,0,0.07490357168243564,0.3379050269924466,0
8721,39,143969.0,salaried,541.0,49679.0,462931,24,0,0.2679575695693749,0.34506734088588514,1
8722,22,110833.0,salaried,765.0,34179.0,67614,12,0,0.05083774688044174,0.30838288235453337,0
8723,42,64240.0,self_employed,551.0,20581.0,366458,12,0,0.4753761934412619,0.32037671232876713,1
8724,40,29772.0,salaried,687.0,16773.0,383340,6,0,1.072988042455999,0.5633817009270455,1
8725,53,125990.0,self_employed,650.0,9417.0,180665,12,0,0.11949691774479455,0.07474402730375426,0
8726,28,127315.0,salaried,743.0,20022.0,319032,24,1,0.20882064171543024,0.1572634803440286,1
8727,45,113053.0,salaried,788.0,3792.0,499323,6,0,0.36805967112770116,0.03354179013383104,0
8728,29,102091.0,salaried,626.0,17224.0,30568,36,0,0.02495159547201353,0.16871222732660077,0
8729,54,105341.0,salaried,704.0,42337.0,242745,24,0,0.19203111798824768,0.4019042917762315,0
8730,43,75896.0,salaried,805.0,30451.0,154091,18,0,0.16919095428832437,0.4012200906503637,1
8731,25,47822.0,self_employed,599.0,234.0,254073,18,0,0.4427407887583121,0.00489314541424449,1
8732,45,117335.0,salaried,843.0,49265.0,360309,12,0,0.2558976434993821,0.4198661950824562,1
8733,28,132828.0,salaried,578.0,15317.0,285088,6,1,0.1788578713323496,0.1153145421146144,1
8734,36,137766.0,self_employed,682.0,22463.0,459743,6,1,0.2780941354664189,0.16305184152838872,1
8735,35,147624.0,salaried,597.0,3138.0,370603,36,0,0.20920435249914196,0.021256706226629816,0
8736,21,88331.0,self_employed,567.0,17192.0,466359,12,0,0.4399729426815048,0.19463155630526088,1
8737,42,95201.0,salaried,833.0,5159.0,307261,6,0,0.2689581341932683,0.05419060724152057,0
8738,23,80651.0,salaried,527.0,49562.0,210989,24,0,0.2180061830190161,0.6145243084400689,1
8739,58,116917.0,salaried,528.0,28662.0,404501,36,0,0.28831065342650486,0.24514826757443314,1
8740,34,42186.0,salaried,837.0,,283297,6,0,0.5596189099069201,0.9114872232494192,1
8741,56,45267.0,salaried,621.0,42020.0,248482,18,0,0.457437721371713,0.9282700421940928,1
8742,38,54140.0,salaried,711.0,66.0,359461,18,0,0.5532893116611255,0.0012190616919098634,0
8743,38,46748.0,self_employed,675.0,6546.0,62706,6,0,0.11178018310943784,0.14002738085051766,0
8744,23,105139.0,salaried,604.0,13985.0,103092,18,0,0.08171087798057809,0.13301439047356356,0
8745,30,149909.0,salaried,571.0,8187.0,214540,24,0,0.11926124070825189,0.05461313196672648,0
8746,59,,salaried,609.0,,78643,36,0,0.08204799165362546,0.2796494522691706,0
8747,21,43615.0,salaried,612.0,12169.0,171188,24,0,0.32708166150789103,0.27900951507508887,1
8748,47,119135.0,salaried,731.0,,420935,18,0,0.29443838222744506,0.3872161833214421,1
8749,47,49062.0,salaried,542.0,10665.0,56035,6,0,0.09517719076542606,0.21737801149565855,1
8750,31,70122.0,contract,764.0,4304.0,106424,6,0,0.12647481056824772,0.0613787399104418,0
8751,25,88086.0,salaried,795.0,34778.0,311698,36,1,0.2948803820508745,0.39481869990690915,1
8752,27,43205.0,salaried,545.0,16000.0,271515,18,0,0.5236951741696563,0.3703275083902326,1
8753,39,33459.0,salaried,557.0,48305.0,21222,18,0,0.05285573388326011,1.4437072237664006,1
8754,49,42729.0,salaried,724.0,,155712,18,0,0.3036813405415526,0.8110650846029629,1
8755,35,53585.0,salaried,639.0,31765.0,418130,12,0,0.6502597119840752,0.5927964915554726,1
8756,55,98698.0,salaried,600.0,16752.0,200825,6,1,0.16956186211135651,0.16972988307767128,1
8757,57,60635.0,salaried,780.0,1762.0,398320,18,0,0.5474286028421429,0.029059124268161953,1
8758,32,44104.0,salaried,737.0,17377.0,493031,36,0,0.931568943104178,0.3940005441683294,1
8759,50,29770.0,self_employed,588.0,17571.0,440953,12,1,1.2343326615160677,0.5902250587840108,1
8760,40,143750.0,salaried,,49528.0,450964,18,0,0.26142840579710147,0.3445426086956522,1
8761,57,137245.0,contract,678.0,2.0,31086,6,0,0.01887500455389996,1.4572479871762177e-05,0
8762,23,139011.0,salaried,730.0,49835.0,300339,12,0,0.18004510434426052,0.3584968096049953,0
8763,29,70178.0,self_employed,,27765.0,461106,24,0,0.5475433896662771,0.39563680925646216,1
8764,59,110155.0,self_employed,714.0,763.0,255206,36,0,0.1930658314798844,0.006926603422450184,0
8765,46,35828.0,self_employed,699.0,48522.0,344535,6,0,0.8013634587473485,1.3543038963938818,1
8766,22,32171.0,salaried,755.0,24841.0,418903,24,0,1.0850947540745806,0.7721550464704237,1
8767,43,138249.0,salaried,694.0,35250.0,29964,6,1,0.01806161346555852,0.25497471952780854,1
8768,43,29202.0,salaried,523.0,10921.0,232992,36,0,0.6648859667146085,0.3739812341620437,1
8769,41,102367.0,salaried,769.0,,459462,18,0,0.37403167036251916,0.4872273291197359,1
8770,36,74046.0,salaried,,19224.0,204868,24,0,0.23056388371192682,0.2596223968884207,1
8771,29,24849.0,salaried,725.0,21730.0,451889,24,0,1.5154499845734906,0.8744818704978068,1
8772,33,93872.0,salaried,727.0,18807.0,66023,12,0,0.05861083887279132,0.20034728140446564,0
8773,48,50344.0,salaried,627.0,21765.0,116846,18,0,0.19341265427194237,0.4323255998728746,1
8774,47,90604.0,salaried,530.0,26989.0,418577,36,0,0.3849876017247215,0.2978786808529425,1
8775,37,111550.0,salaried,840.0,,448165,12,0,0.334801284924548,0.11702375616315554,0
8776,58,,salaried,750.0,2475.0,359195,24,0,0.3348837773029174,0.02768982916214493,0
8777,56,56182.0,salaried,557.0,38817.0,385412,6,0,0.5716718284622596,0.6909152397565056,1
8778,21,131810.0,self_employed,824.0,42024.0,133685,36,0,0.08451875173861366,0.31882254760640316,0
8779,38,39180.0,salaried,646.0,5997.0,99626,12,0,0.21189807725029777,0.15306278713629404,1
8780,29,66372.0,contract,605.0,40192.0,358649,18,0,0.4503015829968461,0.6055565599951787,1
8781,33,118427.0,salaried,584.0,6786.0,90727,6,0,0.06384171965289447,0.05730112221030677,1
8782,60,84086.0,self_employed,501.0,46181.0,122920,12,0,0.12181972425056886,0.5492115215374735,1
8783,35,37163.0,salaried,802.0,21722.0,307628,36,0,0.6898169326121859,0.5845060947716815,1
8784,24,134616.0,contract,,11084.0,480674,6,0,0.2975587349695925,0.08233790931241457,1
8785,53,47934.0,salaried,721.0,21418.0,54754,12,0,0.0951899139094032,0.44682271456586137,1
8786,44,70595.0,self_employed,524.0,4465.0,404646,12,1,0.47766130745803526,0.06324810538990014,1
8787,56,41592.0,salaried,534.0,4946.0,499178,36,0,1.0001482656921203,0.11891709944220043,1
8788,30,38039.0,salaried,656.0,10514.0,275789,18,0,0.6041803587546115,0.27640053629170064,1
8789,56,123305.0,salaried,842.0,30789.0,179289,6,0,0.12116905234986416,0.24969790357244231,0
8790,40,104262.0,self_employed,644.0,41006.0,338235,12,0,0.27034058429725116,0.393297653987071,1
8791,31,143383.0,salaried,835.0,3661.0,413716,36,0,0.24044923968206366,0.025533012979223477,0
8792,32,49018.0,contract,777.0,2564.0,493065,12,0,0.8382379942062099,0.0523073156799543,0
8793,38,,salaried,793.0,4927.0,62782,36,0,0.0767603705116543,0.07228791924645676,0
8794,50,47174.0,salaried,,43626.0,242515,36,0,0.4284051242916296,0.9247890787298088,1
8795,57,110941.0,salaried,776.0,17139.0,65306,12,0,0.049054602596575354,0.1544875203937228,0
8796,40,118381.0,self_employed,678.0,48063.0,375208,36,1,0.26412459206573125,0.406002652452674,1
8797,45,122532.0,salaried,779.0,34220.0,259194,6,0,0.1762764012666079,0.2792739855711161,1
8798,32,148686.0,self_employed,800.0,6179.0,168683,36,1,0.09454095655721902,0.04155737594662578,1
8799,41,49647.0,salaried,696.0,17288.0,284199,18,0,0.47703285193465866,0.3482184220597418,1
8800,45,72940.0,salaried,724.0,2454.0,480907,18,0,0.5494321817018554,0.03364409103372635,1
8801,31,146692.0,salaried,546.0,19871.0,197896,36,0,0.1124214908334015,0.13546069315300086,0
8802,29,121566.0,salaried,684.0,36828.0,423285,6,0,0.29016131155092706,0.3029465475544149,0
8803,45,77395.0,self_employed,661.0,22188.0,85297,24,0,0.09184163490320219,0.2866851863815492,1
8804,55,65955.0,salaried,630.0,47515.0,494743,24,0,0.6251017107623885,0.7204154347661285,1
8805,52,47314.0,salaried,794.0,44723.0,343549,6,0,0.6050869369178961,0.9452381958828254,1
8806,34,68685.0,contract,591.0,41738.0,325968,18,0,0.3954866419159933,0.6076727087428114,1
8807,21,138947.0,salaried,574.0,46994.0,120874,36,0,0.07249406848174723,0.3382152907223618,1
8808,37,79783.0,self_employed,,,390036,12,0,0.4073925522981086,0.16443352593910984,0
8809,45,115229.0,salaried,667.0,23872.0,204705,36,0,0.14804215952581382,0.20717007003445312,0
8810,28,,self_employed,757.0,46152.0,378300,36,0,0.4835938578594548,0.7079722038994309,1
8811,25,108554.0,salaried,737.0,24120.0,474838,24,0,0.36451750588032994,0.22219356265084658,1
8812,25,34567.0,salaried,544.0,34369.0,93012,36,1,0.2242312031706541,0.9942719935198311,1
8813,55,91089.0,salaried,,29315.0,481721,24,0,0.44070542729272105,0.32182810218577435,0
8814,39,56444.0,salaried,636.0,29084.0,492242,12,0,0.7267409585902251,0.5152717737934944,1
8815,43,101184.0,contract,602.0,3843.0,77037,36,0,0.0634462958570525,0.037980313092979126,1
8816,29,39821.0,salaried,628.0,48512.0,41494,6,0,0.08683441735097897,1.2182516762512243,1
8817,50,29601.0,self_employed,660.0,3675.0,418939,36,0,1.1794055381011903,0.12415121110773285,1
8818,36,127882.0,salaried,537.0,12049.0,215810,6,0,0.14063094623689548,0.09421967125944229,1
8819,53,86657.0,salaried,556.0,33773.0,449573,24,0,0.4323299521869747,0.38973193163852893,1
8820,22,96846.0,salaried,660.0,231.0,128387,36,0,0.11047350088456588,0.0023852301592218574,1
8821,34,65502.0,salaried,675.0,11845.0,221739,24,1,0.2821020732191383,0.18083417300235108,1
8822,21,138409.0,salaried,758.0,22960.0,168729,6,0,0.10158840826824846,0.1658851664270387,0
8823,46,37098.0,salaried,787.0,49142.0,412609,24,0,0.9268446636835769,1.3246536201412475,1
8824,45,133502.0,self_employed,823.0,16230.0,125848,18,0,0.07855562713167842,0.12157121241629339,1
8825,36,90516.0,salaried,644.0,18517.0,358117,6,0,0.3296995374666726,0.20457156745768704,0
8826,35,59280.0,salaried,567.0,28412.0,89246,24,0,0.12545827710301394,0.47928475033738194,1
8827,46,23951.0,salaried,839.0,48157.0,459743,36,0,1.5995957023367153,2.010646737088222,1
8828,36,23117.0,self_employed,767.0,18074.0,142916,24,1,0.5151908407953742,0.7818488558203919,1
8829,34,40979.0,salaried,717.0,17607.0,448924,12,0,0.9129147449506658,0.42965909368212984,1
8830,49,31915.0,contract,800.0,,479172,6,0,1.251167162776124,1.1824533918220272,1
8831,44,74261.0,salaried,663.0,18587.0,55847,24,0,0.06266972794153952,0.2502928859024252,0
8832,35,133825.0,salaried,835.0,47860.0,231108,18,0,0.14391182514477863,0.35763123482159537,0
8833,39,113902.0,salaried,678.0,9089.0,212631,12,0,0.15556574950395954,0.07979666731049499,0
8834,28,87964.0,salaried,547.0,47635.0,467207,6,0,0.44261193973292107,0.5415283525078441,1
8835,54,50677.0,self_employed,693.0,7882.0,146688,12,0,0.24121396294176844,0.15553406870967104,1
8836,22,,salaried,788.0,26445.0,251795,36,0,0.3236605995166847,0.40791300323924107,0
8837,47,23922.0,salaried,705.0,41111.0,136968,18,0,0.4771340188947412,1.718543600033442,1
8838,30,111696.0,salaried,583.0,31820.0,476109,36,0,0.3552119144821659,0.284880389628993,1
8839,55,82561.0,salaried,600.0,16555.0,464702,24,1,0.46904914749902094,0.20051840457358802,1
8840,43,28220.0,contract,654.0,5524.0,110849,12,1,0.3273358138436097,0.19574769666902905,1
8841,28,68380.0,self_employed,546.0,34197.0,414634,36,0,0.5053061323973872,0.5001023691137759,1
8842,48,148838.0,salaried,733.0,21241.0,230339,24,0,0.12896516122674764,0.14271221059138123,0
8843,43,136449.0,salaried,,22201.0,122851,18,0,0.07502864318048014,0.16270547970303922,0
8844,24,25935.0,self_employed,798.0,19817.0,480793,36,0,1.544865368549579,0.764102564102564,1
8845,34,18784.0,salaried,835.0,35967.0,341273,12,0,1.5140234596819988,1.914767887563884,1
8846,49,33069.0,self_employed,646.0,10090.0,99119,36,0,0.24977824145473607,0.3051195984154344,1
8847,21,136185.0,salaried,695.0,32266.0,213821,18,0,0.13083978901249527,0.23692770863164078,1
8848,24,50682.0,salaried,521.0,17743.0,242246,24,1,0.39831037975349565,0.35008484274495877,1
8849,52,126547.0,self_employed,693.0,40200.0,246859,36,0,0.1625608140322041,0.31766853422048724,0
8850,53,109303.0,salaried,773.0,30914.0,433168,36,0,0.33025016086780173,0.2828284676541358,0
8851,46,142081.0,self_employed,,46837.0,393700,6,0,0.23091288302681803,0.32964998838690607,1
8852,37,92818.0,salaried,774.0,16483.0,184211,24,0,0.1653872812026403,0.17758408929302505,0
8853,59,126269.0,salaried,716.0,,260164,6,0,0.17169957260557486,0.369393912995272,0
8854,43,59273.0,salaried,526.0,19826.0,322489,6,0,0.45339502527851355,0.33448619101445853,1
8855,52,70210.0,salaried,514.0,13196.0,74527,18,0,0.08845724730570194,0.18795043441105255,0
8856,35,88191.0,self_employed,658.0,26496.0,202747,18,0,0.1915794506620101,0.30043882028778446,1
8857,33,44461.0,salaried,713.0,49738.0,239346,12,1,0.44860664402510064,1.1186882886124918,1
8858,22,19610.0,salaried,850.0,11159.0,401332,24,0,1.7054733979262282,0.5690464048954615,1
8859,39,71973.0,contract,663.0,27780.0,395387,24,0,0.4577955159110592,0.3859780751115001,1
8860,44,40583.0,self_employed,626.0,49407.0,156722,18,0,0.3218137315296224,1.2174309439913265,1
8861,44,,salaried,829.0,17104.0,198787,18,0,0.7571107556368069,0.7817184643510054,1
8862,31,104257.0,salaried,557.0,18384.0,283562,6,0,0.2266530464780942,0.17633348360301945,0
8863,42,127024.0,salaried,646.0,35775.0,85170,18,0,0.05587526766595289,0.2816396901372969,1
8864,35,87417.0,self_employed,755.0,13966.0,229476,36,0,0.2187560771932233,0.15976297516501367,0
8865,30,18722.0,salaried,609.0,27203.0,187041,24,0,0.8325365879713705,1.4529964747356052,1
8866,47,,self_employed,548.0,31797.0,271928,12,0,0.6460263610533018,0.9064914331328221,1
8867,29,95868.0,salaried,681.0,13696.0,45202,6,0,0.0392918735483512,0.14286310343388825,0
8868,48,142430.0,salaried,560.0,26865.0,363129,36,0,0.2124605069156779,0.18861897072246014,1
8869,21,28229.0,salaried,734.0,22574.0,66352,18,1,0.1958742191835819,0.7996740940167912,1
8870,37,88338.0,salaried,741.0,45170.0,393076,12,1,0.3708068252997955,0.5113314768276392,1
8871,51,17598.0,salaried,629.0,37880.0,286451,18,0,1.3564562260862978,2.152517331514945,1
8872,30,107297.0,salaried,830.0,18115.0,235953,36,0,0.1832553566269327,0.16883044260324148,0
8873,57,27741.0,salaried,763.0,1580.0,251022,12,0,0.7540643812407628,0.05695540896146498,1
8874,49,84360.0,salaried,707.0,35994.0,341487,18,0,0.33733108108108106,0.4266714082503556,1
8875,38,51288.0,salaried,641.0,26572.0,104555,36,0,0.16988216866843447,0.5180939011074716,1
8876,58,147321.0,salaried,521.0,4590.0,87879,36,0,0.049709477942723714,0.031156454273321522,1
8877,59,30565.0,self_employed,516.0,18236.0,224792,12,0,0.6128796553792464,0.5966301325044986,1
8878,26,71995.0,salaried,818.0,16465.0,408183,36,0,0.4724668379748594,0.22869643725258698,1
8879,60,,self_employed,621.0,3012.0,78353,18,0,0.09795692310769723,0.045187229956793085,1
8880,32,60765.0,salaried,781.0,23576.0,149450,12,0,0.20495625222853067,0.3879865053896157,1
8881,34,148086.0,salaried,726.0,5301.0,330213,6,0,0.18582276514998042,0.03579676674364896,1
8882,30,129794.0,salaried,800.0,25773.0,401840,36,1,0.2579985720962962,0.1985685008552013,1
8883,40,123987.0,contract,785.0,35880.0,232137,18,0,0.156022405574778,0.289385177478284,0
8884,35,72498.0,salaried,615.0,39356.0,400050,12,0,0.4598402714557643,0.5428563546580595,1
8885,51,83776.0,salaried,648.0,23946.0,304526,6,0,0.30291690539852306,0.28583365164247515,1
8886,27,138675.0,contract,669.0,24491.0,494351,6,0,0.29706808485067004,0.17660717504957635,1
8887,30,76711.0,salaried,589.0,5381.0,458326,24,1,0.49789252301929754,0.07014639360717498,1
8888,30,57530.0,salaried,618.0,,386171,24,1,0.5593762674546613,0.8140969928732835,1
8889,59,143236.0,self_employed,683.0,34872.0,424220,12,0,0.24680713414690905,0.2434583484598844,0
8890,48,32916.0,self_employed,763.0,40494.0,138428,36,0,0.35045773078948433,1.2302223842508202,1
8891,50,55376.0,self_employed,726.0,42558.0,90512,18,0,0.13620822498314553,0.7685278821149957,1
8892,57,125713.0,self_employed,,17328.0,206293,36,0,0.1367486523536415,0.13783777334086372,0
8893,23,131128.0,salaried,616.0,24469.0,351718,18,0,0.22352078376344742,0.18660392898541883,1
8894,35,100566.0,self_employed,811.0,8770.0,140786,18,0,0.11666136335010507,0.08720641170972297,1
8895,41,92125.0,salaried,817.0,9106.0,384282,24,0,0.3476092265943012,0.0988439620081411,0
8896,57,102519.0,salaried,620.0,,390439,24,0,0.31737125150785056,0.4562471346774744,0
8897,32,27437.0,salaried,816.0,24737.0,371751,36,1,1.1291048584028867,0.9015927397310202,1
8898,24,77146.0,self_employed,637.0,,170340,12,0,0.18400176289114148,0.010032924584553963,1
8899,29,42618.0,self_employed,730.0,56.0,459905,18,0,0.8992776917421433,0.0013139987798582759,1
8900,59,24705.0,salaried,805.0,23055.0,251985,24,1,0.849979761181947,0.9332119004250152,1
8901,48,95912.0,salaried,647.0,39994.0,135412,12,0,0.11765298746072789,0.4169864042038535,0
8902,43,66750.0,salaried,783.0,25765.0,235403,24,0,0.2938863920099875,0.3859925093632959,0
8903,60,59379.0,contract,641.0,32648.0,193347,18,0,0.27134593037942706,0.5498240118560433,0
8904,42,67682.0,salaried,831.0,545.0,406436,6,0,0.5004235493434985,0.008052362518838096,1
8905,44,120894.0,salaried,507.0,30765.0,303376,24,0,0.2091198350069758,0.25447913047793935,0
8906,46,75384.0,salaried,504.0,37674.0,363038,12,0,0.40132079309490964,0.4997612225405922,1
8907,50,145512.0,self_employed,756.0,42373.0,457718,36,0,0.26213072919530117,0.2911993512562538,0
8908,53,66128.0,self_employed,828.0,6395.0,160818,36,0,0.2026599927413501,0.09670638761190418,0
8909,36,147907.0,contract,745.0,14501.0,217033,18,0,0.12228010393918701,0.09804133678595334,0
8910,42,36283.0,salaried,734.0,26991.0,408973,6,0,0.9393127176179845,0.74390210291321,1
8911,38,64506.0,self_employed,509.0,45043.0,442286,24,0,0.5713757893322585,0.6982761293523083,1
8912,27,140007.0,salaried,741.0,3388.0,158169,24,1,0.09414350711035877,0.024198790060496977,1
8913,46,109440.0,salaried,820.0,10821.0,438095,6,0,0.333588419834308,0.09887609649122807,1
8914,28,121649.0,self_employed,687.0,571.0,50408,18,0,0.034531041493696346,0.004693832255094575,0
8915,26,26955.0,salaried,813.0,18124.0,372359,18,0,1.1511747975020095,0.6723798924132814,1
8916,50,59588.0,self_employed,501.0,48877.0,158570,12,0,0.22175885525049785,0.8202490434315634,1
8917,59,111626.0,salaried,653.0,36695.0,405387,12,0,0.3026378263128662,0.32873165749914895,0
8918,43,84874.0,salaried,702.0,16731.0,224141,12,0,0.22007230325737762,0.19712750665692674,0
8919,52,130117.0,salaried,716.0,17228.0,148081,18,0,0.09483836342163847,0.132403913401016,0
8920,42,82959.0,salaried,814.0,19049.0,368726,24,0,0.37038979094090657,0.22961945057196928,0
8921,29,23272.0,salaried,604.0,4592.0,137535,36,0,0.49249097628050875,0.197318666208319,1
8922,51,147645.0,salaried,500.0,31230.0,156939,18,0,0.08857902401029497,0.21152087778116427,1
8923,27,39419.0,self_employed,753.0,10691.0,497859,6,0,1.0524937213019103,0.2712143890002283,1
8924,29,63555.0,contract,786.0,16599.0,32140,36,0,0.042141976765531164,0.2611753599244749,1
8925,33,137082.0,salaried,793.0,39381.0,340596,18,0,0.20705125399395982,0.2872806057688099,0
8926,23,40379.0,salaried,777.0,43860.0,287482,18,0,0.5932993222549675,1.0862081775180168,1
8927,55,33368.0,salaried,693.0,8477.0,358287,12,0,0.8947869216015344,0.25404579237592906,1
8928,53,119302.0,salaried,756.0,8052.0,431497,24,0,0.30140386023145743,0.06749258185110057,1
8929,41,113906.0,salaried,749.0,3059.0,188660,24,0,0.13802316530004272,0.02685547732340702,0
8930,51,58327.0,salaried,747.0,28797.0,299242,36,1,0.42753498951314717,0.4937164606442985,1
8931,54,108787.0,salaried,587.0,32818.0,481624,18,0,0.368935013681169,0.3016720747883479,1
8932,52,46977.0,self_employed,752.0,38306.0,189771,12,0,0.33663814206952336,0.8154203120676076,1
8933,55,21714.0,salaried,663.0,34493.0,164625,6,0,0.6317928525375334,1.5885143225568759,1
8934,35,121680.0,salaried,661.0,15410.0,379585,18,0,0.25996123712469865,0.12664365548980933,0
8935,52,92237.0,salaried,764.0,37334.0,299730,12,1,0.27079696867851294,0.404761646627709,1
8936,26,67299.0,salaried,609.0,,468452,6,0,0.5800631014824391,0.17080491537764306,1
8937,41,80124.0,self_employed,839.0,,233083,6,0,0.24241904215133211,0.09806050621536619,1
8938,53,108052.0,salaried,706.0,43677.0,267283,36,1,0.20613763126395931,0.40422204123940325,1
8939,52,55912.0,self_employed,818.0,,418985,24,0,0.6244708947393524,0.13996995278294463,1
8940,39,129742.0,salaried,631.0,13791.0,66585,24,0,0.04276756948405297,0.10629557121055634,1
8941,53,83446.0,salaried,632.0,4533.0,82063,36,0,0.08195220062475533,0.05432255590441723,1
8942,48,76516.0,self_employed,607.0,19706.0,171435,18,0,0.1867093156986774,0.25754090647707667,0
8943,51,140223.0,self_employed,671.0,26965.0,395170,12,0,0.2348461617090872,0.192300835098379,0
8944,41,98521.0,salaried,539.0,48259.0,281440,24,0,0.2380541542750615,0.48983465454065633,1
8945,54,140673.0,salaried,791.0,16907.0,353924,36,1,0.2096611763925321,0.12018653188600513,0
8946,35,86366.0,self_employed,534.0,,357191,24,0,0.3446485499695096,0.2921288469999768,1
8947,34,55888.0,salaried,558.0,37369.0,322064,24,0,0.4802223494608264,0.6686408531348411,1
8948,39,,salaried,692.0,19337.0,104160,24,0,0.1219186740641899,0.27160615211742395,1
8949,35,99010.0,salaried,709.0,18492.0,263148,18,0,0.22148267851732148,0.18676901323098677,0
8950,26,113474.0,salaried,530.0,42898.0,225669,36,0,0.1657273912966847,0.3780425471914271,0
8951,29,144986.0,salaried,673.0,33972.0,309486,24,0,0.17788269212199798,0.2343122784268826,0
8952,57,83345.0,salaried,804.0,36850.0,490301,24,0,0.4902323674685544,0.44213810066590675,1
8953,40,137617.0,self_employed,697.0,22840.0,391927,36,0,0.2373295692634873,0.16596786734197083,0
8954,54,74117.0,salaried,605.0,28638.0,279527,6,0,0.31428574640995544,0.38638908752378,1
8955,58,38095.0,salaried,774.0,3334.0,53742,18,0,0.11756135975849849,0.08751804698779367,0
8956,46,18991.0,self_employed,595.0,711.0,222979,18,0,0.9784415424850368,0.037438786793744405,1
8957,38,38519.0,salaried,669.0,,310858,12,0,0.6725209204115717,0.23635089176769905,1
8958,48,41657.0,salaried,529.0,,88094,12,0,0.17622888510134352,0.1370718006577526,1
8959,29,15826.0,self_employed,781.0,30351.0,292845,6,0,1.5420036648553015,1.9177935043599141,1
8960,52,97049.0,salaried,660.0,42694.0,112445,12,0,0.09655345924910784,0.43992210120660696,0
8961,26,32801.0,salaried,805.0,15977.0,349000,24,0,0.8866599595540786,0.48708880826804063,1
8962,34,54566.0,salaried,610.0,43096.0,341067,24,0,0.5208783858080123,0.7897958435655903,1
8963,48,145794.0,salaried,711.0,33099.0,371268,12,0,0.21221037902794354,0.2270258035310095,0
8964,44,32421.0,self_employed,695.0,48558.0,144788,18,0,0.372155907179503,1.49773295086518,1
8965,33,93027.0,self_employed,595.0,3834.0,374040,6,1,0.3350640136734496,0.041213841142893996,1
8966,32,22546.0,salaried,837.0,48945.0,305778,24,0,1.1302004790206688,2.1708950589905083,1
8967,39,86439.0,contract,637.0,8899.0,267675,6,0,0.2580577054338898,0.1029512141510198,0
8968,41,31406.0,salaried,777.0,39978.0,260548,12,0,0.6913434800144346,1.272941476151054,1
8969,47,145209.0,salaried,809.0,24996.0,470816,36,0,0.27019445534826814,0.17213809061421811,0
8970,39,24825.0,self_employed,678.0,5804.0,283384,6,1,0.951272239006378,0.2337965760322256,1
8971,44,49173.0,self_employed,836.0,7733.0,333865,6,1,0.5657999986442425,0.15726109857035364,1
8972,46,70619.0,salaried,733.0,33020.0,389389,12,0,0.4594950839481348,0.46757954658094847,1
8973,48,98114.0,self_employed,748.0,9190.0,264761,12,0,0.22487531510963438,0.09366655115477913,1
8974,38,122071.0,salaried,631.0,14122.0,285466,24,0,0.1948770251192612,0.11568677245209755,0
8975,56,49374.0,salaried,748.0,5827.0,391926,36,0,0.6614918783165229,0.11801758010288815,0
8976,49,79368.0,salaried,792.0,19939.0,221360,36,0,0.2324194469643517,0.2512221550246951,1
8977,37,23316.0,self_employed,562.0,8484.0,206687,6,0,0.7387166180591297,0.3638703036541431,1
8978,24,25556.0,salaried,806.0,27357.0,127229,36,0,0.4148699587833255,1.070472687431523,1
8979,49,119554.0,salaried,756.0,7552.0,206778,12,0,0.14413152215735148,0.06316810813523596,0
8980,24,59494.0,salaried,747.0,47119.0,149482,12,1,0.20937965733239206,0.7919958315124214,1
8981,30,99671.0,salaried,763.0,,215907,12,0,0.1805163989525539,0.4935036269326083,0
8982,45,47481.0,salaried,836.0,1444.0,371761,6,0,0.6524732700097583,0.03041216486594638,1
8983,51,43401.0,contract,678.0,22406.0,423794,18,0,0.8137178098814928,0.5162553858206033,1
8984,23,55431.0,salaried,814.0,24288.0,499459,12,1,0.7508719549229372,0.4381663689992964,1
8985,22,79459.0,salaried,800.0,7793.0,496395,36,0,0.5205986735297449,0.0980757371726299,1
8986,45,105473.0,salaried,664.0,6677.0,415629,36,0,0.32838498952338513,0.06330530088269036,1
8987,26,138311.0,self_employed,590.0,40629.0,427985,12,1,0.2578639201991647,0.29375103932442104,1
8988,46,135327.0,self_employed,821.0,25498.0,416121,18,0,0.25624413457772655,0.18841768457144545,0
8989,28,149295.0,self_employed,691.0,13268.0,161760,6,0,0.09029103452895275,0.08887102716098999,0
8990,55,55149.0,salaried,791.0,10634.0,284698,12,0,0.43019516824118903,0.1928230792942755,1
8991,47,27863.0,self_employed,575.0,6420.0,60211,6,1,0.18008051298615846,0.23041309263180562,1
8992,45,,salaried,805.0,4378.0,220010,18,0,0.15473437535165305,0.036948889339004795,0
8993,38,37499.0,salaried,598.0,18046.0,302810,12,1,0.6729290558859348,0.4812394997199925,1
8994,21,104218.0,contract,594.0,998.0,189496,12,0,0.15152212989438804,0.009576080907328869,1
8995,59,47132.0,self_employed,680.0,28757.0,371099,12,0,0.6561341905004385,0.6101374862089451,1
8996,23,141272.0,self_employed,653.0,4302.0,54296,24,0,0.03202804990845084,0.030451894218245654,0
8997,24,95096.0,salaried,823.0,7830.0,315762,12,1,0.2767045932531337,0.08233784806931943,1
8998,57,25633.0,salaried,,47666.0,346239,12,0,1.1256290718995046,1.8595560410408458,1
8999,35,18996.0,contract,670.0,18908.0,295776,18,0,1.297536323436513,0.9953674457780586,1
9000,28,146086.0,salaried,752.0,46822.0,459488,18,0,0.26211044635808134,0.32050983667154964,1
9001,58,16674.0,salaried,850.0,6735.0,155746,24,0,0.7783875094958218,0.4039222741993523,1
9002,39,72251.0,self_employed,621.0,32898.0,450393,12,0,0.5194772390693554,0.4553293380022422,1
9003,46,135162.0,salaried,704.0,45191.0,146503,36,0,0.09032555994534953,0.33434693182995223,1
9004,59,41321.0,self_employed,744.0,11609.0,236287,6,0,0.4765272702338601,0.28094673410614457,1
9005,30,55131.0,self_employed,626.0,43177.0,171982,12,0,0.2599596113499362,0.7831709927264152,1
9006,58,,salaried,814.0,33954.0,193411,24,0,0.1233523134577756,0.25985933278739964,0
9007,34,98605.0,salaried,545.0,37062.0,293834,36,0,0.24832581174044588,0.37586329293646364,1
9008,39,49851.0,salaried,795.0,40903.0,480167,18,0,0.8026702907999171,0.8205051052135364,1
9009,50,41865.0,self_employed,735.0,23599.0,71421,6,0,0.14216529320434731,0.5636928221664875,1
9010,25,98606.0,salaried,640.0,24373.0,27270,24,0,0.023046264933168366,0.24717562825791534,1
9011,51,136497.0,salaried,620.0,11004.0,34653,18,0,0.021156142625845257,0.08061715642102024,0
9012,27,72852.0,self_employed,508.0,42477.0,170263,12,0,0.1947590091326708,0.5830588041508813,1
9013,39,64339.0,salaried,565.0,29219.0,443585,24,1,0.5745413616417206,0.4541413450628701,1
9014,51,116086.0,salaried,808.0,,275751,12,0,0.19795022655617386,0.42345330186241237,0
9015,59,35572.0,self_employed,580.0,49862.0,56376,24,0,0.13207016754750928,1.401720454289891,1
9016,44,96061.0,contract,759.0,,208057,24,1,0.18049034814683726,0.022381611684242304,1
9017,54,33456.0,salaried,604.0,23226.0,312058,12,0,0.7772845926988682,0.6942252510760402,1
9018,43,70803.0,salaried,596.0,14144.0,125909,24,1,0.14819169620872938,0.1997655466576275,1
9019,60,80633.0,salaried,689.0,26289.0,465181,18,0,0.48075953187073944,0.32603276574107376,1
9020,26,51232.0,self_employed,847.0,20906.0,161266,18,0,0.26231326774932334,0.40806527170518425,1
9021,58,82323.0,salaried,694.0,12458.0,305398,6,0,0.30914608716073677,0.15133073381679482,0
9022,56,121067.0,contract,833.0,38576.0,109256,6,0,0.07520353743519428,0.31863348393864555,0
9023,47,,salaried,582.0,31435.0,205935,24,0,0.551950662549852,1.0110317766628072,1
9024,31,16132.0,salaried,750.0,27994.0,71271,18,0,0.36816575750061986,1.7353087031986114,1
9025,25,146024.0,salaried,569.0,7892.0,476254,12,0,0.27178979711097717,0.05404591026132691,1
9026,37,28068.0,self_employed,791.0,,205309,24,0,0.6095583345209253,0.19784095767421975,1
9027,27,130729.0,salaried,,19988.0,258023,12,0,0.16447702244082543,0.15289644990782458,0
9028,47,91593.0,salaried,687.0,27223.0,211562,36,0,0.1924837778723993,0.2972170362363936,0
9029,35,70041.0,salaried,640.0,28172.0,148262,6,0,0.1763990615020726,0.40222155594580317,0
9030,33,78372.0,self_employed,639.0,31145.0,32897,24,0,0.03497954201330407,0.3973995814831828,1
9031,31,82562.0,salaried,574.0,,338036,24,0,0.34119409252036853,0.08665003270269615,0
9032,46,107099.0,self_employed,599.0,39907.0,312657,12,0,0.24327724815357754,0.3726178582433076,0
9033,42,,salaried,644.0,15479.0,53706,6,1,0.05661893074918402,0.19582268552488424,1
9034,48,143088.0,contract,674.0,20366.0,248217,12,0,0.14455964161914348,0.1423319915017332,0
9035,44,111458.0,self_employed,808.0,177.0,493872,12,0,0.36925119776059145,0.0015880421324624523,0
9036,49,31623.0,salaried,720.0,48256.0,423092,6,0,1.1149374400489096,1.5259779274578629,1
9037,29,,contract,822.0,10802.0,243749,36,0,0.3142342579271154,0.16710756331121115,0
9038,24,27043.0,salaried,509.0,37281.0,58508,18,1,0.18029311343662563,1.3785822578855895,1
9039,38,81572.0,self_employed,545.0,41513.0,269169,18,1,0.2749809983817977,0.508912371892316,1
9040,36,139218.0,salaried,838.0,44349.0,398917,36,0,0.23878437654134763,0.3185579450933069,1
9041,53,101700.0,salaried,616.0,7774.0,268126,6,0,0.21970337594231398,0.07644051130776794,0
9042,49,72061.0,salaried,503.0,16625.0,446123,24,0,0.5159089752663253,0.23070731741163736,1
9043,59,132957.0,salaried,812.0,28575.0,43799,6,0,0.027451857868834785,0.21491910918567658,0
9044,30,21122.0,salaried,737.0,42339.0,223669,12,0,0.8824487895716946,2.004497680143926,1
9045,29,62346.0,salaried,793.0,9788.0,140578,6,0,0.1879003197211262,0.15699483527411542,1
9046,51,128993.0,salaried,530.0,40796.0,476338,18,0,0.3077285847552451,0.316265223694309,1
9047,48,102630.0,self_employed,629.0,13749.0,495562,24,0,0.4023855922569749,0.13396667641040633,1
9048,23,92228.0,salaried,740.0,46521.0,72054,36,0,0.06510495727978488,0.5044129765364098,0
9049,34,27054.0,self_employed,580.0,10196.0,398849,6,0,1.2285583154678297,0.3768758778738819,1
9050,45,16767.0,self_employed,524.0,31127.0,103138,24,0,0.5126041231784656,1.8564442058805988,1
9051,35,19708.0,salaried,760.0,1300.0,442102,24,0,1.8693846830390366,0.06596306068601583,1
9052,22,72999.0,salaried,547.0,40691.0,120216,18,0,0.13723475664050191,0.5574185947752709,0
9053,44,67158.0,salaried,551.0,23862.0,134416,12,0,0.16679075215660583,0.3553113553113553,0
9054,34,43082.0,contract,829.0,39441.0,387236,24,0,0.7490289834888507,0.9154867462049116,1
9055,27,49024.0,salaried,648.0,30591.0,139324,24,0,0.23682958006962576,0.6240004895561357,1
9056,56,,self_employed,598.0,44744.0,244865,6,0,0.5305482610089874,1.1633602870440187,1
9057,44,20351.0,self_employed,566.0,23027.0,149899,36,0,0.6138068563379359,1.1314923099601986,1
9058,47,97628.0,contract,709.0,37055.0,472996,6,0,0.40374004725420304,0.3795529970909985,0
9059,57,119720.0,salaried,747.0,14384.0,52732,18,0,0.03670508965363626,0.12014700968927497,0
9060,58,139501.0,salaried,618.0,39005.0,422860,24,0,0.2526027292516422,0.27960373043920833,1
9061,50,125632.0,self_employed,727.0,21410.0,218325,12,1,0.1448178011971472,0.17041836474783495,1
9062,47,105577.0,self_employed,,26348.0,448183,24,0,0.3537568157205957,0.24956193110241814,1
9063,59,141875.0,self_employed,788.0,36573.0,236166,12,0,0.1387171806167401,0.25778325991189427,0
9064,35,115017.0,salaried,739.0,2214.0,152500,12,0,0.11049091293750779,0.019249328360155454,0
9065,46,58441.0,salaried,731.0,30973.0,480063,12,0,0.6845408189456033,0.5299875087695283,0
9066,21,128682.0,salaried,789.0,24632.0,241930,36,0,0.1566717437818291,0.19141760308357036,1
9067,24,95865.0,self_employed,653.0,,321188,6,0,0.27920165510526956,0.1733792312105565,0
9068,49,28882.0,salaried,669.0,732.0,224177,18,0,0.6468186644507536,0.025344505228169795,1
9069,21,129883.0,salaried,658.0,47693.0,194821,36,0,0.1249977543892067,0.3671997105086886,1
9070,42,110515.0,salaried,612.0,22547.0,154178,36,0,0.1162572199852207,0.20401755417816586,0
9071,31,125625.0,self_employed,550.0,20273.0,149615,12,0,0.09924709784411277,0.1613771144278607,1
9072,30,140934.0,salaried,535.0,35592.0,448898,36,0,0.2654303905847181,0.2525437438801141,1
9073,37,120065.0,salaried,512.0,2454.0,364817,18,0,0.25320798456391674,0.020438928913505183,1
9074,56,92027.0,salaried,840.0,29487.0,51063,18,0,0.046239147206798004,0.32041683418996597,1
9075,46,54530.0,salaried,717.0,30689.0,430083,24,0,0.6572574729506694,0.5627911241518431,1
9076,41,73694.0,salaried,,22607.0,224420,36,0,0.2537746175627143,0.30676852932396126,0
9077,33,102193.0,salaried,722.0,45265.0,277544,24,0,0.2263233946225932,0.4429364046461108,1
9078,29,138498.0,self_employed,707.0,49919.0,200611,18,0,0.12070631585534328,0.36043119756241965,0
9079,31,31685.0,salaried,768.0,11575.0,275740,36,1,0.725211719530798,0.36531481773709956,1
9080,31,131254.0,contract,721.0,40936.0,94272,12,0,0.05985341399119265,0.31188382830237554,1
9081,26,55584.0,salaried,787.0,2424.0,252282,12,0,0.3782293465745538,0.043609671848013815,0
9082,21,26344.0,salaried,511.0,,22965,36,0,0.07264462496204069,1.4785529911934405,1
9083,26,129491.0,salaried,686.0,49865.0,219354,24,0,0.1411642507973527,0.38508467769960847,1
9084,33,59619.0,salaried,668.0,16469.0,453162,24,0,0.633413844579748,0.2762374410842181,1
9085,42,122107.0,salaried,792.0,34784.0,73828,12,0,0.05038477182580305,0.2848649135594192,0
9086,51,148015.0,self_employed,823.0,30585.0,135849,24,0,0.0764838023173327,0.20663446272337263,0
9087,42,127319.0,salaried,605.0,11678.0,106146,12,0,0.0694750979822336,0.091722366653838,0
9088,57,23348.0,contract,675.0,5701.0,248750,6,0,0.8878347895608475,0.2441750899434641,1
9089,47,100030.0,salaried,848.0,20098.0,244506,12,0,0.20369389183245026,0.20091972408277517,0
9090,34,119565.0,self_employed,540.0,45699.0,210074,6,0,0.14641547833117272,0.38221051311002385,1
9091,25,33640.0,contract,811.0,42231.0,466829,36,0,1.156433313515656,1.2553804994054696,1
9092,56,50402.0,salaried,824.0,15002.0,36804,6,1,0.060850759890480534,0.29764691877306454,1
9093,52,80088.0,salaried,748.0,28389.0,384967,18,0,0.400566668331502,0.354472580161822,1
9094,54,147963.0,self_employed,766.0,48356.0,275760,24,0,0.15530909754465644,0.3268114325878767,0
9095,27,145988.0,salaried,721.0,18792.0,212403,6,0,0.12124455434693263,0.12872290873222456,0
9096,30,24967.0,salaried,612.0,47971.0,304402,18,0,1.0160144724369502,1.9213762166059198,1
9097,37,92664.0,salaried,783.0,29421.0,282019,18,0,0.2536215070937293,0.3175019425019425,1
9098,50,115274.0,self_employed,777.0,22702.0,245249,24,0,0.1772942438595578,0.19693946596804135,0
9099,41,77661.0,self_employed,702.0,6971.0,179838,12,0,0.19297330706532237,0.0897619139593876,1
9100,33,102738.0,salaried,840.0,19235.0,398017,18,0,0.32284143484721656,0.1872238120267087,0
9101,21,58452.0,contract,761.0,,368994,6,0,0.5260641209881612,0.5844966810374325,1
9102,21,27857.0,salaried,781.0,10157.0,333115,24,1,0.9965029735195223,0.3646121262160319,1
9103,53,70900.0,salaried,643.0,36924.0,396168,6,0,0.4656417489421721,0.520789844851904,1
9104,58,46460.0,self_employed,742.0,,486148,12,0,0.8719830678720046,0.03293155402496772,1
9105,45,101923.0,salaried,769.0,774.0,395004,24,0,0.32295948902602944,0.007593967995447544,1
9106,46,64800.0,salaried,,7985.0,200131,18,1,0.25737011316872427,0.12322530864197531,0
9107,33,27626.0,salaried,797.0,8307.0,70082,6,0,0.21140109558628345,0.3006949974661551,1
9108,48,111939.0,self_employed,552.0,7342.0,344264,6,1,0.25628839516760615,0.06558929416914569,1
9109,53,111159.0,self_employed,649.0,30119.0,342874,18,1,0.25704471372838306,0.27095421873172665,1
9110,57,31802.0,contract,512.0,21631.0,430953,18,1,1.1292607383183448,0.6801773473366455,1
9111,50,,salaried,766.0,48132.0,86192,12,0,0.22923648123916213,1.5361440015319312,1
9112,28,50120.0,salaried,596.0,17733.0,206653,12,0,0.34359703378558126,0.35381085395051876,1
9113,21,108621.0,salaried,585.0,46278.0,365269,18,0,0.2802320300248878,0.4260502112851106,1
9114,32,71843.0,salaried,808.0,48358.0,203091,24,0,0.23557270715309772,0.6731066353019779,0
9115,25,140179.0,salaried,764.0,19231.0,389095,18,0,0.23130842232669183,0.13718887993208684,0
9116,44,109333.0,self_employed,570.0,40782.0,25014,18,0,0.01906560690733813,0.37300723477815484,1
9117,26,59935.0,salaried,516.0,626.0,243268,36,0,0.33823864742359777,0.010444648369066488,0
9118,45,37507.0,salaried,688.0,30028.0,55258,24,0,0.12277263799646289,0.800597221851921,1
9119,21,99271.0,contract,509.0,38729.0,479626,24,0,0.40262345834466595,0.3901340774244241,1
9120,45,72223.0,salaried,665.0,31143.0,293443,12,0,0.3385844306292086,0.4312061254724949,1
9121,21,128487.0,contract,,46392.0,417379,12,0,0.2707011863716433,0.3610637652058185,1
9122,52,32673.0,salaried,844.0,,46009,12,0,0.11734714698170763,1.394974443730297,1
9123,23,124619.0,salaried,718.0,23975.0,214542,6,0,0.1434652821800849,0.1923863937280832,0
9124,39,50470.0,self_employed,593.0,26798.0,491399,24,0,0.8113714417805957,0.5309688924113335,1
9125,49,56603.0,self_employed,657.0,27521.0,383640,36,0,0.5648110524177163,0.4862109782167023,1
9126,22,76407.0,salaried,533.0,14259.0,269498,12,0,0.29392813049415195,0.1866190270524952,1
9127,29,68821.0,salaried,788.0,10613.0,149740,12,1,0.18131578055147896,0.15421165051365135,1
9128,37,50690.0,self_employed,511.0,19441.0,478685,12,0,0.7869484447951601,0.3835273229433813,0
9129,56,21654.0,salaried,732.0,5867.0,441821,12,0,1.700305563252363,0.2709430128382747,1
9130,37,127259.0,self_employed,586.0,29114.0,221651,12,0,0.1451442858003494,0.22877753243385537,1
9131,32,103264.0,salaried,592.0,23589.0,339019,6,0,0.27358598672657786,0.22843391695072823,1
9132,40,42446.0,self_employed,606.0,11023.0,75777,36,0,0.14877138010648824,0.2596946708759365,1
9133,23,110515.0,salaried,692.0,22391.0,165696,24,0,0.1249423155227797,0.20260598108854003,0
9134,24,63484.0,salaried,509.0,28503.0,124301,36,0,0.16316578455463843,0.44897927036733665,1
9135,37,59078.0,self_employed,624.0,9211.0,239225,18,0,0.3374423079093176,0.15591252242797657,1
9136,57,129824.0,salaried,774.0,32506.0,255731,24,0,0.16415236525347138,0.25038513680059155,0
9137,35,19225.0,self_employed,778.0,2006.0,331870,12,0,1.4385348938014737,0.10434330299089727,1
9138,53,139098.0,salaried,627.0,42522.0,111207,18,0,0.0666238910696056,0.3056981408790924,0
9139,36,89745.0,salaried,,9033.0,334191,18,0,0.31031533790183297,0.10065184689954872,1
9140,31,26721.0,salaried,684.0,34971.0,251364,18,1,0.7839152726320123,1.3087459301672841,1
9141,40,148659.0,self_employed,558.0,,126785,18,0,0.0710714902338013,0.10133257993125205,1
9142,58,123878.0,salaried,681.0,31904.0,477070,12,0,0.3209273102030492,0.2575437123621628,1
9143,44,54437.0,salaried,573.0,28475.0,468538,18,0,0.7172480726956543,0.5230817275015155,0
9144,36,94837.0,salaried,501.0,3197.0,399299,36,0,0.3508642899571546,0.0337104716513597,1
9145,50,113215.0,salaried,742.0,42669.0,444835,12,0,0.3274264305377674,0.3768846884246787,1
9146,54,140437.0,salaried,727.0,38434.0,349268,18,0,0.2072507007887285,0.2736743165974779,0
9147,21,56168.0,salaried,547.0,23790.0,337169,18,0,0.5002388667331339,0.4235507762427005,1
9148,44,117114.0,salaried,505.0,42024.0,177126,36,0,0.12603531601687246,0.35882985808699214,1
9149,44,86616.0,salaried,542.0,45241.0,454980,6,0,0.4377366768264524,0.5223168929528031,1
9150,29,139887.0,self_employed,,18892.0,405635,6,0,0.241644446350745,0.1350518632896552,0
9151,42,34760.0,self_employed,626.0,34486.0,266231,36,0,0.6382599731492137,0.9921173762945915,1
9152,32,32752.0,salaried,834.0,30084.0,330862,6,0,0.8418366308418824,0.9185393258426966,1
9153,37,149872.0,salaried,745.0,11524.0,194001,24,0,0.10787038272659336,0.07689228141347283,0
9154,45,81573.0,salaried,620.0,15765.0,98192,24,0,0.1003109689071956,0.19326247655474238,0
9155,48,41866.0,salaried,731.0,2593.0,150373,24,0,0.29931408143441773,0.06193569961305116,0
9156,35,15992.0,contract,688.0,33466.0,20409,6,1,0.10635005002501251,2.0926713356678337,1
9157,50,38696.0,salaried,784.0,7568.0,324729,24,0,0.6993164668182758,0.19557577010543725,1
9158,47,113697.0,salaried,741.0,,122263,24,0,0.08961171652139752,0.2173496222415719,1
9159,42,88541.0,self_employed,577.0,1225.0,89110,6,0,0.08386886677734985,0.013835398290057713,1
9160,30,67838.0,salaried,,13180.0,297528,36,0,0.3654883693505115,0.1942863881600283,1
9161,51,44400.0,salaried,680.0,35470.0,175808,12,0,0.32996996996996997,0.7988738738738739,0
9162,47,97277.0,salaried,569.0,34972.0,322274,24,0,0.2760793061737787,0.3595094421086177,0
9163,32,133692.0,salaried,764.0,2228.0,378088,6,1,0.23567104488924792,0.016665170690841637,0
9164,51,32565.0,salaried,703.0,10648.0,134084,12,0,0.3431188904242796,0.3269768155995701,0
9165,52,54585.0,self_employed,669.0,4948.0,399557,12,0,0.609992061311105,0.09064761381331868,1
9166,52,136559.0,salaried,,31696.0,451837,18,0,0.27572758539044173,0.23210480451672905,1
9167,55,27094.0,self_employed,746.0,20186.0,425274,12,0,1.3080202258802687,0.7450358012844173,1
9168,41,61647.0,salaried,558.0,3099.0,335404,24,0,0.45339324433197614,0.05027008613557837,1
9169,30,146226.0,salaried,799.0,28310.0,105398,36,0,0.060065697390796896,0.19360442055448415,1
9170,36,110798.0,salaried,820.0,45926.0,456162,24,0,0.34308832289391505,0.4145020668243109,0
9171,27,123050.0,salaried,510.0,45667.0,497014,18,0,0.336593525667073,0.37112555871596914,1
9172,24,24574.0,salaried,846.0,17922.0,179074,12,0,0.6072610618268631,0.7293073980629934,1
9173,47,50183.0,salaried,839.0,41561.0,97045,18,0,0.16115185089240047,0.8281888288862762,1
9174,45,81606.0,salaried,504.0,43024.0,255607,24,0,0.2610173680039866,0.5272161360684263,1
9175,51,72194.0,salaried,704.0,31568.0,40918,24,1,0.04723153355311152,0.4372662548134194,1
9176,31,41082.0,salaried,744.0,6978.0,462788,24,1,0.9387485192217192,0.16985541112896158,1
9177,40,123371.0,contract,748.0,12098.0,205995,36,0,0.13914331569007304,0.0980619432443605,1
9178,56,142899.0,salaried,604.0,33313.0,400725,24,0,0.23368777948061217,0.23312269505035024,0
9179,37,22807.0,self_employed,741.0,38700.0,43807,24,0,0.1600641615878166,1.6968474591134302,1
9180,31,47143.0,salaried,771.0,38971.0,82739,12,0,0.1462553648827327,0.8266550707422099,1
9181,50,136952.0,salaried,506.0,41143.0,134321,36,0,0.08173240746149503,0.30041912494888723,0
9182,55,,salaried,723.0,49989.0,426534,12,0,0.48416514561255347,0.6809191707303784,1
9183,58,39715.0,contract,716.0,17772.0,364563,18,0,0.764956565529397,0.4474883545259977,1
9184,42,87934.0,self_employed,543.0,14240.0,208661,6,0,0.19774395190332142,0.16193963654559101,0
9185,47,,contract,525.0,17841.0,76801,12,0,0.23527988138127098,0.6558708918461877,1
9186,57,42987.0,self_employed,791.0,11462.0,263439,36,0,0.5106950938655873,0.266638751250378,1
9187,55,91848.0,salaried,680.0,,274431,12,0,0.2489901794268792,0.2088668234474349,0
9188,24,66069.0,contract,591.0,36071.0,402045,6,0,0.507102423224205,0.5459595271609984,1
9189,36,55409.0,contract,767.0,26029.0,84385,12,0,0.1269122946332425,0.46976123012506993,1
9190,36,109022.0,salaried,845.0,44595.0,209749,6,0,0.16032620327395694,0.4090458806479426,1
9191,41,126689.0,contract,567.0,23670.0,71719,36,0,0.047175234892795216,0.18683547900764866,1
9192,46,121948.0,self_employed,650.0,36054.0,124352,12,0,0.08497611003597162,0.29565060517597663,0
9193,56,,contract,603.0,7489.0,149453,36,0,0.7497692292256135,0.450845825055686,1
9194,39,,contract,587.0,17556.0,97993,36,0,0.05789618590493476,0.12446914858167844,0
9195,37,46657.0,self_employed,594.0,15767.0,450198,18,1,0.8040915618235206,0.33793428638789463,1
9196,46,33462.0,self_employed,785.0,1711.0,291093,18,1,0.7249342537804077,0.05113262805570498,0
9197,42,,salaried,818.0,38264.0,167071,12,0,0.13348721783845802,0.36686833047296713,0
9198,48,53547.0,salaried,502.0,,468221,12,1,0.7286760540584284,0.47352792873550337,1
9199,21,122754.0,salaried,707.0,23871.0,63070,36,1,0.04281598427206717,0.19446209492155042,0
9200,56,97273.0,salaried,601.0,17412.0,43668,18,0,0.03741017548548929,0.17900136728588611,0
9201,57,94397.0,salaried,847.0,45683.0,380556,12,1,0.335953473097662,0.48394546436857105,1
9202,22,67788.0,self_employed,676.0,35018.0,151817,12,1,0.18663209810979328,0.5165811058004367,1
9203,37,102964.0,salaried,803.0,48164.0,144396,12,0,0.11686608911852686,0.4677751447107727,1
9204,60,81247.0,self_employed,698.0,4383.0,306683,18,0,0.3145582811262775,0.05394660725934496,0
9205,58,28706.0,self_employed,507.0,7451.0,289004,12,0,0.8389767528275157,0.25956246080958684,1
9206,41,,self_employed,744.0,42028.0,210039,36,0,0.6751755130381114,1.6212004320320939,1
9207,29,30921.0,salaried,792.0,24859.0,398180,12,1,1.0731110464301499,0.80395200672682,1
9208,33,133960.0,salaried,826.0,37445.0,27035,24,0,0.016817831193391062,0.2795237384293819,1
9209,31,32813.0,salaried,677.0,36256.0,465679,6,1,1.1826588039293369,1.104927924907811,1
9210,36,119748.0,salaried,581.0,28943.0,241893,36,0,0.16833475298126066,0.24169923506029328,1
9211,36,123988.0,self_employed,611.0,3212.0,130083,12,0,0.08742983191921799,0.025905732812852855,0
9212,22,141078.0,salaried,520.0,916.0,278665,24,1,0.16460456863106462,0.006492862104651328,0
9213,28,148140.0,self_employed,533.0,25146.0,191626,18,1,0.10779555375545655,0.16974483596597814,0
9214,33,54927.0,salaried,754.0,27375.0,343835,36,0,0.5216544990017052,0.49838877055000275,1
9215,37,120148.0,salaried,,11430.0,299265,36,1,0.20756691746845557,0.09513266970736092,1
9216,59,45539.0,self_employed,507.0,30317.0,129047,12,1,0.2361474047885695,0.6657370605415138,1
9217,44,26683.0,salaried,517.0,39037.0,461876,18,1,1.4424789816237555,1.4629914177566241,1
9218,23,138031.0,salaried,732.0,,235193,12,0,0.14199286150695617,0.09243575718498019,1
9219,50,100151.0,self_employed,806.0,38810.0,124671,24,1,0.10373585885313177,0.38751485257261536,0
9220,33,67703.0,salaried,690.0,41580.0,114805,6,0,0.14130959238635413,0.6141529917433496,1
9221,39,73810.0,salaried,649.0,29348.0,115784,18,1,0.13072302759337037,0.3976154992548435,1
9222,27,101111.0,self_employed,655.0,14705.0,199021,6,0,0.16402847695437028,0.14543422575189643,0
9223,29,100977.0,self_employed,546.0,25346.0,431041,24,0,0.3557253962123388,0.25100765520861185,1
9224,39,,salaried,811.0,39499.0,377860,36,1,1.6870256272881508,2.1162068041789444,1
9225,60,59390.0,self_employed,638.0,30726.0,184523,24,0,0.2589142392097435,0.5173598248863445,1
9226,42,89884.0,salaried,641.0,11539.0,365984,6,0,0.3393114087787222,0.12837657425125718,0
9227,38,78887.0,salaried,834.0,49216.0,246975,18,1,0.26089533129666487,0.6238797266976815,1
9228,43,70541.0,salaried,513.0,3698.0,341695,12,0,0.40366004640327374,0.0524234133340894,1
9229,22,109319.0,salaried,758.0,32969.0,483922,6,0,0.3688913485609394,0.301585268800483,0
9230,31,22882.0,salaried,735.0,4237.0,205973,18,0,0.7501274655478833,0.18516738047373482,1
9231,51,85825.0,salaried,506.0,,441143,6,0,0.4283357607534712,0.19031750655403437,0
9232,53,28910.0,salaried,538.0,19553.0,145099,36,0,0.41824916407240864,0.6763403666551366,1
9233,34,55566.0,salaried,684.0,2864.0,362996,36,0,0.5443916543689786,0.05154231004571141,1
9234,36,112519.0,self_employed,614.0,39128.0,116587,12,0,0.08634615783408432,0.34774571405718147,1
9235,31,98081.0,salaried,609.0,15326.0,353395,36,0,0.30025778013410687,0.15625860258357888,0
9236,53,124337.0,self_employed,564.0,48713.0,428868,24,1,0.2874365635329789,0.391782011790537,1
9237,27,30362.0,self_employed,730.0,5412.0,476531,12,0,1.3079150473179193,0.17824912719847177,1
9238,51,28783.0,salaried,780.0,9349.0,214625,6,0,0.6213882036850455,0.32480978355279155,1
9239,34,149626.0,salaried,530.0,39195.0,248621,24,0,0.1384680247194115,0.2619531364869742,1
9240,48,33773.0,salaried,585.0,32869.0,187824,18,0,0.463447132324638,0.9732330559914725,1
9241,36,60640.0,contract,637.0,33144.0,318327,6,0,0.43745465039577835,0.5465699208443272,1
9242,39,61969.0,self_employed,576.0,8397.0,189949,36,0,0.2554355134556526,0.1355032354887121,0
9243,37,57986.0,contract,636.0,11916.0,344668,6,0,0.49533220662458755,0.20549787879833062,0
9244,46,117017.0,salaried,621.0,15372.0,125136,36,0,0.08911525675756514,0.13136552808566276,0
9245,26,131180.0,self_employed,763.0,43017.0,112001,24,1,0.07114969253443106,0.3279234639426742,1
9246,29,22585.0,salaried,596.0,36431.0,311444,24,0,1.1491550439081986,1.6130617666592872,1
9247,37,19122.0,self_employed,518.0,46246.0,107175,24,1,0.4670667294216086,2.4184708712477776,1
9248,51,31838.0,salaried,785.0,22678.0,115209,12,0,0.3015500345499089,0.7122934857717194,1
9249,32,38107.0,salaried,508.0,33828.0,370466,36,0,0.8101442429649846,0.8877109192536804,1
9250,43,117678.0,self_employed,582.0,21947.0,488223,6,0,0.3457336970376791,0.18650045038154967,1
9251,25,81025.0,self_employed,546.0,48469.0,59242,6,0,0.06092975419109328,0.5981980870101821,1
9252,56,81520.0,salaried,589.0,5124.0,351674,6,0,0.3594966470395813,0.06285574092247301,1
9253,56,32344.0,self_employed,500.0,41849.0,424872,12,0,1.0946697996537225,1.293872124659906,1
9254,23,72202.0,salaried,661.0,29921.0,497966,12,0,0.5747370802286179,0.4144068031356472,1
9255,44,115086.0,salaried,652.0,17946.0,234559,36,0,0.16984327662212026,0.15593556123246963,1
9256,37,29959.0,salaried,500.0,19579.0,410397,12,0,1.1415517874428385,0.6535264861978036,1
9257,59,147941.0,salaried,645.0,45458.0,439829,24,0,0.2477502292580601,0.3072711418741255,1
9258,46,59264.0,self_employed,660.0,31658.0,223018,6,1,0.3135939749820014,0.5341860151187905,1
9259,24,45268.0,salaried,634.0,33578.0,452002,24,0,0.8320852110394392,0.7417601837942918,1
9260,32,99564.0,salaried,785.0,9250.0,127289,12,0,0.10653867529093515,0.0929050660881443,1
9261,21,93563.0,salaried,576.0,25836.0,455206,6,0,0.4054362657603255,0.276134796874833,0
9262,41,125164.0,self_employed,580.0,30163.0,65494,18,0,0.043605456307990585,0.24098782397494486,0
9263,39,39459.0,salaried,768.0,27122.0,110662,24,0,0.2337067166763814,0.6873463595124053,1
9264,41,71782.0,self_employed,768.0,10038.0,419363,18,0,0.4868479098752705,0.13984007132707363,0
9265,38,16825.0,salaried,541.0,4412.0,259133,36,0,1.2834720158494304,0.2622288261515602,1
9266,23,141187.0,self_employed,623.0,4398.0,86213,24,0,0.05088582282127013,0.031150176715986598,0
9267,52,75109.0,salaried,729.0,42085.0,206674,6,0,0.22930452187265618,0.5603190030489023,1
9268,30,27470.0,self_employed,701.0,28236.0,225261,6,0,0.6833545686203131,1.0278849654168183,1
9269,60,18770.0,salaried,833.0,657.0,263235,18,0,1.1686867341502398,0.035002663825253064,1
9270,35,146101.0,salaried,606.0,32820.0,265086,6,0,0.15120019712390742,0.22463911951321347,1
9271,25,23958.0,salaried,791.0,45400.0,259090,24,0,0.9011951470629157,1.894982886718424,1
9272,24,128806.0,contract,790.0,17492.0,152306,12,0,0.098537076430187,0.13580112727667965,1
9273,48,23806.0,self_employed,673.0,33754.0,422544,12,0,1.4791229101907082,1.4178778459211963,1
9274,24,47162.0,self_employed,811.0,22410.0,32404,6,0,0.057256548351073605,0.47517068826597686,1
9275,35,89732.0,salaried,586.0,8402.0,369499,36,0,0.34315052972555316,0.09363437792537779,1
9276,37,42702.0,salaried,504.0,33543.0,98386,24,0,0.19200115529327275,0.7855135590838837,1
9277,23,22739.0,salaried,671.0,9106.0,59883,36,0,0.21945775979594528,0.4004573640001759,1
9278,30,39599.0,salaried,620.0,45238.0,410576,18,0,0.8640285529095852,1.1424025859238869,1
9279,43,51827.0,self_employed,655.0,23823.0,436782,6,0,0.7023076774654138,0.45966388176047235,1
9280,38,91821.0,salaried,586.0,33273.0,464616,18,0,0.4216682458261182,0.36236808573202206,0
9281,21,111683.0,salaried,597.0,36066.0,76666,36,0,0.05720506552772878,0.32293186966682486,1
9282,55,,salaried,634.0,26433.0,28315,24,1,0.028276769807220638,0.31676773002900077,1
9283,51,98890.0,self_employed,506.0,30731.0,241011,36,0,0.20309687531600767,0.31075942966932957,1
9284,21,38039.0,salaried,759.0,20572.0,229051,12,0,0.5017898297361479,0.5408133757459449,1
9285,23,141021.0,contract,531.0,43197.0,434104,36,0,0.25652444198618174,0.3063160805837428,1
9286,23,112367.0,salaried,527.0,48725.0,92911,36,0,0.06890442330340166,0.4336237507453256,0
9287,57,58884.0,self_employed,759.0,11105.0,393489,36,0,0.5568702873446097,0.18859112832008695,0
9288,39,60819.0,salaried,743.0,19385.0,49443,36,0,0.06774609908087934,0.3187326328943258,1
9289,49,98162.0,salaried,763.0,31741.0,164660,24,0,0.13978593209863965,0.32335323241172753,0
9290,45,94606.0,self_employed,641.0,48916.0,89466,6,1,0.07880578398833055,0.5170496585840222,1
9291,53,122789.0,salaried,529.0,49412.0,154848,24,0,0.1050908468999666,0.4024138970103185,0
9292,56,67018.0,self_employed,629.0,1951.0,498020,18,0,0.6192614919374895,0.029111581963054703,1
9293,49,41250.0,self_employed,,2370.0,385547,12,0,0.7788828282828283,0.05745454545454545,1
9294,46,92391.0,salaried,569.0,38921.0,346381,6,0,0.3124231075898446,0.4212639759283913,1
9295,24,,self_employed,618.0,48068.0,171945,12,0,0.2657359841249235,0.8914523098607222,1
9296,34,86123.0,self_employed,826.0,41047.0,235089,12,0,0.22747407777248818,0.47660903591375126,1
9297,47,89363.0,self_employed,569.0,22867.0,375028,6,1,0.3497234127472593,0.25588890256593894,1
9298,53,112400.0,salaried,707.0,11581.0,111913,6,0,0.08297227164887307,0.10303380782918149,0
9299,42,111847.0,salaried,590.0,27870.0,40057,18,0,0.02984508599545212,0.24917968295975754,0
9300,23,21861.0,salaried,619.0,2734.0,421551,24,0,1.6069370111156855,0.12506289739719134,1
9301,43,91340.0,contract,706.0,2256.0,28357,6,0,0.025871286767389243,0.02469892708561419,1
9302,41,128049.0,contract,755.0,35737.0,350818,18,0,0.2283097355960088,0.2790884739435685,0
9303,43,15357.0,salaried,534.0,48745.0,395406,36,1,2.145633912873608,3.174122549977209,1
9304,24,129604.0,salaried,623.0,10502.0,470628,6,0,0.30260640103700504,0.08103144964661585,1
9305,41,62201.0,self_employed,611.0,49130.0,268261,24,0,0.3594007063123315,0.7898586839439881,1
9306,57,97160.0,self_employed,706.0,36045.0,273976,36,0,0.2349869630849458,0.37098600247015234,1
9307,51,25796.0,self_employed,601.0,44528.0,253304,36,0,0.8182922416912183,1.7261590944332454,1
9308,41,38238.0,salaried,693.0,3969.0,169813,36,0,0.37007906619941766,0.10379726973168053,1
9309,46,,salaried,740.0,43677.0,48683,36,0,0.03715941843140128,0.4000604528467795,0
9310,55,55883.0,salaried,646.0,40688.0,151648,12,0,0.226139135932812,0.7280926220854285,1
9311,58,100478.0,salaried,631.0,1488.0,428245,24,1,0.35517310588719253,0.014809211966798703,1
9312,44,84396.0,self_employed,719.0,26234.0,392969,18,0,0.38802095675940407,0.3108441158348737,1
9313,31,19447.0,salaried,837.0,43027.0,211298,6,0,0.9054438559503608,2.212526353679231,1
9314,49,35523.0,self_employed,603.0,10807.0,229812,18,1,0.5391155026320975,0.30422543141063535,1
9315,23,120471.0,salaried,540.0,43977.0,191140,12,0,0.13221715876296647,0.3650422093283861,1
9316,21,102862.0,salaried,555.0,42091.0,394457,36,1,0.31956812687549013,0.4091987322820867,1
9317,39,75977.0,salaried,810.0,34955.0,471150,6,0,0.5167682324914119,0.46007344327888705,1
9318,42,103325.0,salaried,749.0,21594.0,414883,24,0,0.3346100491975159,0.2089910476651343,0
9319,34,143422.0,salaried,741.0,49422.0,21298,6,0,0.012374902967001809,0.3445914852672533,1
9320,34,49787.0,salaried,626.0,,43376,6,0,0.07260262049664906,0.32231305360837165,0
9321,36,30689.0,self_employed,649.0,9788.0,460118,18,0,1.249410755210879,0.31894164032715305,1
9322,53,132537.0,salaried,830.0,44486.0,345436,36,0,0.21719469531778549,0.3356496676399798,0
9323,33,65344.0,self_employed,835.0,45339.0,58599,24,0,0.07473142140058765,0.6938510039177277,1
9324,58,82891.0,contract,648.0,16749.0,32900,6,0,0.033075565099548405,0.2020605373321591,1
9325,32,112464.0,self_employed,668.0,43491.0,87799,12,0,0.06505711457295964,0.3867104139991464,1
9326,58,80869.0,self_employed,544.0,19435.0,352434,12,0,0.36317377487046953,0.2403269485216832,1
9327,59,95312.0,salaried,583.0,33551.0,187703,36,0,0.16411277348777348,0.3520123384253819,1
9328,53,42014.0,salaried,507.0,43171.0,289544,6,0,0.5743006299487472,1.0275384395677631,1
9329,53,49563.0,self_employed,606.0,39906.0,347148,36,0,0.5836813752194178,0.8051570728164155,1
9330,49,113557.0,salaried,,25608.0,48820,6,1,0.0358263544592877,0.22550789471366803,1
9331,25,149729.0,salaried,645.0,7159.0,305008,24,0,0.16975558063790805,0.047813048908361105,0
9332,26,104422.0,contract,530.0,38253.0,56295,12,0,0.04492587768860968,0.36633084982091896,0
9333,51,122919.0,salaried,743.0,,156670,18,1,0.10621493286907097,0.36714421692333976,1
9334,36,147099.0,contract,534.0,49389.0,190490,36,0,0.10791485099604121,0.3357534721514082,0
9335,51,131854.0,salaried,746.0,12075.0,228146,24,1,0.14419104969638136,0.09157856416946016,1
9336,45,94317.0,self_employed,517.0,42945.0,55786,12,0,0.04928945294414934,0.45532618721969526,0
9337,53,30120.0,self_employed,523.0,39826.0,291540,24,0,0.8066069057104913,1.3222443559096946,1
9338,33,104825.0,self_employed,841.0,48652.0,51725,18,0,0.04112012083631449,0.46412592415931314,1
9339,30,20983.0,salaried,803.0,47337.0,149457,6,1,0.5935638373921747,2.255969117857313,1
9340,44,81629.0,salaried,,1462.0,125622,6,0,0.1282448639576621,0.017910301485991497,1
9341,30,85325.0,salaried,848.0,30176.0,376132,24,0,0.3673522804961422,0.3536595370641664,1
9342,51,148984.0,contract,777.0,,173371,24,0,0.09697405985430203,0.19993422112441606,1
9343,33,62879.0,salaried,529.0,9413.0,330742,36,0,0.4383312923763631,0.14970021787878307,1
9344,23,29332.0,salaried,642.0,29811.0,63211,24,0,0.179584867493977,1.0163302877403517,1
9345,54,92795.0,salaried,776.0,18050.0,412783,6,1,0.37069436212439605,0.19451479066760063,1
9346,48,122716.0,salaried,511.0,11628.0,434159,24,1,0.2948264013385921,0.09475537012288536,1
9347,39,,salaried,,39064.0,201197,12,0,0.1649442362115384,0.3843028460683332,1
9348,43,36643.0,contract,749.0,34424.0,425830,12,0,0.9684205259758571,0.9394427312174222,1
9349,52,78128.0,salaried,602.0,33899.0,270004,6,1,0.28799320772748993,0.4338905386033176,1
9350,33,57523.0,salaried,534.0,31247.0,73160,24,1,0.10598659087089801,0.5432088034351477,1
9351,53,85220.0,salaried,823.0,810.0,421442,24,1,0.41211178909489166,0.009504811077211923,1
9352,54,67784.0,self_employed,519.0,55.0,58765,24,1,0.07224541681419411,0.0008114009205712262,1
9353,53,102893.0,salaried,546.0,19907.0,68343,12,0,0.05535119007123905,0.19347283099919332,1
9354,25,74701.0,salaried,583.0,23943.0,421408,6,0,0.4701052640973124,0.32051779761984445,0
9355,23,131101.0,salaried,767.0,19046.0,208109,36,0,0.13228287096716781,0.14527730528371255,0
9356,27,124002.0,self_employed,552.0,3279.0,317427,12,0,0.21332115611038532,0.026443121885130885,0
9357,44,32401.0,salaried,772.0,1533.0,92283,6,0,0.23734606956575413,0.04731335452609487,0
9358,42,116958.0,salaried,517.0,36779.0,280561,6,0,0.1999015316039376,0.3144633116161357,0
9359,43,127046.0,salaried,603.0,17046.0,116706,36,0,0.07655101301890654,0.1341718747540261,1
9360,50,79372.0,contract,651.0,20229.0,473210,18,0,0.4968271766701944,0.25486317593105884,1
9361,38,26971.0,salaried,827.0,30250.0,320675,36,1,0.9908018488994352,1.1215750250268808,1
9362,52,103018.0,self_employed,664.0,47403.0,419616,36,0,0.3394358267487235,0.4601428876507018,0
9363,27,139768.0,salaried,583.0,38735.0,300468,6,0,0.17914687195924675,0.2771378284013508,0
9364,53,31565.0,salaried,807.0,24291.0,158082,18,0,0.4173451607793442,0.7695548867416442,1
9365,25,21829.0,self_employed,,12516.0,258588,18,0,0.9871730267075908,0.5733657061706904,1
9366,48,,salaried,,15624.0,372347,24,0,0.3408909469767714,0.17164892389835537,0
9367,28,96823.0,salaried,651.0,39377.0,335985,36,0,0.28917457628869175,0.40669055906138,1
9368,35,53941.0,salaried,707.0,39048.0,452499,36,0,0.6990647188594946,0.7239020411190004,1
9369,24,126539.0,salaried,549.0,41199.0,453020,18,0,0.29834016917050604,0.3255834169702621,1
9370,54,24176.0,contract,719.0,,40275,18,0,0.13882569490403707,0.0828921244209133,0
9371,25,66516.0,contract,546.0,44729.0,382594,18,0,0.4793257762543348,0.6724547477298695,1
9372,53,112368.0,self_employed,517.0,5434.0,335389,6,1,0.2487281373107409,0.048358963405951874,1
9373,25,140670.0,contract,621.0,37014.0,178205,6,0,0.10556918082509893,0.2631264661974835,1
9374,58,97045.0,contract,781.0,36164.0,259156,6,0,0.22253937176911054,0.3726518625379978,0
9375,54,133903.0,self_employed,619.0,40338.0,308596,36,0,0.1920519580094048,0.3012479182691949,1
9376,46,65603.0,salaried,750.0,41312.0,23663,18,1,0.0300583306657724,0.6297272990564456,1
9377,21,89736.0,salaried,826.0,4561.0,81239,6,0,0.07544259457371252,0.05082686992957119,0
9378,24,40789.0,contract,798.0,33831.0,156153,24,0,0.31902596288214957,0.8294147932040501,1
9379,59,,self_employed,546.0,47757.0,101766,18,0,0.08183993900967931,0.46087258620190497,1
9380,46,67282.0,self_employed,584.0,1395.0,109594,18,0,0.1357396232771519,0.020733628607948633,0
9381,53,48464.0,salaried,798.0,52.0,459240,18,0,0.7896583030703203,0.001072961373390558,1
9382,53,56994.0,salaried,659.0,19535.0,195446,6,1,0.28576984711841014,0.34275537775906234,1
9383,28,,salaried,506.0,22054.0,184801,12,0,0.12591128480596958,0.18031379538709336,1
9384,40,138189.0,salaried,744.0,35554.0,370146,24,0,0.22321241198648228,0.25728531214496086,1
9385,36,106123.0,contract,714.0,14675.0,253717,24,0,0.1992318661678744,0.13828293583860238,1
9386,41,40594.0,salaried,711.0,33912.0,260416,12,0,0.5345946034717775,0.8353943932600877,1
9387,46,133406.0,salaried,711.0,2112.0,392183,24,0,0.24498086043106507,0.01583137190231324,0
9388,43,120021.0,salaried,787.0,13751.0,352054,6,0,0.24443916759011616,0.11457161663375576,0
9389,38,43386.0,salaried,717.0,33063.0,389492,18,0,0.748113830882466,0.7620661042732678,1
9390,51,81652.0,salaried,750.0,27565.0,39965,12,0,0.04078793742549682,0.3375912408759124,0
9391,32,109835.0,contract,843.0,47308.0,163790,18,0,0.1242697379402437,0.4307188054809487,1
9392,21,,self_employed,820.0,37510.0,210905,24,0,0.1553655460575362,0.3315859727906792,1
9393,29,32540.0,self_employed,,32021.0,484132,36,0,1.239838147920508,0.9840503995082975,1
9394,23,128483.0,contract,680.0,39046.0,331116,24,0,0.21475992932917196,0.3039001268650327,1
9395,46,48756.0,contract,591.0,2425.0,134407,24,0,0.22972728142861049,0.04973746820904094,1
9396,29,104792.0,salaried,717.0,7219.0,474391,12,0,0.37724810418098076,0.06888884647683029,0
9397,36,64039.0,salaried,789.0,39779.0,262942,18,0,0.34216388971303946,0.6211683505363919,1
9398,44,21088.0,salaried,589.0,2627.0,441324,12,0,1.743977617602428,0.12457321699544764,1
9399,34,115649.0,salaried,696.0,,314482,6,0,0.2266066575010016,0.3248882394140892,1
9400,23,57044.0,salaried,683.0,16365.0,87848,18,1,0.12833368393988268,0.2868838089895519,1
9401,54,18005.0,salaried,565.0,14199.0,174114,6,0,0.805859483476812,0.7886142738128298,1
9402,53,52203.0,salaried,597.0,24002.0,88028,6,0,0.1405219367980129,0.45978200486562076,0
9403,44,31220.0,self_employed,805.0,,153342,12,0,0.409304932735426,0.2786995515695067,1
9404,29,123991.0,self_employed,523.0,7935.0,182553,24,0,0.12269237283351211,0.06399658039696429,1
9405,33,47696.0,salaried,719.0,17845.0,280287,36,0,0.4897108772224086,0.37414038913116404,1
9406,22,61381.0,self_employed,673.0,6920.0,93143,24,0,0.12645471182722123,0.11273846955898405,0
9407,27,146148.0,self_employed,744.0,14261.0,213318,24,0,0.12163354955250842,0.09757916632454772,0
9408,41,119056.0,salaried,613.0,18383.0,290604,18,1,0.20340848004300496,0.15440632979438249,0
9409,39,38471.0,self_employed,765.0,34738.0,109128,12,0,0.23638584908112603,0.9029658703958826,1
9410,45,128298.0,salaried,,1551.0,440490,18,0,0.2861112410170073,0.012089042697469953,0
9411,42,109673.0,salaried,,20235.0,173640,36,0,0.13193766925314343,0.18450302262179388,1
9412,31,,salaried,734.0,,64362,12,0,0.13599137931034483,0.4179766734279919,0
9413,53,26862.0,salaried,805.0,40851.0,433677,24,0,1.3453856749311295,1.520772838954657,1
9414,52,116415.0,salaried,609.0,,418510,6,0,0.29958195536084986,0.15327921659579952,0
9415,41,83273.0,salaried,813.0,27422.0,266192,24,1,0.2663848626405518,0.32930241494842266,0
9416,59,122848.0,contract,512.0,25309.0,44000,24,0,0.029847182425978988,0.20601882000520969,1
9417,40,36788.0,self_employed,624.0,44052.0,430402,12,0,0.9749601319270776,1.1974556920735022,1
9418,28,85185.0,self_employed,814.0,27010.0,124438,24,0,0.12173309072411027,0.317074602336092,0
9419,57,145683.0,self_employed,666.0,49684.0,239458,36,0,0.1369743438378763,0.34104185114254926,0
9420,29,135824.0,self_employed,552.0,32859.0,139683,24,0,0.08570098068088114,0.24192337142184003,1
9421,45,22799.0,salaried,685.0,1819.0,348983,6,0,1.275578607248856,0.07978420106145007,1
9422,45,,contract,775.0,17540.0,90749,12,1,0.07531837406795079,0.1746907555325379,1
9423,53,60147.0,self_employed,509.0,4934.0,190847,36,0,0.26441745501299596,0.08203235406587195,0
9424,22,138699.0,salaried,646.0,8696.0,293264,12,0,0.17619929968252596,0.06269691922796848,1
9425,39,23614.0,salaried,816.0,30148.0,165747,6,0,0.5849178453459812,1.2767002625561108,1
9426,40,40147.0,salaried,832.0,4936.0,264131,18,0,0.5482580682657899,0.12294816549181757,0
9427,49,91637.0,salaried,617.0,,475884,36,0,0.43276187566157776,0.0749478922269389,1
9428,26,121210.0,salaried,839.0,43155.0,114775,6,0,0.07890919341088469,0.3560349806121607,0
9429,37,35914.0,salaried,517.0,9125.0,471302,18,0,1.093589315215979,0.25407918917413824,1
9430,45,78699.0,self_employed,725.0,27812.0,50979,6,0,0.05398099086392457,0.3533971206749768,1
9431,58,24615.0,salaried,611.0,28985.0,100603,18,0,0.34058839461033247,1.1775340239691245,1
9432,24,65785.0,salaried,571.0,,116935,18,0,0.14812773935294266,0.2901573306984875,1
9433,50,103589.0,salaried,643.0,20702.0,110794,12,0,0.08912947642445948,0.199847474152661,0
9434,40,94017.0,self_employed,603.0,18493.0,285202,24,0,0.2527929346111164,0.19669846942574215,0
9435,23,61898.0,contract,714.0,31327.0,283993,24,0,0.38234003252662985,0.5061068208988981,0
9436,43,142767.0,salaried,576.0,29295.0,249181,6,0,0.14544736061788321,0.20519447771543844,0
9437,38,124418.0,salaried,525.0,26999.0,44200,18,0,0.02960450524307844,0.21700236300213796,0
9438,46,70505.0,salaried,729.0,43606.0,381749,24,0,0.4512079521546935,0.6184809587972484,1
9439,56,91031.0,self_employed,692.0,45460.0,439587,6,0,0.40241511133569885,0.49939031758411967,1
9440,28,106818.0,self_employed,602.0,7072.0,307615,6,0,0.23998374181629814,0.06620607013799172,0
9441,37,137952.0,self_employed,704.0,24002.0,115139,36,0,0.06955257384210933,0.17398805381582,0
9442,51,15146.0,salaried,759.0,16773.0,307200,12,1,1.6902152383467581,1.1074211012808661,1
9443,57,124822.0,salaried,732.0,41725.0,155109,12,1,0.10355346012722116,0.3342760090368685,0
9444,53,17594.0,salaried,550.0,8539.0,99298,18,0,0.47032132166268803,0.4853359099693077,1
9445,47,91610.0,contract,,44533.0,233282,24,0,0.2122057271768002,0.48611505294181856,1
9446,24,137524.0,salaried,,9537.0,190784,18,0,0.1156064880796564,0.06934789564003374,0
9447,42,103197.0,self_employed,565.0,32287.0,63654,24,0,0.051401688033566865,0.3128676221207981,0
9448,46,76797.0,self_employed,701.0,48191.0,474370,24,0,0.5147444995681255,0.627511491334297,1
9449,52,58937.0,self_employed,783.0,48281.0,30166,24,1,0.04265288924331631,0.8191967694317661,1
9450,44,132618.0,salaried,799.0,11197.0,82840,24,0,0.052054271164799146,0.08443046946869957,0
9451,55,75051.0,salaried,645.0,27140.0,271074,24,0,0.30098866104382355,0.3616207645467749,1
9452,57,92903.0,contract,,15754.0,468063,36,0,0.41984919755013295,0.1695747177163278,0
9453,52,91990.0,contract,811.0,8521.0,61336,36,0,0.05556401058086024,0.09262963365583216,0
9454,27,90204.0,salaried,603.0,44494.0,436426,24,1,0.40318426381683,0.4932597224069886,1
9455,53,83951.0,self_employed,650.0,36561.0,279089,6,0,0.27703561204353333,0.43550404402568166,1
9456,51,112309.0,salaried,617.0,38832.0,53026,6,0,0.03934531812529123,0.34576035758487744,0
9457,32,140341.0,salaried,815.0,14427.0,153491,12,0,0.09114169534681003,0.10279960952252015,1
9458,31,,salaried,698.0,34013.0,83165,24,0,0.048867006999384205,0.2398287994810396,0
9459,44,130694.0,self_employed,802.0,35005.0,111942,6,0,0.07137665080263822,0.26783938053774464,1
9460,28,52459.0,self_employed,833.0,24780.0,199162,12,0,0.3163772342845524,0.4723688976152805,0
9461,52,99985.0,salaried,778.0,47873.0,43359,6,0,0.03613792068810322,0.47880182027304097,1
9462,58,103295.0,salaried,604.0,,195048,12,0,0.1573551478774384,0.11981218839246817,1
9463,42,62941.0,salaried,509.0,24299.0,215152,18,0,0.2848593656493118,0.38605996091577827,1
9464,54,124903.0,contract,612.0,27578.0,140891,6,0,0.09400027754871114,0.22079533718165295,0
9465,39,,salaried,526.0,16746.0,71304,24,0,0.110292343387471,0.310830626450116,1
9466,40,143975.0,self_employed,598.0,44402.0,177097,24,0,0.1025044857324767,0.3084007640215315,0
9467,34,111500.0,self_employed,756.0,16715.0,489868,36,0,0.36611958146487295,0.1499103139013453,1
9468,53,76826.0,self_employed,826.0,27544.0,482084,18,1,0.5229175886635601,0.35852445786582665,1
9469,30,139628.0,contract,635.0,45763.0,91422,18,0,0.05456283839917495,0.32774944853467786,0
9470,36,93845.0,salaried,725.0,40361.0,432717,6,0,0.38424796206510736,0.43008151739570566,1
9471,24,115965.0,self_employed,626.0,6987.0,385187,12,0,0.276798315583725,0.06025093778295175,1
9472,47,135853.0,salaried,615.0,46534.0,351277,36,0,0.21547616418727106,0.34253200150162305,1
9473,48,48043.0,salaried,789.0,47798.0,386044,18,0,0.6696154139694301,0.9949004017234561,1
9474,36,68906.0,salaried,670.0,33189.0,284458,18,0,0.34401696997842474,0.48165616927408356,0
9475,53,26137.0,salaried,711.0,8954.0,147931,24,0,0.471652574256163,0.34257948502123425,1
9476,39,44350.0,contract,688.0,21674.0,152629,24,0,0.28678880120255545,0.4887034949267193,1
9477,41,19698.0,self_employed,764.0,33016.0,117385,12,1,0.4966028700037229,1.6761092496700172,1
9478,42,145119.0,salaried,713.0,39092.0,330788,6,0,0.18995215420907438,0.26937892350415865,0
9479,29,25165.0,salaried,588.0,11738.0,120020,12,0,0.3974435393072389,0.4664414861911385,1
9480,29,146866.0,salaried,629.0,482.0,146347,6,0,0.0830388472031194,0.0032819032315171653,0
9481,29,,salaried,522.0,31508.0,127668,36,0,0.09341223780214764,0.27664562352383376,0
9482,47,,self_employed,678.0,44435.0,290158,18,0,0.5286827298699784,0.9715541367850271,1
9483,37,73084.0,salaried,519.0,44818.0,333623,12,0,0.38041044095378834,0.6132395599584041,1
9484,28,31211.0,salaried,828.0,11424.0,311340,6,0,0.8312774342379289,0.36602479894908846,1
9485,36,101665.0,salaried,741.0,20798.0,178559,36,0,0.14636223544648272,0.2045738454728766,0
9486,38,93488.0,salaried,739.0,45586.0,394809,12,0,0.3519248459695362,0.48761338353585487,1
9487,53,,salaried,528.0,28667.0,336697,18,0,0.19638890833158348,0.20065094141527262,1
9488,21,,salaried,744.0,28403.0,226307,36,0,0.36406472204526297,0.5483098781876797,1
9489,32,33277.0,salaried,619.0,42907.0,177612,24,1,0.4447816810409592,1.2893890675241158,1
9490,26,98762.0,salaried,813.0,39474.0,401725,18,0,0.3389672478618632,0.3996881391628359,1
9491,25,97246.0,salaried,531.0,9559.0,96863,24,1,0.08300512788872207,0.09829710219443473,0
9492,36,144350.0,salaried,639.0,,165518,36,0,0.09555363122041334,0.05759612054035331,0
9493,38,42802.0,self_employed,657.0,17133.0,437608,36,0,0.8520006853262309,0.40028503340965377,1
9494,38,137794.0,self_employed,559.0,45374.0,232055,24,0,0.14033932295068482,0.3292886482720583,1
9495,21,19015.0,self_employed,638.0,34365.0,355483,6,0,1.557906039091945,1.8072574283460425,1
9496,39,145305.0,salaried,711.0,32221.0,425137,36,0,0.24381874906805226,0.22174735900347545,0
9497,28,73812.0,salaried,638.0,32156.0,438696,12,0,0.49528531946025034,0.4356473202189346,1
9498,23,22826.0,salaried,610.0,25161.0,418775,12,0,1.528866935366103,1.1022956277928677,1
9499,45,24201.0,salaried,835.0,39156.0,301727,36,0,1.0389618886271916,1.6179496715011776,1
9500,25,44048.0,salaried,750.0,8735.0,55109,24,0,0.1042593685676232,0.19830639302579003,1
9501,60,136471.0,salaried,,5576.0,295604,24,0,0.1805047714654884,0.04085849740970609,0
9502,39,34941.0,salaried,677.0,8206.0,301926,18,0,0.7200852866260268,0.23485303797830628,1
9503,38,95641.0,salaried,500.0,26042.0,334147,24,0,0.2911469279214284,0.2722890810426491,1
9504,51,73418.0,self_employed,588.0,24337.0,119449,6,0,0.1355809656124293,0.33148546677926394,1
9505,53,56541.0,salaried,,34246.0,359466,6,0,0.5298013830671549,0.6056843706336994,1
9506,38,85422.0,salaried,782.0,9574.0,298911,12,1,0.2916022804429772,0.11207885556414039,1
9507,59,133069.0,salaried,615.0,43018.0,488930,36,0,0.30618826824178935,0.3232758944607685,0
9508,36,135965.0,self_employed,531.0,35042.0,489274,12,0,0.29987741943392293,0.2577280917883279,0
9509,36,56607.0,self_employed,761.0,34929.0,456987,36,0,0.6727480700266751,0.6170438285017754,1
9510,58,127117.0,salaried,540.0,19992.0,164830,12,0,0.10805661975450438,0.1572724340568138,0
9511,27,,self_employed,666.0,49755.0,111078,36,0,0.09458437643692842,0.5084044346804271,1
9512,34,,salaried,842.0,4043.0,411361,36,0,1.1640096208262591,0.13728353140916807,1
9513,45,20618.0,self_employed,720.0,40022.0,180585,12,0,0.7298840818702105,1.941119410224076,1
9514,52,82583.0,self_employed,713.0,29264.0,249058,18,0,0.2513208933234847,0.35435864524175675,0
9515,58,89900.0,self_employed,812.0,46329.0,83056,6,0,0.07698924731182796,0.5153392658509455,1
9516,42,43794.0,self_employed,845.0,19876.0,127114,24,0,0.24187864395427075,0.45385212586199025,0
9517,36,28091.0,salaried,630.0,,201243,6,1,0.5969972589085473,1.1010287992595493,1
9518,49,30161.0,salaried,547.0,27574.0,437600,24,0,1.2090668965441023,0.9142269818639965,1
9519,36,138612.0,salaried,633.0,11784.0,89580,36,0,0.053855366057772774,0.08501428447753441,0
9520,32,42663.0,contract,506.0,9196.0,298733,12,0,0.583513036276555,0.21554977380868667,1
9521,37,114961.0,salaried,,6754.0,294128,12,1,0.21320853738804174,0.058750358817338054,1
9522,57,68105.0,salaried,816.0,46627.0,110750,24,0,0.13551378998115654,0.6846340209969899,1
9523,47,78436.0,salaried,585.0,27704.0,298591,12,0,0.31723422068097984,0.3532051608955072,0
9524,45,143379.0,salaried,547.0,47441.0,408112,12,1,0.23719884594908133,0.3308783015643853,0
9525,33,145705.0,salaried,,29396.0,498968,12,1,0.28537570204637225,0.20175011152671493,0
9526,28,107635.0,salaried,739.0,17198.0,39560,6,0,0.03062820334154008,0.15978074046546198,1
9527,25,84579.0,salaried,651.0,8723.0,486359,12,0,0.4791959785131849,0.1031343477695409,1
9528,32,29242.0,salaried,757.0,33526.0,277643,18,0,0.7912221006315118,1.146501607277204,1
9529,23,113901.0,self_employed,543.0,49157.0,122109,24,0,0.08933854838851284,0.4315765445430681,1
9530,55,140056.0,salaried,667.0,41544.0,492751,6,0,0.2931868919099027,0.29662420745987317,1
9531,53,115628.0,salaried,774.0,36444.0,24323,6,1,0.017529635267120997,0.31518317362576537,1
9532,42,45976.0,salaried,690.0,17918.0,106717,36,0,0.19342881793399455,0.3897250739516269,0
9533,29,,salaried,651.0,45852.0,286167,36,0,0.9091246997826998,1.7480080820403339,1
9534,38,149400.0,salaried,549.0,29027.0,36778,12,1,0.020514279339580544,0.1942904953145917,0
9535,49,40261.0,self_employed,775.0,2266.0,275188,6,0,0.5695917471829645,0.056282755023471846,1
9536,59,40262.0,salaried,812.0,2414.0,413107,6,0,0.8550390773765172,0.05995727981719736,0
9537,47,149352.0,salaried,805.0,45944.0,194812,12,0,0.10869846626314568,0.3076222615030264,0
9538,56,18590.0,salaried,594.0,49712.0,218467,24,0,0.9793213197059351,2.674125874125874,1
9539,37,131726.0,salaried,741.0,20843.0,197825,6,0,0.1251492998091999,0.1582299621942517,0
9540,54,102542.0,salaried,,34086.0,157513,36,0,0.1280068979865161,0.3324101343839597,1
9541,23,28570.0,self_employed,848.0,2552.0,369608,12,0,1.078077237195193,0.08932446622331117,1
9542,25,24533.0,contract,759.0,22704.0,299548,6,0,1.0175002377749698,0.9254473566216932,1
9543,34,140890.0,salaried,637.0,38186.0,469272,36,0,0.277564057065796,0.27103414010930515,0
9544,23,128819.0,salaried,,46363.0,133341,18,0,0.08625862644485674,0.35990808809259506,1
9545,43,91368.0,salaried,682.0,19244.0,367536,6,1,0.3352158304876981,0.21062078627090447,1
9546,59,49798.0,salaried,556.0,39488.0,27747,12,0,0.046432587654122656,0.7929635728342503,1
9547,50,37849.0,salaried,739.0,31537.0,442440,36,0,0.9741340590240165,0.8332320536870195,1
9548,43,126972.0,salaried,604.0,33845.0,418733,6,0,0.27481977653865947,0.2665548309863592,1
9549,47,44030.0,self_employed,564.0,21823.0,164643,36,0,0.31161140131728365,0.4956393368158074,1
9550,30,141026.0,salaried,,2526.0,116381,12,0,0.06877041585712328,0.01791159077049622,0
9551,45,135398.0,salaried,561.0,48669.0,386817,6,0,0.23807404836112794,0.3594513951461617,1
9552,33,80729.0,salaried,651.0,32501.0,325873,12,0,0.33638572673182293,0.40259386341958897,1
9553,36,23164.0,self_employed,629.0,33489.0,462700,24,0,1.664580095550567,1.4457347608357796,1
9554,54,16119.0,salaried,625.0,42204.0,335721,6,0,1.735638066877598,2.618276568025312,1
9555,57,28351.0,salaried,711.0,5801.0,31149,6,0,0.09155761701527283,0.2046135938767592,1
9556,42,87076.0,salaried,,22437.0,439080,36,0,0.4202076347099086,0.2576714594147641,1
9557,37,60162.0,self_employed,704.0,31957.0,292554,6,0,0.40523087663309065,0.531182473986902,1
9558,43,46760.0,salaried,528.0,1345.0,190899,24,0,0.3402106501283148,0.028763900769888794,1
9559,56,104074.0,salaried,681.0,745.0,308768,36,0,0.24723433966856917,0.007158368084247747,0
9560,29,134567.0,self_employed,550.0,13326.0,463243,36,0,0.28687258639438595,0.09902873661447457,1
9561,22,44738.0,salaried,734.0,8124.0,358780,18,0,0.668298389139732,0.1815905941257991,1
9562,52,61921.0,salaried,513.0,5599.0,42224,6,0,0.056825094340638344,0.09042166631675845,0
9563,42,137448.0,salaried,849.0,33645.0,349968,18,0,0.21218206157965194,0.24478348175309936,0
9564,33,76068.0,salaried,557.0,24709.0,106599,24,0,0.11678038071199454,0.3248277856654572,1
9565,28,38581.0,salaried,636.0,37581.0,425264,6,0,0.9185523098589116,0.9740805059485239,1
9566,21,110672.0,self_employed,627.0,10616.0,163316,18,0,0.12297298925352995,0.0959230880439497,0
9567,37,36485.0,salaried,536.0,7764.0,434296,18,0,0.9919510301036956,0.21279978073180758,1
9568,32,51294.0,contract,767.0,,99891,36,0,0.16228506258041878,0.7813194525675518,1
9569,24,68001.0,self_employed,584.0,,443226,18,0,0.5431611299833826,0.1601594094204497,1
9570,33,147706.0,contract,709.0,9654.0,43000,18,0,0.02425990368254054,0.06535956562360365,0
9571,51,58969.0,salaried,638.0,29817.0,108020,6,0,0.15265082783609468,0.5056385558513795,1
9572,27,15093.0,salaried,526.0,34132.0,259756,6,0,1.4341968683053954,2.2614457033061686,1
9573,43,43370.0,self_employed,843.0,49116.0,265624,36,0,0.5103835216355391,1.132487894858197,1
9574,44,34750.0,self_employed,732.0,15538.0,342892,6,0,0.8222829736211031,0.447136690647482,1
9575,25,31472.0,self_employed,670.0,25807.0,483534,24,0,1.280328546009151,0.8199987290289782,1
9576,25,33934.0,salaried,677.0,14289.0,116305,36,0,0.28561570499597255,0.42108210054812284,1
9577,37,54125.0,salaried,519.0,4261.0,435180,24,0,0.6700230946882217,0.07872517321016166,1
9578,50,54103.0,self_employed,802.0,23592.0,430678,6,0,0.6633612430610749,0.4360571502504482,1
9579,29,103705.0,self_employed,763.0,28281.0,469586,6,1,0.3773411760924417,0.2727062340292175,1
9580,26,71543.0,salaried,696.0,4082.0,237577,36,0,0.27672984545424895,0.05705659533427449,1
9581,45,92492.0,self_employed,826.0,17963.0,168811,18,0,0.1520951361559198,0.19421139125545994,1
9582,39,73024.0,salaried,563.0,29770.0,370081,12,0,0.42232804739994156,0.4076741893076249,1
9583,36,41207.0,salaried,543.0,21983.0,192026,12,0,0.38833612412130625,0.5334773218142549,1
9584,41,64354.0,contract,743.0,3419.0,61229,6,0,0.07928670582507173,0.053128010690866145,1
9585,22,63960.0,salaried,,30991.0,409481,24,1,0.5335118303106108,0.48453721075672296,1
9586,30,76262.0,self_employed,759.0,18401.0,270000,36,0,0.29503553539115157,0.24128661718811464,1
9587,36,112155.0,self_employed,795.0,20401.0,192620,18,1,0.1431203839923915,0.181900049039276,1
9588,57,123182.0,salaried,756.0,3037.0,438944,6,0,0.2969481471860066,0.02465457615560715,0
9589,35,114132.0,self_employed,734.0,14501.0,225174,24,1,0.16441050713209265,0.12705463848876739,1
9590,33,87706.0,self_employed,746.0,17145.0,478232,6,0,0.45438928541566903,0.1954826351674914,0
9591,33,44968.0,self_employed,640.0,,365710,12,0,0.6777226768665124,1.0266189290161893,1
9592,52,57517.0,salaried,805.0,44932.0,137760,6,0,0.19959316376027958,0.781195124919589,1
9593,28,144282.0,salaried,680.0,47948.0,465806,24,0,0.2690367936864381,0.3323214260961173,1
9594,38,60984.0,self_employed,652.0,12838.0,292921,12,0,0.40027028947483495,0.21051423324150598,1
9595,56,87321.0,salaried,543.0,16982.0,134158,6,0,0.1280314395544409,0.19447784610803817,0
9596,46,136854.0,salaried,608.0,3743.0,139981,12,0,0.08523743064384916,0.027350314934163414,0
9597,30,105638.0,salaried,597.0,31966.0,113217,36,0,0.08931208466650259,0.3025994433821163,0
9598,51,83972.0,salaried,726.0,41376.0,245597,24,0,0.24372906048047763,0.49273567379602723,1
9599,53,36432.0,self_employed,580.0,44393.0,425223,24,1,0.9726408102766798,1.2185166886253842,1
9600,49,80896.0,self_employed,717.0,48273.0,57448,36,0,0.059178863396624475,0.5967291337025317,1
9601,25,120035.0,self_employed,648.0,46795.0,63570,24,0,0.04413296121964427,0.3898446286499771,1
9602,33,,self_employed,575.0,6210.0,457458,24,1,1.3259652173913044,0.216,1
9603,21,42987.0,self_employed,579.0,33850.0,120054,6,0,0.23273315188312746,0.7874473678088725,1
9604,43,117995.0,salaried,,587.0,358472,18,0,0.2531689195869882,0.0049747870672486125,1
9605,60,41165.0,self_employed,562.0,29443.0,294742,6,0,0.5966678812907406,0.7152435321268068,1
9606,23,39346.0,salaried,583.0,10999.0,137659,36,1,0.2915565326420305,0.2795455700706552,1
9607,23,18514.0,salaried,842.0,36426.0,65244,36,0,0.2936696553959166,1.9674840661121313,1
9608,27,39838.0,salaried,754.0,15845.0,221350,18,0,0.46302106866141207,0.3977358301119534,1
9609,56,42559.0,salaried,558.0,10415.0,480493,6,0,0.9408370340781816,0.24471909584341736,0
9610,55,116223.0,salaried,507.0,45377.0,326689,6,0,0.23424006722708357,0.3904304655704981,0
9611,35,74207.0,salaried,806.0,21964.0,394987,6,0,0.44356439868655695,0.2959828587599553,1
9612,60,31385.0,salaried,575.0,10375.0,95242,12,0,0.25288619829005365,0.3305719292655727,1
9613,23,146465.0,salaried,577.0,47531.0,433424,12,0,0.2466027150968946,0.3245212166729253,1
9614,49,39881.0,salaried,623.0,16148.0,220449,6,1,0.46063915147564005,0.40490459115869715,1
9615,50,126761.0,salaried,511.0,5913.0,328891,12,0,0.2162146348903317,0.046646839327553424,0
9616,59,73308.0,salaried,779.0,42981.0,125947,6,0,0.14317104999909058,0.5863070879030938,0
9617,38,125515.0,salaried,544.0,21410.0,303595,36,0,0.20156621386554063,0.1705772218459945,1
9618,31,87031.0,self_employed,552.0,29351.0,366425,6,0,0.3508567828321709,0.33724764739001045,0
9619,58,120257.0,self_employed,680.0,43329.0,136654,12,1,0.09469580426364647,0.3603033503247212,1
9620,60,101973.0,contract,,25935.0,64604,18,1,0.05279502090422628,0.2543320290665176,1
9621,21,74596.0,salaried,685.0,49932.0,307079,36,0,0.34304676747636154,0.6693656496326881,1
9622,49,147785.0,self_employed,792.0,32938.0,83655,24,0,0.04717156680312616,0.2228778292790202,1
9623,30,35428.0,salaried,574.0,37787.0,472369,18,0,1.1111009182943812,1.0665857513830868,1
9624,48,77160.0,salaried,697.0,20608.0,442285,18,0,0.4776708570934854,0.26708138932089165,0
9625,51,95729.0,salaried,578.0,46497.0,303160,24,0,0.2639047032073179,0.4857148826374453,1
9626,39,75843.0,salaried,732.0,2108.0,422787,36,0,0.46454188257321044,0.027794259193333597,1
9627,23,95169.0,self_employed,667.0,15476.0,85583,24,0,0.0749394936026087,0.1626159778919606,1
9628,56,109764.0,self_employed,522.0,9850.0,160719,36,0,0.12201860354943334,0.08973798330964615,1
9629,35,41730.0,self_employed,729.0,9987.0,268508,36,0,0.5362009745187315,0.23932422717469445,1
9630,53,129082.0,salaried,804.0,39384.0,489044,36,0,0.31571920691240196,0.30510838071923274,1
9631,46,87981.0,contract,634.0,35553.0,415504,18,0,0.3935546690005039,0.4040986122003614,1
9632,36,80573.0,contract,792.0,33164.0,190888,36,1,0.19742759154224535,0.41160190138135605,1
9633,56,46076.0,salaried,537.0,25379.0,142250,24,0,0.2572742136180803,0.5508073617501519,1
9634,53,141283.0,self_employed,731.0,40799.0,129626,18,1,0.07645765355114675,0.28877501185563725,1
9635,40,40094.0,salaried,667.0,19388.0,447193,36,0,0.9294678339236129,0.4835636254801217,1
9636,33,25555.0,salaried,784.0,11961.0,496300,12,0,1.618404747929303,0.46804930541968304,1
9637,53,85656.0,salaried,602.0,40532.0,197088,12,0,0.1917437190622957,0.47319510600541703,1
9638,25,143061.0,self_employed,644.0,8846.0,456198,36,0,0.2657362943080224,0.06183376321988522,1
9639,57,136432.0,salaried,742.0,7644.0,241066,12,0,0.14724429263906805,0.05602791134044799,0
9640,34,145694.0,salaried,647.0,42836.0,307800,6,0,0.17605392123217153,0.29401348030804286,0
9641,47,49162.0,salaried,652.0,24843.0,363746,18,0,0.6165771666463258,0.5053293193930272,1
9642,43,116173.0,salaried,815.0,47179.0,139233,6,0,0.09987475575219715,0.40610985340827904,1
9643,34,112858.0,salaried,818.0,1092.0,191885,18,0,0.14168616018950067,0.009675875879423701,0
9644,60,116980.0,salaried,794.0,42428.0,183095,24,1,0.13043184020060408,0.3626944776884938,1
9645,24,141652.0,salaried,625.0,9513.0,482291,12,0,0.28372996263142536,0.06715754101601107,0
9646,59,53458.0,salaried,691.0,,491472,12,1,0.7661341613977328,0.7500280594111265,1
9647,39,119122.0,salaried,582.0,37761.0,177351,12,0,0.1240681821997616,0.3169943419351589,1
9648,24,113538.0,self_employed,520.0,3079.0,459118,36,0,0.3369782216820213,0.027118673924148743,1
9649,50,149212.0,contract,787.0,42468.0,34069,18,0,0.019027178332395072,0.28461517840388173,0
9650,39,126201.0,salaried,783.0,41781.0,231909,36,0,0.15313468197557864,0.33106710723369864,0
9651,51,,salaried,767.0,12167.0,367475,12,0,0.3002011280161033,0.11927495882675869,0
9652,51,26377.0,contract,620.0,2135.0,410869,24,0,1.2980658654635984,0.08094172953709672,1
9653,29,98031.0,salaried,610.0,30236.0,87073,12,0,0.07401825272957874,0.30843304668931254,1
9654,33,139403.0,self_employed,578.0,21305.0,337365,36,1,0.20167248911429453,0.15283028342288185,1
9655,34,72487.0,salaried,847.0,46422.0,279470,12,0,0.32128749522902955,0.6404182818988232,1
9656,30,82639.0,salaried,584.0,686.0,200015,6,1,0.20169552713206437,0.008301165309357567,1
9657,51,105731.0,self_employed,579.0,9166.0,276181,6,0,0.21767583143385888,0.08669169874492817,0
9658,57,139766.0,self_employed,,41465.0,209741,36,0,0.12505485358861718,0.2966744415666185,0
9659,43,118429.0,salaried,743.0,48726.0,216536,6,0,0.15236695966922517,0.4114363880468466,1
9660,47,148993.0,salaried,717.0,16457.0,118486,18,0,0.06627045118450756,0.11045485358372541,0
9661,26,145904.0,self_employed,514.0,16964.0,381981,18,0,0.21816913861168988,0.116268231165698,1
9662,46,85270.0,salaried,600.0,27716.0,328318,36,0,0.3208611860365115,0.3250381142254017,1
9663,22,100293.0,self_employed,767.0,24798.0,146365,6,0,0.1216145028400121,0.24725554126409618,0
9664,33,45328.0,salaried,534.0,12199.0,85691,18,0,0.15753875455935992,0.26912725026473705,1
9665,39,38138.0,salaried,850.0,17280.0,107731,6,0,0.2353973289981995,0.453091404898002,1
9666,21,24028.0,salaried,782.0,2433.0,374400,12,0,1.2984851007158316,0.1012568669885134,1
9667,60,58819.0,salaried,624.0,36720.0,278984,6,0,0.3952577681814833,0.624288070181404,1
9668,52,103627.0,salaried,723.0,7452.0,144272,6,0,0.1160186695230651,0.07191176044853176,0
9669,42,20312.0,salaried,660.0,2169.0,450868,36,0,1.8497604043586713,0.10678416699487987,1
9670,49,,salaried,512.0,46854.0,100109,12,1,0.20360766032915986,1.1435335464818295,1
9671,22,117126.0,contract,664.0,33590.0,347510,18,0,0.2472479779610562,0.2867851715246828,0
9672,60,59390.0,contract,757.0,26787.0,27977,18,0,0.03925604759499354,0.4510355278666442,1
9673,58,64956.0,self_employed,792.0,11526.0,452140,6,0,0.5800593222078535,0.17744319231479772,0
9674,31,114379.0,contract,613.0,2139.0,172876,24,0,0.12595260785050869,0.01870098532073195,0
9675,37,29063.0,salaried,619.0,28425.0,266617,24,0,0.7644800376194245,0.9780476895021161,1
9676,28,109306.0,contract,568.0,43343.0,48853,18,1,0.03724482950005794,0.39652901030135584,1
9677,42,108196.0,salaried,773.0,,181682,6,1,0.1399327763195189,0.4439905356944804,1
9678,24,24605.0,salaried,547.0,41273.0,287418,6,0,0.973440357650884,1.6774232879496038,1
9679,31,111185.0,salaried,836.0,2649.0,499143,12,0,0.3741084678688672,0.02382515627107973,0
9680,28,,contract,821.0,42849.0,90394,36,1,0.0639698472547754,0.3638795475389789,0
9681,29,,salaried,557.0,39821.0,395576,24,0,0.2509662405818507,0.30316480270420476,0
9682,46,87964.0,salaried,577.0,1489.0,411344,6,0,0.38968972155275644,0.01692737938247465,1
9683,22,17420.0,contract,703.0,,493959,18,0,2.36298794489093,1.9765786452353618,1
9684,36,99448.0,salaried,,48528.0,342467,24,0,0.28697325905665944,0.4879736143512187,1
9685,51,104897.0,salaried,762.0,43568.0,57446,36,0,0.04563683105014125,0.4153407628435513,0
9686,26,42728.0,salaried,602.0,35300.0,215446,6,0,0.4201889471384884,0.8261561505336079,0
9687,41,139826.0,self_employed,608.0,17039.0,343155,24,0,0.2045131091499435,0.12185859568320627,0
9688,46,72858.0,contract,764.0,3718.0,304567,6,0,0.34835684939654304,0.05103077218699388,0
9689,39,121716.0,contract,824.0,20366.0,494812,36,0,0.3387749624809666,0.16732393440467974,0
9690,48,91992.0,salaried,555.0,7444.0,35963,12,0,0.03257801403020553,0.08092008000695712,1
9691,28,114259.0,salaried,811.0,6209.0,369040,24,0,0.269154581550104,0.05434145231447851,0
9692,34,131185.0,salaried,751.0,7866.0,393043,36,0,0.24967475956346635,0.05996112360407059,0
9693,44,115282.0,salaried,799.0,36783.0,21699,12,0,0.015685449593171526,0.31906975937266874,1
9694,57,112677.0,salaried,571.0,22360.0,150014,12,1,0.11094692498616991,0.19844333803704395,1
9695,46,75049.0,salaried,640.0,49352.0,436434,36,0,0.4846100547642207,0.6575970366027528,1
9696,51,55213.0,self_employed,679.0,6611.0,474176,18,1,0.7156768635405912,0.11973629398873453,1
9697,52,19284.0,contract,702.0,29105.0,439892,36,0,1.9009368734010925,1.5092823065753993,1
9698,22,32585.0,salaried,770.0,8329.0,145143,6,0,0.37119073193187047,0.25560840877704466,0
9699,45,110131.0,salaried,609.0,44023.0,307433,18,0,0.2326267505667493,0.39973304519163544,0
9700,22,22131.0,salaried,581.0,33843.0,71237,12,0,0.2682398746855843,1.5292124169716688,1
9701,21,58382.0,salaried,583.0,,365515,24,0,0.5217290146506344,0.5865335206056661,1
9702,56,,salaried,,29853.0,142116,12,0,0.11601571301221579,0.2924442354600758,1
9703,32,68441.0,salaried,692.0,39713.0,103317,24,0,0.12579813269823645,0.580251603570959,0
9704,29,94220.0,contract,,37725.0,386622,24,1,0.34194969220972193,0.4003926979409892,1
9705,56,,salaried,720.0,44373.0,133032,36,1,0.4009258254674334,1.6047520885320603,1
9706,48,147737.0,salaried,688.0,20288.0,339912,36,0,0.1917326059145644,0.13732511151573404,0
9707,58,21918.0,self_employed,848.0,13627.0,463396,12,0,1.7618547921039025,0.6217264348936947,1
9708,53,38007.0,self_employed,843.0,28807.0,53458,36,0,0.11721086466528095,0.7579393269660852,1
9709,42,40035.0,salaried,839.0,44106.0,395861,12,0,0.8239894259189876,1.1016860247283626,1
9710,45,104352.0,self_employed,696.0,448.0,27898,36,1,0.022278761627312686,0.004293161606869059,1
9711,38,91749.0,salaried,800.0,68.0,117783,36,0,0.10697936762253539,0.0007411524921252547,0
9712,26,129049.0,self_employed,573.0,23480.0,339259,24,0,0.2190763456774817,0.1819463924555789,0
9713,38,103148.0,salaried,697.0,4908.0,138698,18,0,0.11205420043691265,0.047582115019195716,0
9714,36,37211.0,salaried,823.0,28208.0,187419,36,0,0.41972131896482223,0.7580554137217489,1
9715,35,41866.0,self_employed,759.0,7369.0,260395,36,0,0.5183104030318955,0.17601394926670808,1
9716,28,22344.0,salaried,698.0,,359396,12,0,1.3403896646377849,2.0618510562119585,1
9717,33,83737.0,self_employed,,34508.0,205616,24,0,0.204624797481002,0.4120997886239058,1
9718,27,85288.0,self_employed,636.0,28308.0,94503,24,0,0.09233714004314793,0.3319107025607354,1
9719,37,77546.0,salaried,845.0,26595.0,139254,18,0,0.14964666133649704,0.3429577283160963,1
9720,52,122879.0,salaried,674.0,36660.0,366129,18,0,0.24829913980419763,0.29834227166562227,1
9721,42,25327.0,self_employed,815.0,14252.0,472338,18,1,1.5541319540411418,0.5627196272752398,1
9722,33,42608.0,self_employed,807.0,45432.0,487572,36,0,0.9536002628614345,1.0662786331205407,1
9723,43,103534.0,self_employed,841.0,38811.0,412230,12,0,0.3317992157165762,0.37486236405432033,1
9724,49,131209.0,self_employed,803.0,49160.0,151112,6,0,0.0959741074672215,0.3746694205427981,0
9725,42,33007.0,self_employed,632.0,27628.0,136932,12,0,0.3457145453994607,0.8370345684248796,1
9726,21,40257.0,self_employed,526.0,31050.0,77642,24,1,0.160721530831077,0.7712944332662642,1
9727,49,100054.0,salaried,756.0,33018.0,196336,18,0,0.16352502981723202,0.3300017990285246,0
9728,25,44784.0,salaried,550.0,35164.0,271822,6,1,0.5058019233059426,0.7851911396927475,1
9729,55,59221.0,salaried,643.0,32891.0,217486,24,0,0.3060372728142607,0.5553942013812668,1
9730,30,36378.0,salaried,735.0,12921.0,312527,18,0,0.715924917990727,0.35518720105558305,1
9731,39,19696.0,salaried,659.0,9020.0,95538,6,0,0.4042191307879773,0.45796100731112915,1
9732,57,108531.0,contract,802.0,26010.0,143668,12,0,0.11031256814489256,0.23965502943859357,0
9733,27,49635.0,self_employed,770.0,48507.0,469771,24,0,0.788709244148954,0.977274100936839,1
9734,55,,self_employed,653.0,29589.0,346146,36,0,0.2038709723017337,0.2091257977651973,1
9735,33,73543.0,salaried,536.0,40440.0,265095,6,0,0.30038548876167687,0.5498823817358552,1
9736,30,26817.0,salaried,716.0,46174.0,339870,6,0,1.0561397620912107,1.7218182496177799,1
9737,22,70258.0,salaried,629.0,34845.0,349130,12,0,0.41410468084298824,0.49595775570041845,1
9738,26,146240.0,contract,575.0,16979.0,413088,12,0,0.23539387308533916,0.11610366520787746,0
9739,28,137475.0,salaried,787.0,35854.0,408439,24,0,0.247583803115718,0.2608037825059102,1
9740,56,80199.0,salaried,696.0,27278.0,205597,36,0,0.213632131738966,0.3401289292883951,0
9741,45,79948.0,salaried,810.0,23348.0,71747,18,0,0.0747850686279415,0.2920398258868264,0
9742,60,72782.0,salaried,716.0,34512.0,409626,6,0,0.4690101948283916,0.47418317715918773,1
9743,27,95759.0,salaried,598.0,,498725,6,0,0.4340105542734016,0.3424221222026128,1
9744,43,76599.0,salaried,811.0,,126825,24,0,0.13797503883862713,0.06490946357002049,0
9745,39,31291.0,self_employed,784.0,16015.0,129550,18,0,0.3450140082877931,0.5118085072385031,1
9746,42,123945.0,salaried,729.0,24538.0,30727,18,0,0.02065902887033227,0.19797490822542257,0
9747,33,102057.0,self_employed,608.0,,336205,18,1,0.27452387717974597,0.3118845351127311,1
9748,41,105251.0,contract,839.0,15020.0,387073,24,0,0.3064681887424664,0.14270648259874016,1
9749,21,102154.0,self_employed,663.0,262.0,411639,6,0,0.33579938132623294,0.0025647551735614857,1
9750,39,109535.0,self_employed,615.0,44460.0,193051,12,0,0.14687162398624487,0.40589765828274066,1
9751,53,16573.0,salaried,570.0,15142.0,97236,6,0,0.48892777409038796,0.9136547396367586,1
9752,24,23577.0,self_employed,,34353.0,336837,12,0,1.1905564745302626,1.457055605038809,1
9753,23,44948.0,salaried,837.0,49584.0,229918,12,0,0.42626664886832194,1.10314140784907,1
9754,47,92700.0,salaried,552.0,41519.0,486722,24,0,0.4375422509888529,0.4478856526429342,1
9755,55,20217.0,salaried,584.0,12336.0,484033,18,0,1.9951567162948673,0.6101795518622941,1
9756,48,75178.0,salaried,841.0,22695.0,335117,24,0,0.37147059866805004,0.30188352975604565,1
9757,26,100062.0,salaried,575.0,18872.0,196561,12,0,0.16369933974269285,0.1886030660990186,1
9758,26,111806.0,self_employed,766.0,45649.0,148558,6,0,0.1107260194742083,0.40828756954009626,1
9759,43,124657.0,self_employed,747.0,,218435,12,0,0.14602402325313996,0.36326078760117764,0
9760,53,82035.0,contract,831.0,22455.0,351791,24,0,0.35735864773165926,0.2737246297312123,0
9761,36,108075.0,salaried,785.0,16597.0,461302,6,0,0.355695890199707,0.15356928059218136,1
9762,44,36629.0,self_employed,578.0,9857.0,192651,18,0,0.4382934287040323,0.26910371563515245,1
9763,25,106282.0,salaried,606.0,48281.0,282832,24,0,0.22176223004208928,0.4542725955476939,1
9764,33,61007.0,self_employed,581.0,40689.0,161376,36,1,0.22043372072057305,0.6669562509220254,1
9765,32,17039.0,self_employed,701.0,3478.0,32862,12,0,0.16071952579376725,0.20411996009155467,1
9766,25,121615.0,self_employed,729.0,16248.0,266579,18,0,0.1826659266263756,0.1336019405500966,0
9767,57,18857.0,salaried,726.0,35565.0,353896,18,0,1.5639461915115518,1.886037015431935,1
9768,51,106432.0,salaried,519.0,45522.0,497387,6,0,0.3894403625476047,0.427709711365003,1
9769,48,95977.0,salaried,767.0,35159.0,464669,24,0,0.40345516807846327,0.3663273492607604,1
9770,48,27735.0,self_employed,822.0,21749.0,490587,12,0,1.474031007751938,0.7841716243014242,1
9771,50,61051.0,self_employed,677.0,42043.0,120964,36,0,0.16511332055712982,0.688653748505348,1
9772,38,139822.0,salaried,639.0,38529.0,468016,12,0,0.2789355990712,0.275557494528758,0
9773,47,67693.0,salaried,809.0,13149.0,489186,24,0,0.6022114546555773,0.19424460431654678,0
9774,55,122942.0,salaried,579.0,7216.0,390938,18,0,0.2649880973684068,0.0586943436742529,1
9775,46,84152.0,salaried,681.0,27301.0,313413,36,0,0.3103639842190322,0.3244248502709383,1
9776,59,95919.0,self_employed,573.0,34718.0,117564,6,0,0.10213826249231123,0.3619512296833787,1
9777,38,44756.0,salaried,646.0,46332.0,222270,24,0,0.413855125569756,1.0352131557779962,1
9778,53,149966.0,self_employed,732.0,847.0,250330,12,1,0.13910375240610093,0.005647946867956737,1
9779,45,131412.0,salaried,641.0,21886.0,255829,24,1,0.1622308718635538,0.16654491218457979,0
9780,51,119531.0,salaried,649.0,4671.0,499077,6,0,0.34794111987685206,0.039077728790021,0
9781,57,68214.0,self_employed,631.0,41504.0,329017,12,0,0.4019421721836182,0.6084381505262849,1
9782,22,84817.0,salaried,738.0,4153.0,368812,36,0,0.3623605330692353,0.04896424065930179,1
9783,53,78862.0,self_employed,814.0,8571.0,355092,12,0,0.37522507671628924,0.1086835231163298,0
9784,59,128084.0,salaried,661.0,46033.0,327474,12,0,0.21305939851972144,0.359396958246151,0
9785,52,43333.0,salaried,819.0,30456.0,234239,6,0,0.4504630804852345,0.7028361756628897,1
9786,38,139361.0,salaried,749.0,9353.0,458810,12,0,0.27435341786200346,0.06711346789991461,0
9787,37,112330.0,salaried,627.0,65.0,29465,24,0,0.021858957239087214,0.000578652185524793,0
9788,54,54288.0,self_employed,773.0,14301.0,354566,18,0,0.5442669957756164,0.2634283819628647,1
9789,59,93588.0,salaried,581.0,17181.0,380460,6,0,0.3387720647946318,0.1835812283626106,1
9790,27,130784.0,contract,731.0,10008.0,338771,6,0,0.21585910101133676,0.0765231220944458,0
9791,55,47175.0,self_employed,530.0,5290.0,417921,6,0,0.7382458929517753,0.11213566507684154,1
9792,50,23915.0,salaried,733.0,31474.0,464607,24,0,1.618952540246707,1.3160777754547355,1
9793,32,96658.0,contract,583.0,631.0,184537,24,0,0.15909788463793306,0.006528171491237146,1
9794,55,124735.0,salaried,,28351.0,153138,24,0,0.10230889485709704,0.22728985449152203,0
9795,31,87454.0,salaried,701.0,36026.0,387362,24,1,0.36911023700078516,0.4119422782262675,1
9796,24,110973.0,self_employed,750.0,39869.0,188514,12,0,0.1415614608958936,0.35926756958899914,1
9797,45,126342.0,salaried,584.0,40201.0,342565,6,0,0.22595085825246816,0.31819189184910796,1
9798,52,28805.0,contract,682.0,8383.0,498348,6,0,1.4417288665162298,0.29102586356535326,1
9799,40,69716.0,contract,765.0,35567.0,181517,36,0,0.21697195287547574,0.5101698318893798,1
9800,51,148943.0,contract,570.0,22109.0,187653,18,0,0.10499150681804449,0.148439335853313,0
9801,24,117793.0,contract,521.0,1149.0,119354,12,1,0.08443767173487955,0.009754399667212822,1
9802,58,52375.0,salaried,575.0,19387.0,317064,18,0,0.5044773269689737,0.3701575178997613,1
9803,21,125415.0,self_employed,768.0,36313.0,441719,12,1,0.2935048970750442,0.2895427181756568,0
9804,23,20834.0,salaried,,45399.0,191529,12,0,0.7660914850724777,2.17908226936738,1
9805,57,57680.0,self_employed,850.0,19.0,194863,12,0,0.28152883726306055,0.00032940360610263523,0
9806,42,143802.0,salaried,739.0,28276.0,330550,6,0,0.1915538958660751,0.1966314793952796,0
9807,37,18399.0,self_employed,550.0,41392.0,177998,18,1,0.8061941772197765,2.2496874830153812,1
9808,34,120908.0,contract,582.0,,492075,18,0,0.3391524961127469,0.008262480563734409,0
9809,55,91493.0,salaried,589.0,2534.0,74939,24,0,0.06825567711919674,0.02769610789896495,0
9810,33,121035.0,salaried,512.0,28538.0,96876,18,0,0.06669971495848308,0.23578303796422523,1
9811,55,141766.0,salaried,656.0,4425.0,252465,24,0,0.14840476559965013,0.031213408010383307,0
9812,22,107674.0,self_employed,698.0,18074.0,72793,36,1,0.05633749404065358,0.1678585359511117,1
9813,33,96344.0,self_employed,653.0,40242.0,440481,24,0,0.3809967408453043,0.417690774723906,1
9814,36,108779.0,self_employed,697.0,6328.0,20173,12,0,0.015454116450172674,0.0581729929490067,0
9815,38,26809.0,self_employed,,8526.0,226224,6,0,0.7031966876795106,0.3180275280689321,1
9816,27,145306.0,salaried,617.0,2553.0,125558,12,0,0.07200780880807858,0.017569818176813072,0
9817,56,74151.0,self_employed,650.0,18894.0,236895,36,0,0.26623039473506765,0.2548043856455071,1
9818,50,99661.0,salaried,743.0,38820.0,224118,6,0,0.18740028697283792,0.38952047440824394,0
9819,27,71632.0,salaried,,39906.0,364512,36,0,0.4240562876926513,0.5570973866428411,1
9820,35,134847.0,salaried,712.0,10242.0,34389,12,0,0.021251863222763578,0.07595274644597211,1
9821,60,81533.0,self_employed,774.0,43676.0,340938,6,0,0.34846626519323465,0.5356849373873156,1
9822,39,,contract,743.0,,278125,36,0,0.1804239744458024,0.11112495037327084,0
9823,57,86889.0,self_employed,677.0,9748.0,25835,24,0,0.024777781614090007,0.11218911484767922,0
9824,22,99239.0,contract,607.0,39911.0,309206,18,0,0.2596475847868949,0.40217051763923456,1
9825,33,116511.0,salaried,790.0,43305.0,168237,12,1,0.12032984010093467,0.3716816437932899,0
9826,60,72942.0,contract,676.0,10357.0,236560,24,0,0.27026038953323644,0.1419895259247073,0
9827,51,24275.0,salaried,673.0,25364.0,437963,36,1,1.50347751458977,1.0448609680741503,1
9828,36,34965.0,salaried,592.0,49793.0,313413,36,1,0.746968396968397,1.4240812240812242,1
9829,26,112955.0,salaried,599.0,48836.0,163033,6,0,0.12027872456583005,0.4323491655969191,1
9830,48,129178.0,self_employed,680.0,7370.0,407432,24,0,0.26283629307364,0.057053058570344796,1
9831,52,104086.0,salaried,658.0,19490.0,268043,36,1,0.2146005866943361,0.18724900562995983,1
9832,30,41878.0,salaried,595.0,30749.0,135120,6,0,0.2688762596112517,0.7342518744925737,1
9833,38,140664.0,salaried,731.0,21302.0,407809,18,0,0.24159758952776356,0.15143888983677414,0
9834,24,128174.0,salaried,750.0,10496.0,221553,18,1,0.14404442398614384,0.08188868257212852,1
9835,29,79746.0,salaried,839.0,48508.0,115727,6,0,0.12093292035546192,0.6082812931056103,1
9836,27,114458.0,salaried,566.0,43189.0,271465,24,0,0.19764527890871178,0.37733491761170035,1
9837,28,143684.0,salaried,736.0,4303.0,412989,6,0,0.23952388574928316,0.029947662926978647,0
9838,27,54935.0,salaried,518.0,41838.0,54627,6,0,0.08286611449895331,0.76159097114772,1
9839,60,47784.0,salaried,786.0,44672.0,78694,24,0,0.1372391037446286,0.9348735978570233,1
9840,23,54865.0,salaried,787.0,40510.0,23919,18,1,0.03633008293083022,0.7383577872960904,1
9841,37,112081.0,salaried,,48566.0,489618,36,0,0.3640358312292003,0.43331162284419306,1
9842,22,93701.0,self_employed,,34380.0,124694,18,0,0.11089707331476363,0.3669117725531211,1
9843,35,26654.0,salaried,602.0,29082.0,315460,24,0,0.9862809834671469,1.091093269302919,1
9844,49,32830.0,salaried,658.0,45438.0,467428,12,0,1.1864859376586456,1.3840389887298203,1
9845,42,57425.0,salaried,694.0,24016.0,400406,24,0,0.5810564504426063,0.4182150631258163,1
9846,24,92355.0,salaried,550.0,3464.0,343126,18,0,0.3096078537527295,0.03750744410156461,1
9847,26,,salaried,723.0,23364.0,282310,18,0,0.19120631127799587,0.18989101016750787,1
9848,58,62405.0,salaried,701.0,25146.0,425168,24,0,0.5677536522180381,0.4029484816921721,1
9849,46,20391.0,salaried,591.0,9366.0,38784,24,0,0.15850129959295767,0.4593202883625129,1
9850,31,30091.0,salaried,654.0,21610.0,182494,24,0,0.5053947470450744,0.7181549300455286,1
9851,46,45237.0,salaried,675.0,49431.0,219778,18,1,0.40486401249714465,1.0927117182837058,1
9852,37,128268.0,salaried,609.0,6215.0,62607,6,0,0.040674603174603176,0.04845323853182399,0
9853,44,73353.0,salaried,798.0,35438.0,400021,12,0,0.4544474436401147,0.48311589164724006,1
9854,48,89500.0,salaried,,27128.0,474305,6,0,0.4416247672253259,0.3031061452513967,1
9855,55,127780.0,contract,678.0,22241.0,147328,18,0,0.09608180727291699,0.17405697292221003,1
9856,51,41968.0,salaried,725.0,15285.0,350301,6,0,0.6955716260007625,0.36420606176134196,1
9857,33,140401.0,salaried,,7668.0,476180,24,0,0.2826309404254006,0.05461499561968932,0
9858,55,43285.0,salaried,,39070.0,318313,36,0,0.612823918986562,0.9026221554811136,1
9859,36,118507.0,salaried,827.0,38037.0,386914,24,0,0.2720753485729394,0.3209683816145882,1
9860,35,30430.0,salaried,708.0,20493.0,166365,12,0,0.4555948077555044,0.673447255997371,1
9861,38,33256.0,salaried,602.0,34820.0,115729,24,0,0.28999528907064387,1.0470291075294684,1
9862,57,136946.0,self_employed,540.0,,222780,36,0,0.1355643830414908,0.02238838666335636,0
9863,47,46188.0,self_employed,,11902.0,262402,18,0,0.47343104991195406,0.25768597904217544,1
9864,55,70134.0,salaried,779.0,9049.0,20542,6,0,0.024408037946407352,0.12902443893118887,0
9865,55,67657.0,salaried,529.0,11992.0,488283,24,0,0.6014196609367841,0.1772469958762582,1
9866,48,51088.0,salaried,742.0,12753.0,312390,6,0,0.5095619323520201,0.24962809270278735,1
9867,59,65106.0,salaried,551.0,23630.0,273902,12,0,0.350584687535199,0.3629465794243234,1
9868,58,147667.0,salaried,556.0,40540.0,64544,6,0,0.03642429701061623,0.2745366263281573,1
9869,29,82824.0,salaried,689.0,14061.0,389207,12,0,0.39160046202389004,0.16976963199072734,1
9870,32,120149.0,salaried,578.0,14512.0,269298,12,0,0.18678058077886625,0.12078336066051319,0
9871,35,109547.0,salaried,695.0,38654.0,403844,24,1,0.3072075608338582,0.35285311327558033,1
9872,41,136624.0,salaried,696.0,26432.0,358617,36,0,0.21873719112308232,0.19346527696451576,0
9873,55,32878.0,salaried,530.0,12419.0,310394,6,0,0.7867317557840096,0.37772978891660075,1
9874,53,75690.0,self_employed,831.0,,437717,12,0,0.4819185713656582,0.551407055093143,1
9875,39,92838.0,contract,529.0,15651.0,206566,12,0,0.18541796821703757,0.16858398500613972,0
9876,43,123484.0,contract,612.0,28338.0,120064,12,1,0.08102534201461997,0.22948722101648797,1
9877,33,146279.0,salaried,637.0,23929.0,95957,18,0,0.05466551361895191,0.1635846567176423,0
9878,21,16083.0,salaried,721.0,12631.0,353453,6,0,1.83140065079069,0.7853634272212896,1
9879,49,18311.0,salaried,671.0,31204.0,269705,6,1,1.2274270474942202,1.7041122822347223,1
9880,44,38135.0,salaried,654.0,40081.0,231074,12,0,0.5049473362178226,1.0510292382325948,1
9881,36,72109.0,salaried,775.0,34323.0,399533,6,0,0.4617234556943886,0.47598774078131717,1
9882,45,76354.0,salaried,719.0,22073.0,496164,6,0,0.5415171438300548,0.28908767058700263,1
9883,43,121892.0,self_employed,775.0,49729.0,84336,18,0,0.057657598529846095,0.40797591310340303,0
9884,48,,salaried,511.0,29016.0,288454,12,0,0.31123785601146314,0.3756943275542838,0
9885,36,104468.0,salaried,584.0,38284.0,450464,6,0,0.3593317251853837,0.3664662863269135,1
9886,58,66588.0,self_employed,721.0,38461.0,236695,36,0,0.29621828757934365,0.5775965639454557,0
9887,31,46716.0,salaried,548.0,14235.0,427082,12,0,0.7618410537431858,0.3047135884921654,1
9888,23,142558.0,self_employed,679.0,45.0,223867,6,1,0.13086311068711215,0.00031566099412169083,1
9889,35,93255.0,salaried,509.0,,397573,18,0,0.35527406930816935,0.10858399013457723,0
9890,21,142326.0,salaried,760.0,38492.0,38618,36,0,0.022611235239286334,0.27044953135758754,0
9891,27,136921.0,salaried,,33748.0,201837,24,0,0.12284273413136042,0.2464778960130294,1
9892,21,108481.0,self_employed,685.0,21931.0,351216,24,0,0.26979839787612575,0.20216443432490483,1
9893,52,90018.0,salaried,728.0,3294.0,462126,36,0,0.42780888266791084,0.03659268146370726,0
9894,29,61873.0,salaried,657.0,19938.0,36941,24,0,0.04975379675572005,0.3222407188919238,0
9895,49,145241.0,salaried,772.0,30925.0,197670,36,0,0.11341494481585779,0.21292197106877533,0
9896,46,109672.0,contract,822.0,7729.0,165065,6,0,0.12542323169693875,0.07047377635130206,1
9897,43,62672.0,salaried,520.0,44684.0,310930,24,0,0.41343555867585735,0.7129818738830738,1
9898,49,,salaried,515.0,49409.0,60198,24,0,0.23751242838880735,2.3393305241229108,1
9899,58,114332.0,salaried,782.0,36811.0,468430,36,0,0.34142526443457066,0.3219658538291992,1
9900,53,97445.0,contract,614.0,10202.0,379418,6,0,0.3244719243333846,0.10469495612909846,0
9901,27,82863.0,salaried,505.0,43553.0,258935,6,0,0.26040472426374456,0.5256025005128948,0
9902,32,64987.0,salaried,797.0,,233849,12,0,0.2998663835331169,0.10695985350916337,0
9903,51,115787.0,salaried,758.0,16636.0,473581,12,0,0.3408420922325765,0.14367761493086442,0
9904,52,143215.0,salaried,539.0,22084.0,278286,6,0,0.16192787068393674,0.1542017246796774,0
9905,40,112083.0,salaried,775.0,42172.0,349490,36,0,0.2598446389431641,0.3762568810613563,0
9906,37,46688.0,salaried,731.0,6296.0,300884,18,0,0.5370473497829563,0.1348526387936943,0
9907,56,123034.0,self_employed,506.0,14026.0,198009,18,0,0.1341153664840613,0.1140010078514882,1
9908,23,123406.0,salaried,814.0,18586.0,230959,12,0,0.15596148755598052,0.1506085603617328,0
9909,21,22304.0,salaried,,19225.0,204289,24,0,0.7632748983739838,0.861953012912482,1
9910,47,29947.0,salaried,807.0,33038.0,360029,18,1,1.0018504914237374,1.103215681036498,1
9911,60,,self_employed,520.0,30204.0,49377,24,0,0.16798326189018167,1.2330679730557257,1
9912,53,39707.0,salaried,510.0,19523.0,445280,24,0,0.9345119668236499,0.4916765305865465,1
9913,40,,salaried,549.0,,310159,6,0,0.4340753616373326,0.17417372027408304,1
9914,34,115770.0,salaried,764.0,41804.0,334802,18,0,0.2409965160807348,0.36109527511445105,0
9915,56,,salaried,544.0,28329.0,73539,18,1,0.20436355754160135,0.9447093740620935,1
9916,25,,contract,784.0,28429.0,371394,24,0,0.38210674469424794,0.350988308208946,0
9917,43,24993.0,self_employed,817.0,45275.0,143626,24,0,0.47888742181144056,1.8115072220221662,1
9918,35,26465.0,salaried,770.0,3623.0,108855,6,1,0.34276402796145855,0.13689778953334591,1
9919,26,97071.0,salaried,774.0,21378.0,134928,36,0,0.1158327409834039,0.22023055289427326,0
9920,53,47640.0,contract,534.0,9294.0,33636,18,1,0.05883711167086482,0.19508816120906802,1
9921,39,90997.0,salaried,640.0,750.0,101270,18,0,0.09274115263873169,0.008242029957031551,0
9922,33,27366.0,salaried,643.0,24123.0,106940,6,1,0.3256473970133255,0.8814952861214645,1
9923,49,44895.0,salaried,822.0,43327.0,224520,6,0,0.4167501948992093,0.9650740616995211,1
9924,26,16785.0,salaried,744.0,8014.0,463520,36,0,2.3012610465693575,0.47745010425975576,1
9925,35,21242.0,contract,850.0,42732.0,111064,24,0,0.4357091297115777,2.011674983523209,1
9926,36,39529.0,self_employed,810.0,29259.0,412314,18,0,0.869222596068709,0.7401907460345569,1
9927,44,127616.0,salaried,692.0,46897.0,66728,24,0,0.043573428619190904,0.36748526830491474,0
9928,43,79399.0,salaried,534.0,44230.0,400771,18,0,0.4206297728350903,0.5570599125933576,1
9929,30,21356.0,salaried,771.0,48046.0,115695,6,0,0.451453923955797,2.249765873759131,1
9930,37,100380.0,salaried,677.0,12392.0,153646,6,0,0.12755362954107724,0.12345088663080295,0
9931,50,33220.0,salaried,769.0,41466.0,443753,6,0,1.1131672687136263,1.2482239614689945,1
9932,30,112222.0,contract,817.0,33096.0,334596,36,0,0.24846286824330346,0.2949154354761099,0
9933,39,103198.0,salaried,,14643.0,146095,18,0,0.11797305503336628,0.14189228473420026,0
9934,49,49261.0,salaried,598.0,43663.0,59715,6,0,0.10101804673067945,0.8863604068126916,1
9935,22,145792.0,salaried,528.0,20271.0,59669,36,0,0.03410623811091601,0.1390405509218613,0
9936,56,118467.0,contract,649.0,15386.0,266836,24,0,0.18770065362787386,0.129875830400027,0
9937,39,57380.0,self_employed,707.0,28822.0,151406,36,0,0.219887881956547,0.5023004531195538,0
9938,27,94833.0,salaried,848.0,39084.0,164258,36,0,0.14433969890931075,0.41213501629179716,1
9939,46,119008.0,salaried,761.0,10962.0,213170,12,0,0.14926867661557766,0.09211145469212154,1
9940,35,103324.0,self_employed,709.0,12131.0,66632,24,1,0.05374033783696592,0.11740737873098216,1
9941,58,142718.0,self_employed,588.0,35861.0,173892,12,0,0.10153589596266764,0.25127173867346797,1
9942,23,119992.0,contract,736.0,6953.0,277263,18,1,0.19255658710580706,0.05794552970198013,0
9943,58,42011.0,salaried,747.0,27500.0,196570,36,0,0.3899177199622321,0.6545904644021804,1
9944,36,,salaried,757.0,13856.0,349410,36,1,0.26813422596299946,0.12759570138038365,1
9945,22,133339.0,self_employed,691.0,17004.0,189095,36,0,0.11817935237752396,0.12752458020534127,0
9946,51,98940.0,self_employed,595.0,38958.0,247927,36,0,0.20881931810524898,0.39375379017586415,1
9947,48,,salaried,,9823.0,253229,12,0,0.2075436594969036,0.09660985276906282,1
9948,27,128570.0,salaried,595.0,44366.0,234716,18,0,0.15213243110108632,0.3450727230302559,0
9949,50,79583.0,contract,536.0,31609.0,20911,12,0,0.021896426791316405,0.3971828154254049,1
9950,27,78056.0,salaried,733.0,42797.0,376422,36,0,0.4018717331146869,0.5482858460592395,1
9951,56,96468.0,salaried,,4935.0,115976,18,0,0.10018520822103358,0.05115686030600821,1
9952,49,137897.0,salaried,679.0,30514.0,408002,24,1,0.24656204751855854,0.22128110111169932,1
9953,44,27017.0,salaried,824.0,9752.0,444967,12,0,1.3724907774117532,0.36095791538660843,1
9954,59,52880.0,self_employed,569.0,16270.0,442843,6,1,0.6978741174987393,0.30767776096822996,1
9955,24,16355.0,salaried,606.0,39481.0,198955,24,0,1.0137317843676756,2.4140018343014367,1
9956,49,121360.0,salaried,770.0,22458.0,441296,24,0,0.3030213139969238,0.18505273566249175,1
9957,25,73936.0,salaried,546.0,23065.0,225135,36,0,0.2537498647478901,0.31195899156026835,1
9958,49,62266.0,contract,607.0,41003.0,77339,36,1,0.10350619385646527,0.6585134744483345,1
9959,50,114138.0,self_employed,568.0,45652.0,230755,24,0,0.1684766101853312,0.3999719637631639,1
9960,49,75656.0,self_employed,807.0,28693.0,229314,12,0,0.2525840647139685,0.3792561065877128,0
9961,46,69104.0,self_employed,501.0,16237.0,410444,18,0,0.4949592884155283,0.23496469090067146,1
9962,39,91844.0,salaried,718.0,28897.0,195912,12,0,0.1777579373720657,0.31463133138800575,1
9963,46,,self_employed,544.0,20853.0,253708,12,0,1.3239610077859185,1.305842569979335,1
9964,57,113896.0,self_employed,732.0,,460124,24,0,0.3366550771464026,0.29671805857975697,1
9965,47,15254.0,self_employed,688.0,9024.0,202239,12,0,1.1048413530877148,0.5915825357283335,1
9966,50,80516.0,salaried,847.0,11585.0,449643,18,0,0.4653764469173829,0.14388444532763675,0
9967,50,108077.0,salaried,621.0,14092.0,229401,24,0,0.1768808349602598,0.13038851929642756,0
9968,23,82967.0,self_employed,564.0,45427.0,492020,12,0,0.4941924700985532,0.5475309460387865,1
9969,27,65117.0,salaried,648.0,7800.0,249774,36,0,0.31964771104319917,0.11978438810141745,1
9970,29,16737.0,salaried,,17772.0,129154,12,0,0.6430563024038557,1.0618390392543466,1
9971,33,97404.0,salaried,,7672.0,97122,24,0,0.08309207014085664,0.07876473245451932,0
9972,35,27911.0,salaried,849.0,38200.0,494042,24,1,1.4750516522756858,1.3686360216402136,1
9973,25,37635.0,self_employed,558.0,42229.0,302625,36,0,0.670087684336389,1.1220672246578982,1
9974,49,66179.0,salaried,614.0,49909.0,35993,24,0,0.04532278618091338,0.7541516190936702,1
9975,55,78545.0,self_employed,615.0,26364.0,437669,6,0,0.4643505845905744,0.3356547202240754,1
9976,47,140918.0,salaried,736.0,8043.0,342744,24,0,0.20268524957776862,0.057075746178628706,0
9977,47,63604.0,contract,546.0,5192.0,314927,12,0,0.4126142485797539,0.08163008615810326,1
9978,28,89332.0,salaried,608.0,19217.0,57142,18,0,0.05330490007313542,0.2151188823713787,0
9979,52,64119.0,self_employed,773.0,40463.0,74622,12,0,0.09698373337076374,0.6310609959606357,1
9980,40,97888.0,salaried,612.0,35829.0,124817,24,0,0.10625834286803966,0.36602034978751224,1
9981,30,76604.0,salaried,532.0,39796.0,463944,6,0,0.504699493499034,0.519502898020991,1
9982,33,31820.0,salaried,779.0,27368.0,445885,12,0,1.1677273203435994,0.860087994971716,1
9983,49,91502.0,contract,791.0,45621.0,164322,18,1,0.14965246661275164,0.4985792660269721,0
9984,55,127271.0,salaried,815.0,19627.0,80278,12,0,0.05256368955483443,0.15421423576462823,0
9985,28,82345.0,salaried,661.0,45357.0,143257,36,0,0.1449764203452952,0.5508166858947112,1
9986,49,55875.0,salaried,589.0,49055.0,418390,6,0,0.6239970171513796,0.8779418344519015,1
9987,51,,salaried,550.0,,313071,24,0,0.3032188142862124,0.08899245708441325,1
9988,50,85793.0,contract,643.0,34492.0,460451,12,0,0.44724996988876325,0.40203746226382103,0
9989,42,19909.0,salaried,,9125.0,402317,12,0,1.6839829557821422,0.4583354261891607,1
9990,41,107881.0,self_employed,669.0,33322.0,29571,12,0,0.022842298458486666,0.30887737414373245,0
9991,32,29866.0,salaried,515.0,24579.0,206139,12,1,0.5751774593182883,0.8229759592848055,1
9992,31,105404.0,salaried,632.0,34052.0,280273,18,0,0.22158630918497715,0.3230617433873477,0
9993,22,80997.0,salaried,669.0,12260.0,490257,36,0,0.5043983110485574,0.15136363075175624,1
9994,22,43460.0,salaried,529.0,21360.0,143633,36,0,0.2754122564810554,0.49148642429820527,1
9995,54,63500.0,salaried,659.0,15929.0,54075,6,0,0.07096456692913386,0.2508503937007874,0
9996,23,27128.0,salaried,646.0,44580.0,29850,6,0,0.09169492774992627,1.643320554408729,1
9997,36,20202.0,self_employed,806.0,29081.0,90068,18,0,0.37153087153087155,1.4395109395109396,1
9998,24,116243.0,salaried,736.0,46826.0,420322,36,0,0.30132423744512216,0.4028285574185112,1
9999,43,94258.0,salaried,674.0,30984.0,254150,6,0,0.2246935715447672,0.3287148040484627,1
10000,40,145388.0,salaried,571.0,6158.0,118357,24,0,0.06783973459524399,0.0423556276996726,1
